/*******************************************************************************
 * Size: 24 px
 * Bpp: 2
 * Opts: --size 24 --bpp 2 --format lvgl --font /mnt/c/Windows/Fonts/simhei.ttf -r 0x20-0x7e --symbols “”…▂▄▆○●、。一上下不与丢两严个中为主也争事于产亲人仅仍从以件任休优会但位低住体何余你使供保信倦值停像儿先克入全共关内再写冲决准出击分切刚创删别到刷前剩功加务动包单占即及发取口只叫可台号各同后向听启呆员呢味呼和品响哭唤喜器回困图在地均块增声备复多大天失头女好始媒字存安完定害密对导将小尚就局层屏已帧常幕平序应底建开弃引弹当录待微心必忙态思性怪息情惊惑意成我或户房所手打执扫扬投抢报拉拒拨择持挂指按换授接控提搞摄摸播放效数文断新无时明是显普智暂更最有服期未本机权束条来松果查栈样格档检横次止正此步段气永求泣活测消涵添源灵点热爱爸版状现理生用由电男界留的监盖直看眠眨眼知码确示离私程空立竞端笑等管系累级线经绑结给络绝统继绪续缓网置美羞考聆聊联能自至航色菜行表被要覆视角解触计让讯讲讶论设访证识诊词试话详语误说请调象败资起超趣跳转轻输过运近返这进远连退送选递逗通遗都配酷醒采里重量钛钟铃错闭问闲间阈防阶际除隐难集需震静面音页须预频风首验高麦龄（），：；🛜互册固家并庭校注浏清登硬览账钥方繁足交凭恢据法°℃ --no-kerning --lv-include lvgl.h --lv-font-name ui_font_cn_24 --lv-fallback ui_font_cn_16 -o platforms/esp-idf/components/starter_product/src/ui_font_cn_24.c
 ******************************************************************************/

#ifdef LV_LVGL_H_INCLUDE_SIMPLE
#include "lvgl.h"
#else
#include "lvgl.h"
#endif

#ifndef UI_FONT_CN_24
#define UI_FONT_CN_24 1
#endif

#if UI_FONT_CN_24

/*-----------------
 *    BITMAPS
 *----------------*/

/*Store the image of the glyphs*/
static LV_ATTRIBUTE_LARGE_CONST const uint8_t glyph_bitmap[] = {
    /* U+0020 " " */

    /* U+0021 "!" */
    0x7c, 0x1f, 0xfc, 0x54, 0x3f, 0x90, 0xff, 0xe3,
    0x50, 0x8, 0x1a, 0x1a, 0x83, 0x80,

    /* U+0022 "\"" */
    0xf0, 0x3c, 0x1f, 0xf2, 0x1e, 0x50, 0x58,

    /* U+0023 "#" */
    0xd, 0xa0, 0xb0, 0xe4, 0x40, 0xa0, 0xff, 0xe2,
    0xe1, 0xd8, 0x1f, 0x27, 0xc5, 0x98, 0x7f, 0x9b,
    0xc3, 0xe8, 0xf2, 0x1b, 0x6, 0x1e, 0x44, 0x3f,
    0xf8, 0x4a, 0xa, 0xe3, 0xe1, 0xf3, 0x87, 0xf9,
    0x58, 0xfc, 0x5e, 0xf, 0x91, 0xf, 0x61, 0xff,
    0xc2, 0xc3, 0x80,

    /* U+0024 "$" */
    0xd, 0xa1, 0xff, 0xc4, 0x72, 0xd0, 0xa8, 0x1a,
    0x9, 0x32, 0x48, 0x44, 0x28, 0x43, 0xf5, 0x4,
    0x50, 0x4a, 0x4, 0x41, 0xf3, 0x2, 0x81, 0xce,
    0x7, 0xf, 0x90, 0x41, 0xef, 0x9, 0x68, 0x7f,
    0x61, 0xf6, 0x21, 0x21, 0x28, 0xca, 0x10, 0x24,
    0x34, 0x85, 0x65, 0xa1, 0xff, 0xc4, 0x90, 0xc0,

    /* U+0025 "%" */
    0xf, 0xfe, 0xb, 0xe0, 0xe8, 0x29, 0x30, 0xa8,
    0x4, 0xa0, 0x7f, 0xf0, 0xec, 0x3f, 0xca, 0xf,
    0xe6, 0xc, 0x8e, 0x9, 0xe, 0x66, 0x60, 0xf5,
    0xe6, 0x6f, 0x7, 0x94, 0x28, 0xc3, 0xb9, 0x28,
    0x1f, 0xb0, 0xfd, 0x40, 0xff, 0xe0, 0xe1, 0xf5,
    0x81, 0x28, 0x1c, 0x85, 0x26, 0x0,

    /* U+0026 "&" */
    0xd, 0xf2, 0x1f, 0x62, 0x41, 0xe8, 0xa8, 0x43,
    0xe4, 0x3f, 0xf8, 0x38, 0x7d, 0x8b, 0xc1, 0xc9,
    0x46, 0xf, 0xe6, 0xf, 0xb0, 0x21, 0xf6, 0x69,
    0x3, 0x84, 0x48, 0x58, 0x3f, 0x65, 0xc, 0x3e,
    0x82, 0x44, 0x50, 0x10, 0xa0, 0x45, 0xd8, 0x88,
    0x19, 0x12, 0x9a, 0x0,

    /* U+0027 "'" */
    0xf2, 0x84, 0x3d, 0xa0,

    /* U+0028 "(" */
    0xf, 0xfb, 0xc1, 0xa3, 0x9, 0x50, 0x69, 0x41,
    0x24, 0x1a, 0x43, 0xd8, 0x64, 0x43, 0x61, 0xff,
    0xc8, 0xc3, 0xff, 0x82, 0x88, 0x73, 0x7, 0x42,
    0x1c, 0xc1, 0xd1, 0x87, 0x66, 0x1d, 0xc0,

    /* U+0029 ")" */
    0xf, 0xdc, 0x1c, 0xb0, 0x69, 0x83, 0xa2, 0xe,
    0x90, 0xe4, 0x83, 0x94, 0x1d, 0x87, 0x90, 0xfc,
    0x87, 0x90, 0xc8, 0x7f, 0xf0, 0x64, 0x3d, 0x86,
    0x84, 0x25, 0x41, 0xa5, 0x5, 0x90, 0x6b, 0xc,

    /* U+002A "*" */
    0xe, 0xf0, 0x7f, 0xf1, 0xa4, 0x3c, 0xc2, 0xa8,
    0x1a, 0x8b, 0x6a, 0xc1, 0xab, 0x41, 0x61, 0xb8,
    0x33, 0x86, 0xd0, 0xb8, 0x81, 0x16, 0x13, 0xa0,
    0x74, 0x2e, 0xf, 0x58, 0x7f, 0xf1, 0x94, 0x1c,

    /* U+002B "+" */
    0xe, 0x50, 0x7f, 0xac, 0x3f, 0xfb, 0xb7, 0xe1,
    0xfc, 0xd7, 0x2, 0xb2, 0x2e, 0x17, 0x83, 0xff,
    0xb2,

    /* U+002C "," */
    0xe, 0xf0, 0x7a, 0xb, 0x81, 0xa0,

    /* U+002D "-" */
    0xf, 0xfe, 0x5, 0xff, 0xe2, 0xbf, 0xe0,

    /* U+002E "." */
    0xe, 0xf0, 0x70,

    /* U+002F "/" */
    0xf, 0xfe, 0x56, 0x1f, 0xee, 0xf, 0xe4, 0x43,
    0xfa, 0x81, 0xfc, 0x88, 0x7f, 0x58, 0x7f, 0x48,
    0x7f, 0x98, 0x3f, 0xa4, 0x3f, 0x95, 0x7, 0xf5,
    0x3, 0xf9, 0x10, 0xfe, 0xb0, 0xfe, 0x90, 0xff,
    0x30, 0x7f, 0x48, 0x7f, 0x2a, 0xf, 0xe6, 0xf,
    0xf0,

    /* U+0030 "0" */
    0xd, 0x7a, 0xe, 0x74, 0xe, 0x1a, 0x2f, 0x44,
    0x8, 0x50, 0x11, 0x2, 0x41, 0xa1, 0xf, 0xf6,
    0x1f, 0x90, 0xff, 0xe1, 0xa1, 0xfe, 0x43, 0xff,
    0x9e, 0x98, 0x88, 0x6c, 0x48, 0x82, 0x50, 0x68,
    0xea, 0x30, 0x98, 0x51, 0x7, 0x3f, 0x90, 0x0,

    /* U+0031 "1" */
    0x9, 0xc2, 0x60, 0x98, 0x2a, 0x6, 0x56, 0x17,
    0x7, 0xff, 0xd0,

    /* U+0032 "2" */
    0xf, 0xfe, 0x13, 0xf9, 0xd, 0xc1, 0xa4, 0x10,
    0x3e, 0x88, 0x9, 0x84, 0xa1, 0x3c, 0x1f, 0xfc,
    0x44, 0x43, 0xe4, 0x3f, 0xd1, 0x7, 0xd0, 0xa0,
    0xf2, 0x88, 0x3e, 0x8c, 0x3e, 0xc8, 0x3e, 0xc9,
    0xf, 0x62, 0x83, 0xd0, 0x55, 0xc8, 0x81, 0x7d,
    0x80,

    /* U+0033 "3" */
    0xf, 0xfe, 0x13, 0xfa, 0xd, 0x42, 0x83, 0x4,
    0xad, 0x58, 0x82, 0x20, 0xc8, 0x96, 0x1f, 0x21,
    0xf9, 0xf, 0x9b, 0x30, 0xf4, 0x90, 0x7d, 0xc5,
    0x3, 0xe7, 0x10, 0xfe, 0x48, 0x50, 0x76, 0x15,
    0x3, 0xb3, 0x23, 0x9, 0x42, 0x28, 0xfa, 0x20,
    0xa8, 0x13, 0xa0,

    /* U+0034 "4" */
    0xf, 0x9d, 0xf, 0xe8, 0x3f, 0xd8, 0x7f, 0xa0,
    0xff, 0x91, 0xf, 0xd9, 0x87, 0xe8, 0x83, 0xf2,
    0xe0, 0xfd, 0x10, 0x7e, 0x88, 0x3f, 0x2e, 0xf,
    0xd8, 0xfe, 0x4b, 0xb5, 0xf0, 0x15, 0xb5, 0xe4,
    0xe4, 0x3f, 0xf9, 0x80,

    /* U+0035 "5" */
    0x3, 0xff, 0x5, 0x8b, 0xe0, 0x92, 0xbc, 0x19,
    0xf, 0xc9, 0x87, 0xec, 0xfd, 0x6, 0x44, 0x47,
    0x43, 0x7a, 0xe2, 0x7, 0x83, 0x28, 0x43, 0xf6,
    0x61, 0xff, 0xc0, 0x83, 0xd8, 0x15, 0x7, 0x26,
    0x8a, 0xa, 0x2, 0x45, 0xf2, 0x60, 0x64, 0x2b,
    0x0,

    /* U+0036 "6" */
    0xf, 0x79, 0xf, 0xc8, 0xa0, 0xfd, 0x10, 0x7e,
    0x88, 0x3f, 0x28, 0x43, 0xf4, 0x41, 0xfa, 0x5,
    0xf2, 0x19, 0x1a, 0x24, 0x82, 0x19, 0x56, 0x40,
    0x48, 0x3e, 0x43, 0xf9, 0xf, 0xfe, 0x2a, 0x1c,
    0x89, 0x10, 0x68, 0x40, 0xa3, 0xd6, 0x90, 0x54,
    0x44, 0x70, 0x0,

    /* U+0037 "7" */
    0xff, 0xf0, 0xbf, 0x82, 0xaf, 0xb1, 0xf, 0xd1,
    0x7, 0xc9, 0x7, 0xe8, 0x43, 0xe4, 0x83, 0xf4,
    0x21, 0xf2, 0x21, 0xfa, 0x20, 0xff, 0xe3, 0x24,
    0x1f, 0xa1, 0xf, 0xfe, 0x32, 0x21, 0xfb, 0x30,
    0xf0,

    /* U+0038 "8" */
    0xa, 0xfa, 0x43, 0x68, 0x8c, 0x82, 0x2e, 0xf1,
    0x1, 0x10, 0xc8, 0x7f, 0xf0, 0x92, 0xc, 0x85,
    0xd, 0x59, 0x5, 0xb, 0x12, 0x6, 0x2e, 0x68,
    0x8, 0xd1, 0x97, 0x8, 0x74, 0x61, 0xfe, 0x50,
    0x87, 0x42, 0x14, 0x14, 0x99, 0xf, 0xc8, 0xa1,
    0xd0, 0xd4, 0x0,

    /* U+0039 "9" */
    0xa, 0xfa, 0xe, 0xd0, 0x9d, 0x6, 0x3f, 0x24,
    0x1a, 0xa, 0x2, 0x84, 0x39, 0x3c, 0x61, 0xf7,
    0x8c, 0x39, 0x2, 0x21, 0x90, 0x24, 0x73, 0x42,
    0x3, 0xc, 0x81, 0x9, 0xf8, 0x10, 0x7c, 0x81,
    0xf, 0xa3, 0xf, 0xa1, 0xf, 0xc9, 0x7, 0xd1,
    0x7, 0x0,

    /* U+003A ":" */
    0x7c, 0x13, 0xe0, 0xff, 0xe3, 0x3e, 0x8,

    /* U+003B ";" */
    0x7c, 0x13, 0xe0, 0xff, 0xe3, 0x3e, 0x9, 0x61,
    0x88,

    /* U+003C "<" */
    0xf, 0xe5, 0x7, 0xf3, 0x61, 0xf9, 0x98, 0x3e,
    0xac, 0x1f, 0x4c, 0x87, 0xd3, 0xa1, 0xf6, 0xe1,
    0xfb, 0x30, 0xfd, 0x98, 0x7f, 0x44, 0x1f, 0xcc,
    0xc1, 0xfc, 0xee, 0x1f, 0xec, 0xc3, 0xfd, 0x98,
    0x7f, 0xb7, 0x43, 0xfa, 0x64, 0x3f, 0xa9, 0x87,
    0xf9, 0x80,

    /* U+003D "=" */
    0xf, 0xfe, 0x5, 0xff, 0xe2, 0xbf, 0xe0, 0x2f,
    0xf8, 0x3f, 0xfb, 0x37, 0xff, 0x8a, 0xff, 0x80,

    /* U+003E ">" */
    0x20, 0xff, 0xe0, 0x61, 0xfe, 0x9d, 0xf, 0xe9,
    0x90, 0xfe, 0xa9, 0xf, 0xe6, 0xa0, 0xfe, 0x66,
    0xf, 0xe7, 0x60, 0xff, 0x6c, 0x1f, 0xd1, 0x7,
    0xed, 0xc3, 0xf6, 0x61, 0xfb, 0x70, 0xf9, 0xd8,
    0x3e, 0x66, 0xf, 0xab, 0x7, 0xe6, 0x43, 0xfb,
    0x43, 0xf8,

    /* U+003F "?" */
    0x3, 0xf4, 0x85, 0x40, 0x99, 0x2, 0x7c, 0x91,
    0x8, 0x50, 0x76, 0x1f, 0x5a, 0x12, 0x1f, 0xd1,
    0x7, 0xb1, 0x41, 0xd0, 0xc1, 0xe4, 0x83, 0xf4,
    0x1f, 0xb4, 0x3f, 0xf9, 0xef, 0x7, 0xff, 0x8,

    /* U+0040 "@" */
    0xd, 0x76, 0x87, 0xbe, 0xbd, 0x6, 0xf2, 0x14,
    0x20, 0xa0, 0x2e, 0xe8, 0x5, 0x13, 0xa1, 0xc8,
    0xac, 0x50, 0x88, 0x24, 0xe, 0x1b, 0x6, 0x12,
    0x26, 0x22, 0x21, 0xd8, 0x76, 0x1e, 0xd2, 0x10,
    0x48, 0xa1, 0x5c, 0x64, 0x1a, 0xf3, 0xe8, 0x2a,
    0x7, 0xf9, 0x20, 0xd2, 0x1a, 0xeb, 0x90, 0x0,

    /* U+0041 "A" */
    0xe, 0xf0, 0x7f, 0x20, 0x43, 0xf4, 0xc, 0x3f,
    0xe4, 0x3e, 0x44, 0x3f, 0xb3, 0x44, 0x3c, 0x8c,
    0x61, 0xff, 0x21, 0xd0, 0x81, 0x10, 0xc8, 0xf9,
    0x30, 0xff, 0x90, 0x91, 0xfc, 0x1d, 0x98, 0x64,
    0x80, 0x88, 0x6c, 0x44, 0x3e, 0x42, 0xc4, 0x3f,
    0x20,

    /* U+0042 "B" */
    0xff, 0x90, 0xff, 0x50, 0x37, 0xf0, 0x87, 0xf2,
    0x41, 0xff, 0xc7, 0x4c, 0x3e, 0x80, 0x85, 0xf9,
    0x30, 0xff, 0x21, 0xbf, 0x89, 0xf, 0xd1, 0x7,
    0xe4, 0x3f, 0xc8, 0x7f, 0xa1, 0xb, 0xf8, 0x10,
    0x7e, 0xb0, 0x0,

    /* U+0043 "C" */
    0xd, 0x7c, 0x87, 0xb4, 0x2a, 0x6, 0xc7, 0xe1,
    0x40, 0x41, 0x5, 0x10, 0x31, 0xc, 0x86, 0x4c,
    0x3f, 0xe4, 0x3b, 0xc1, 0xff, 0xd6, 0x50, 0x7f,
    0xa8, 0x19, 0xf, 0xe4, 0x83, 0x22, 0x8, 0x10,
    0x51, 0x85, 0xf, 0xc2, 0x82, 0x74, 0x2a, 0x0,

    /* U+0044 "D" */
    0xfe, 0x90, 0xfc, 0xd8, 0x6f, 0xa0, 0x41, 0xe7,
    0x10, 0xff, 0x41, 0xf2, 0x21, 0xf6, 0x1f, 0xfe,
    0x5c, 0x43, 0xe4, 0x83, 0x9c, 0x42, 0xfa, 0x18,
    0x3c, 0xd0, 0x0,

    /* U+0045 "E" */
    0xbf, 0xf2, 0x1f, 0xfc, 0xb, 0xfc, 0x87, 0xff,
    0x7a, 0xff, 0x7, 0xf2, 0x15, 0xfd, 0x7, 0xff,
    0x7e, 0xff, 0x41, 0xfc, 0x80,

    /* U+0046 "F" */
    0xff, 0xf0, 0x7f, 0x20, 0xbf, 0xd0, 0x7f, 0xf7,
    0xaf, 0xe0, 0xff, 0xe1, 0x5f, 0xc1, 0xff, 0xf2,

    /* U+0047 "G" */
    0xd, 0x7c, 0x86, 0x74, 0x29, 0xa, 0x2f, 0x44,
    0x4, 0x8, 0x14, 0x26, 0x41, 0xb3, 0x10, 0xf2,
    0xb0, 0x90, 0xe9, 0xf, 0xfe, 0x2f, 0xe8, 0x3f,
    0xf8, 0xbf, 0x7, 0x21, 0x90, 0x92, 0xf, 0xd0,
    0x20, 0xa0, 0xd0, 0xfc, 0x1c, 0xe8, 0x1c, 0x0,

    /* U+0048 "H" */
    0xf0, 0x73, 0xc1, 0xff, 0xf2, 0xfe, 0x83, 0xff,
    0x85, 0xfd, 0x7, 0xff, 0xc8,

    /* U+0049 "I" */
    0x3c, 0x1f, 0xfe, 0x10,

    /* U+004A "J" */
    0xf, 0xae, 0xf, 0xff, 0xf8, 0x79, 0xf, 0xdc,
    0x87, 0xb4, 0x3f, 0xec, 0x32, 0xc, 0x50, 0x20,
    0x2c, 0x5e, 0x48, 0x14, 0x9, 0x90,

    /* U+004B "K" */
    0xf0, 0x77, 0xa0, 0xfa, 0x4, 0x1e, 0x51, 0x87,
    0xd1, 0x7, 0xd9, 0x21, 0xe8, 0x50, 0x7a, 0x4c,
    0x3e, 0x41, 0x7, 0xe8, 0x8, 0x79, 0x62, 0xf,
    0x44, 0x4, 0x3f, 0x44, 0x1f, 0x90, 0x41, 0xfa,
    0x10, 0xfc, 0x82, 0xf, 0xd0, 0x80,

    /* U+004C "L" */
    0xf2, 0x1f, 0xff, 0xf0, 0xff, 0xfa, 0x5f, 0xe8,
    0x3f, 0x90,

    /* U+004D "M" */
    0x3e, 0xd, 0xf0, 0x7f, 0xf1, 0x90, 0xf9, 0x6,
    0x1f, 0x60, 0x43, 0x91, 0x9, 0xe, 0x43, 0xff,
    0x82, 0x98, 0x76, 0x38, 0x87, 0x26, 0x87, 0xf2,
    0x21, 0xf2, 0x1f, 0xfc, 0x1c, 0x3e, 0xc0, 0x87,
    0xc8, 0x7f, 0xf1, 0x40,

    /* U+004E "N" */
    0x3d, 0x6, 0x78, 0x24, 0x3f, 0xe4, 0x3f, 0xd0,
    0x7f, 0xc8, 0x7e, 0x8c, 0x3f, 0x22, 0x1f, 0xd1,
    0x7, 0xe4, 0x43, 0xf9, 0x20, 0xfd, 0x8, 0x7f,
    0x24, 0x1f, 0xa0, 0xff, 0xe5, 0x41, 0xfe, 0x42,

    /* U+004F "O" */
    0x9, 0xfa, 0x43, 0xa8, 0x13, 0x21, 0x28, 0xbd,
    0x10, 0x58, 0xa0, 0x20, 0x40, 0x90, 0x68, 0xc3,
    0xfe, 0x44, 0x3e, 0x43, 0xff, 0xb6, 0x87, 0xc8,
    0x7f, 0xf0, 0x50, 0x24, 0x1a, 0x30, 0x62, 0x80,
    0x81, 0x2, 0x8b, 0xd1, 0x6, 0xa0, 0x4c, 0x80,

    /* U+0050 "P" */
    0xff, 0xa0, 0xff, 0x38, 0x6b, 0xf0, 0x20, 0xfd,
    0x8, 0x7e, 0x43, 0xff, 0x92, 0x87, 0xf3, 0x10,
    0x57, 0xd0, 0xa0, 0xf2, 0xa8, 0x1a, 0xf5, 0x10,
    0xff, 0xf7, 0x0,

    /* U+0051 "Q" */
    0x9, 0xfa, 0x43, 0xa8, 0x13, 0x21, 0x28, 0xbd,
    0x10, 0x58, 0xa0, 0x20, 0x40, 0x90, 0x68, 0xc3,
    0xfe, 0x44, 0x3e, 0x43, 0xff, 0xb6, 0x87, 0x72,
    0x1f, 0xe7, 0x10, 0x24, 0x8, 0x4c, 0x18, 0xa1,
    0x9, 0x2, 0x8b, 0xc1, 0xf5, 0x2, 0x43, 0xe7,
    0xea, 0x83, 0xfc, 0xa0, 0x0,

    /* U+0052 "R" */
    0xff, 0x90, 0xff, 0x58, 0x6f, 0xd0, 0x10, 0xf9,
    0x46, 0x1f, 0xb1, 0xf, 0xd8, 0x87, 0xe4, 0xc2,
    0xfe, 0x14, 0x1f, 0xa8, 0x1b, 0xe0, 0x21, 0xf9,
    0x20, 0xfd, 0x8, 0x7f, 0x24, 0x1f, 0xa1, 0xf,
    0xe4, 0x83, 0xf4, 0x20,

    /* U+0053 "S" */
    0x9, 0xfc, 0x86, 0xa0, 0x69, 0x2, 0x8f, 0x92,
    0x6, 0x41, 0x40, 0x43, 0xf4, 0xa0, 0xa0, 0xcc,
    0x8, 0x1c, 0x1f, 0x68, 0xf0, 0x7a, 0xd1, 0xd0,
    0xf5, 0xa4, 0x87, 0xd2, 0x67, 0x83, 0xb1, 0xf,
    0xfe, 0x2, 0x61, 0xa2, 0x20, 0x7e, 0x14, 0xd,
    0xd, 0x40,

    /* U+0054 "T" */
    0xff, 0xe9, 0xf, 0xeb, 0xe0, 0x7d, 0x7, 0xff,
    0xfc, 0x3f, 0xfd, 0x60,

    /* U+0055 "U" */
    0xf0, 0x73, 0xe0, 0xff, 0xff, 0x87, 0xff, 0x65,
    0xd, 0x8a, 0x20, 0x94, 0x70, 0x3e, 0x85, 0x1a,
    0x1a, 0x80,

    /* U+0056 "V" */
    0xb8, 0x3d, 0xe7, 0x10, 0xfc, 0xa0, 0xf9, 0x10,
    0xc8, 0x68, 0xc1, 0x18, 0x79, 0x2, 0x21, 0x21,
    0xff, 0x62, 0x19, 0x10, 0x24, 0x1b, 0x30, 0xfe,
    0x44, 0x44, 0x3c, 0x8e, 0x61, 0xec, 0xd1, 0xf,
    0x22, 0x1f, 0xfc, 0x18, 0x3f, 0x20, 0x43, 0xf6,
    0x1f, 0x0,

    /* U+0057 "W" */
    0xf0, 0x1f, 0x2, 0xd4, 0x21, 0xff, 0xc1, 0xc3,
    0x23, 0x98, 0x64, 0x3f, 0x28, 0x3c, 0x87, 0xb0,
    0xf2, 0xc, 0x32, 0x19, 0x17, 0x7, 0xf6, 0x16,
    0x4, 0xc3, 0x61, 0xe4, 0x8, 0x88, 0x30, 0x21,
    0xff, 0xc8, 0x41, 0x87, 0xfc, 0x81, 0x10, 0xfe,
    0xc3, 0x0,

    /* U+0058 "X" */
    0x3c, 0x86, 0xb8, 0x11, 0x6, 0x48, 0x8, 0x10,
    0x44, 0x1a, 0x30, 0x22, 0x19, 0x12, 0x20, 0xf4,
    0x48, 0x87, 0x91, 0x20, 0xfd, 0x1, 0xf, 0xd8,
    0x10, 0xfc, 0x82, 0xf, 0xa2, 0x44, 0x39, 0x43,
    0x10, 0x74, 0x40, 0x44, 0x24, 0x8, 0x22, 0xa,
    0x20, 0xc8, 0x88, 0x10, 0xd1, 0x0,

    /* U+0059 "Y" */
    0x7c, 0x1e, 0xf0, 0x81, 0xd, 0x8, 0x23, 0xc,
    0x90, 0x11, 0x9, 0x10, 0xd1, 0x2, 0x20, 0xc8,
    0x88, 0x87, 0xa2, 0x84, 0x1e, 0x44, 0x43, 0xf4,
    0x8, 0x3f, 0x21, 0xff, 0xff, 0xc,

    /* U+005A "Z" */
    0x2f, 0xfd, 0x18, 0x7f, 0x9f, 0xf0, 0x20, 0xfa,
    0x10, 0xfc, 0x90, 0x7d, 0x90, 0x7c, 0x8a, 0xf,
    0xa2, 0xf, 0xa2, 0xf, 0x94, 0x21, 0xf4, 0x41,
    0xf2, 0x28, 0x3e, 0x88, 0x3e, 0x88, 0x3f, 0x25,
    0xfe, 0x83, 0xfc, 0x80,

    /* U+005B "[" */
    0xf, 0x9f, 0xe8, 0xd, 0x60, 0x6b, 0x7, 0xff,
    0xfc, 0x3f, 0xfb, 0x97, 0xd3, 0x5e,

    /* U+005C "\\" */
    0xb0, 0xfd, 0x8, 0x7e, 0x60, 0xfd, 0x87, 0xf2,
    0x41, 0xf9, 0x41, 0xfa, 0x10, 0xfc, 0xc1, 0xfb,
    0xf, 0xe4, 0x83, 0xf4, 0x87, 0xe4, 0x43, 0xf3,
    0x7, 0xe8, 0x43, 0xfb, 0xf, 0xd2, 0x1f, 0x92,
    0xf, 0xca, 0xf, 0xd0, 0x80,

    /* U+005D "]" */
    0xf, 0xbf, 0xc5, 0x64, 0xb, 0x83, 0xff, 0xfe,
    0x1f, 0xfd, 0xcf, 0xc8, 0x2b, 0xc0,

    /* U+005E "^" */
    0xa, 0xf2, 0x1d, 0x20, 0x83, 0x2d, 0xe3, 0x3,
    0x30, 0x33, 0x0,

    /* U+005F "_" */
    0xff, 0xfe, 0x60,

    /* U+0060 "`" */
    0x64, 0x25, 0x48, 0x51, 0x4, 0xc4, 0x12, 0xc0,

    /* U+0061 "a" */
    0x3, 0xf9, 0xa, 0x82, 0x89, 0x2, 0x74, 0xc8,
    0x16, 0x1f, 0x91, 0x56, 0x1a, 0xe8, 0xa0, 0xa4,
    0xbd, 0x4, 0x9a, 0x1f, 0xfc, 0x8, 0x24, 0xe9,
    0xa1, 0x50, 0x5b, 0x44,

    /* U+0062 "b" */
    0xf0, 0x7f, 0xf9, 0xef, 0x41, 0xda, 0x87, 0x43,
    0x77, 0x10, 0x50, 0x48, 0x10, 0x21, 0x93, 0xf,
    0xb0, 0xfe, 0xc3, 0x21, 0x93, 0x4, 0x12, 0x4,
    0x2e, 0xe2, 0xb, 0x50, 0x24,

    /* U+0063 "c" */
    0x9, 0xfc, 0x86, 0xa0, 0xa2, 0x80, 0x51, 0xd3,
    0x10, 0x44, 0x19, 0x60, 0x90, 0xd4, 0x43, 0xff,
    0x90, 0xa0, 0x90, 0xd4, 0xc8, 0x83, 0x24, 0x28,
    0xe9, 0x88, 0x54, 0x14, 0x50,

    /* U+0064 "d" */
    0xf, 0xd6, 0x87, 0xff, 0x8e, 0xf9, 0xe, 0xd1,
    0x24, 0x28, 0x1d, 0xa1, 0x92, 0xa, 0xf, 0x21,
    0x90, 0xff, 0xea, 0x21, 0x24, 0x12, 0x1a, 0x1d,
    0xa0, 0x76, 0x93, 0x20,

    /* U+0065 "e" */
    0x9, 0xfc, 0x86, 0xa0, 0xa2, 0x80, 0x51, 0xd3,
    0x10, 0x44, 0x19, 0x10, 0xaf, 0xc9, 0x85, 0x5f,
    0x82, 0x5f, 0x83, 0x21, 0x9e, 0x22, 0xd, 0x18,
    0xa3, 0xd6, 0x28, 0x14, 0x2, 0x50,

    /* U+0066 "f" */
    0xc, 0xfe, 0x42, 0x61, 0x46, 0x16, 0x55, 0xc1,
    0x22, 0x1f, 0xfc, 0x2f, 0x81, 0xf8, 0xa8, 0xd,
    0x42, 0xc0, 0x96, 0xf, 0xff, 0xf8, 0x78,

    /* U+0067 "g" */
    0xf, 0xfe, 0x1b, 0xf2, 0xbc, 0x15, 0x4, 0xa2,
    0x82, 0x4e, 0xc1, 0x40, 0xc8, 0x48, 0x87, 0x21,
    0x22, 0x1a, 0x3b, 0x10, 0xe8, 0x9, 0x40, 0xc9,
    0xf9, 0xe, 0xc4, 0x3f, 0xa2, 0xea, 0x43, 0x90,
    0x2d, 0x68, 0x37, 0xfa, 0x30, 0xd2, 0xec, 0xc1,
    0xaa, 0xb1, 0x20,

    /* U+0068 "h" */
    0xb0, 0xff, 0xf4, 0x5e, 0x83, 0x3a, 0x87, 0xa,
    0x7b, 0x2, 0x14, 0x14, 0x1a, 0xf, 0x60, 0x43,
    0xff, 0xda,

    /* U+0069 "i" */
    0x3c, 0x1a, 0x82, 0x83, 0x78, 0x3f, 0xfa, 0x40,

    /* U+006A "j" */
    0xc, 0xf0, 0x7f, 0xcd, 0x87, 0x28, 0x3f, 0xe7,
    0x83, 0xff, 0xfe, 0x7d, 0x50, 0xa1, 0x6c,

    /* U+006B "k" */
    0xb4, 0x3f, 0xfd, 0x37, 0x83, 0xca, 0x30, 0xe6,
    0x30, 0xe6, 0x30, 0xee, 0xf, 0xc9, 0x10, 0x7b,
    0x5c, 0x1a, 0x4, 0x41, 0xf9, 0x10, 0xfa, 0x20,
    0xfd, 0x10,

    /* U+006C "l" */
    0x3c, 0x1f, 0xfe, 0x10,

    /* U+006D "m" */
    0xb6, 0xf0, 0xfa, 0xa, 0x41, 0xc8, 0xa0, 0x3e,
    0x5, 0x10, 0xd8, 0x64, 0xc3, 0xff, 0xfe, 0x1f,
    0xf0,

    /* U+006E "n" */
    0xb0, 0x5e, 0x83, 0x59, 0x2b, 0x9, 0xa3, 0x22,
    0x5, 0x5, 0x86, 0xc3, 0xd8, 0x10, 0xff, 0xf6,
    0x80,

    /* U+006F "o" */
    0x9, 0xfa, 0xe, 0xa0, 0x4e, 0x81, 0x47, 0xd1,
    0x2, 0x20, 0x94, 0x41, 0x21, 0xa1, 0xf, 0xfe,
    0x6a, 0x1a, 0x12, 0x20, 0x94, 0x42, 0x8e, 0xe2,
    0xa, 0x82, 0x3a, 0x0,

    /* U+0070 "p" */
    0xf1, 0x7c, 0x86, 0xd6, 0x24, 0x37, 0x4c, 0x82,
    0x83, 0xc8, 0x10, 0xc9, 0x87, 0xd8, 0x7f, 0x61,
    0x90, 0xc9, 0x82, 0x9, 0x2, 0x17, 0x71, 0x5,
    0xa8, 0x1a, 0x1a, 0xf8, 0x3f, 0xf9, 0x60,

    /* U+0071 "q" */
    0xa, 0xf9, 0xb4, 0x1a, 0x24, 0x85, 0x3, 0xb4,
    0x32, 0x61, 0x41, 0xff, 0x21, 0xff, 0xcf, 0x43,
    0x21, 0x24, 0x14, 0x1a, 0x7, 0x68, 0x76, 0x89,
    0x21, 0xd7, 0xc8, 0x7f, 0xf3, 0x40,

    /* U+0072 "r" */
    0xb4, 0x6d, 0xa, 0x88, 0x6d, 0xbc, 0x81, 0x90,
    0xe5, 0x7, 0xb0, 0xff, 0xf0, 0x80,

    /* U+0073 "s" */
    0x3, 0xf9, 0xa, 0x82, 0x8a, 0x1, 0x3a, 0x62,
    0x1f, 0xbc, 0x1b, 0x50, 0x76, 0x94, 0xe0, 0xd7,
    0xa5, 0x60, 0x42, 0x60, 0x9a, 0x7, 0xc8, 0xf4,
    0xc3, 0x68, 0xa2, 0xc0,

    /* U+0074 "t" */
    0xd, 0xc1, 0xff, 0xcf, 0x7e, 0x1f, 0xa1, 0xa2,
    0xa, 0xb0, 0x2a, 0x17, 0x83, 0xff, 0xe2, 0x87,
    0xf2, 0x74, 0xd0, 0xd4, 0x14, 0x20,

    /* U+0075 "u" */
    0xb0, 0xe7, 0x83, 0xff, 0xdb, 0x87, 0xf2, 0x19,
    0xa, 0xa, 0x25, 0x4a, 0xa, 0x28, 0x78, 0x0,

    /* U+0076 "v" */
    0x3c, 0x1c, 0xf0, 0x88, 0x6c, 0x8c, 0xc3, 0x21,
    0x22, 0x12, 0x21, 0x22, 0xc, 0x82, 0x8c, 0x8,
    0x7c, 0x89, 0x7, 0x43, 0x88, 0x72, 0x4a, 0xf,
    0xf6, 0x1f, 0x40, 0x42,

    /* U+0077 "w" */
    0xf0, 0x1f, 0x2, 0xd4, 0x21, 0xf9, 0xc2, 0xc0,
    0x88, 0x13, 0x14, 0x1f, 0x90, 0x6e, 0x4, 0x8,
    0x48, 0xa3, 0xd, 0x3, 0x31, 0x6, 0x20, 0x44,
    0x32, 0x4, 0x32, 0x1e, 0xc3, 0xf9, 0xc, 0x98,
    0x0,

    /* U+0078 "x" */
    0x2e, 0xd, 0xe0, 0x42, 0x81, 0x8, 0x59, 0x1,
    0x20, 0xc8, 0xe6, 0x1d, 0x10, 0x87, 0xd0, 0x20,
    0xfa, 0x4, 0x1e, 0x89, 0x60, 0xcb, 0xa2, 0xd,
    0x10, 0x22, 0x6, 0x41, 0x22, 0x80,

    /* U+0079 "y" */
    0x3c, 0x1c, 0xf0, 0x88, 0x6c, 0xcc, 0xc3, 0x22,
    0x22, 0x12, 0x21, 0x22, 0x8, 0x82, 0x88, 0x3f,
    0xf8, 0x9, 0x7, 0x45, 0x4, 0x39, 0x11, 0xf,
    0x90, 0x61, 0xf6, 0x4, 0x3f, 0x90, 0xf7, 0xa2,
    0xf, 0xe8, 0x38,

    /* U+007A "z" */
    0x7f, 0xf0, 0xd7, 0x21, 0x97, 0xc6, 0x1e, 0xc8,
    0x3d, 0xa, 0xe, 0x95, 0x7, 0x28, 0x83, 0xd1,
    0x87, 0xb2, 0xf, 0x41, 0x2f, 0x6, 0xaf, 0x20,

    /* U+007B "{" */
    0x5, 0xe4, 0xa, 0xd1, 0x30, 0xff, 0xed, 0xe1,
    0xa4, 0x41, 0x7, 0xa1, 0xf, 0xfe, 0xee, 0x12,
    0x3a, 0xf, 0x90,

    /* U+007C "|" */
    0x24, 0x60, 0xff, 0xfb, 0x0,

    /* U+007D "}" */
    0xbc, 0x82, 0xc8, 0x32, 0x1f, 0xfd, 0xf4, 0x28,
    0x90, 0x22, 0x81, 0x90, 0x7f, 0xf6, 0xd0, 0xac,
    0x41, 0x7a, 0x0,

    /* U+007E "~" */
    0x7, 0x90, 0xc9, 0x82, 0xd3, 0xd1, 0xe4, 0xb2,
    0xa0, 0x50, 0x10,

    /* U+00B0 "°" */
    0xf, 0xbb, 0xc5, 0x5a, 0xe0, 0x79, 0x81, 0x71,
    0xe5, 0x17, 0xa0,

    /* U+201C "“" */
    0xf, 0xfa, 0xd, 0x26, 0x85, 0x2c, 0x61, 0x30,
    0x7f, 0xb3, 0x84, 0xb0, 0xff, 0xe3, 0x0,

    /* U+201D "”" */
    0xf, 0xfb, 0xe0, 0x5e, 0x83, 0xff, 0x93, 0xc1,
    0x58, 0x6c, 0x3d, 0x8a, 0x82, 0x84, 0xe4, 0x27,
    0x0,

    /* U+2026 "…" */
    0xfc, 0x1b, 0xf0, 0x6f, 0x90, 0xff, 0xee, 0x4b,
    0x6, 0x5a, 0xc, 0xb0,

    /* U+2103 "℃" */
    0x1a, 0x7, 0xff, 0x15, 0xea, 0xf, 0xfe, 0x2e,
    0x1f, 0xf2, 0x83, 0xec, 0x8, 0x75, 0xea, 0x79,
    0x9, 0xe9, 0x86, 0xd1, 0x71, 0x40, 0x9a, 0x6,
    0xcb, 0xad, 0x8c, 0x1f, 0xa2, 0x43, 0xd8, 0x87,
    0xe4, 0x43, 0xf5, 0x3, 0xe4, 0x83, 0xf9, 0x41,
    0xf6, 0x21, 0xff, 0xdb, 0x43, 0xff, 0x90, 0x87,
    0xff, 0x29, 0xf, 0xf2, 0x1f, 0x66, 0x1f, 0xcd,
    0x3, 0xc8, 0xa0, 0xfd, 0x10, 0x7d, 0x12, 0x1e,
    0xc4, 0x3f, 0x28, 0xa2, 0x36, 0x30, 0x7f, 0x50,
    0x6e, 0x46, 0xf, 0xf9, 0xf4, 0xab, 0x82,

    /* U+2582 "▂" */
    0x2b, 0xff, 0x94, 0x2f, 0xff, 0x2c, 0x3f, 0xff,
    0xe1, 0xff, 0xca,

    /* U+2584 "▄" */
    0x17, 0xff, 0x94, 0x35, 0xff, 0xca, 0xf, 0xff,
    0xf8, 0x7f, 0xff, 0xc3, 0xff, 0xfe, 0x1f, 0xfc,
    0x40,

    /* U+2586 "▆" */
    0x3f, 0xff, 0x94, 0x21, 0xff, 0xff, 0xf, 0xff,
    0xf8, 0x7f, 0xff, 0xc3, 0xff, 0xfe, 0x1f, 0xff,
    0xf0, 0xfc,

    /* U+25CB "○" */
    0xf, 0x9b, 0xe9, 0xf, 0xfe, 0xb, 0xcb, 0x8b,
    0xc8, 0x7f, 0x51, 0xba, 0xdc, 0x50, 0x3e, 0xda,
    0x21, 0xe7, 0x98, 0x3b, 0x34, 0x3f, 0xcc, 0xc1,
    0x24, 0x1f, 0xfc, 0x15, 0x82, 0x94, 0x1f, 0xfc,
    0x28, 0x84, 0x83, 0xff, 0x88, 0xa3, 0xf, 0xfe,
    0x36, 0x2c, 0x1f, 0xfc, 0x54, 0x3f, 0xf9, 0x78,
    0x7f, 0xf2, 0x90, 0xff, 0xe4, 0x62, 0x1f, 0xfc,
    0x77, 0xf, 0xfe, 0x34, 0x4, 0x83, 0xff, 0x88,
    0xc0, 0x94, 0x1f, 0xfc, 0x28, 0x40, 0x90, 0x7f,
    0xf0, 0x55, 0x6, 0xcd, 0xf, 0xf3, 0x28, 0x3b,
    0x28, 0x1f, 0xa8, 0xc1, 0xf7, 0x3e, 0xad, 0xe7,
    0x83, 0xf9, 0xe5, 0xf5, 0x87, 0xff, 0x5, 0xbf,
    0x48, 0x7c,

    /* U+25CF "●" */
    0xf, 0xf2, 0x1f, 0xfc, 0x56, 0xf5, 0xf4, 0x87,
    0xfd, 0x44, 0x3c, 0xd8, 0x7f, 0x68, 0x7f, 0xda,
    0x1e, 0xc3, 0xff, 0x85, 0x7, 0x61, 0xff, 0xc4,
    0xc2, 0x83, 0xff, 0x8c, 0x81, 0xf, 0xfe, 0x34,
    0x41, 0xff, 0xde, 0x50, 0x7f, 0xf2, 0x30, 0xff,
    0xf0, 0x21, 0xff, 0xc8, 0xf0, 0x7f, 0xf2, 0x14,
    0x1f, 0xfc, 0x74, 0x10, 0x7f, 0xf1, 0xa0, 0x21,
    0xff, 0xc5, 0x43, 0x61, 0xff, 0xc4, 0x83, 0xb0,
    0xff, 0xe1, 0x61, 0xf6, 0x87, 0xfa, 0xc3, 0xfa,
    0xd0, 0xf3, 0xa1, 0xff, 0xc0, 0xbf, 0xd0, 0x7c,

    /* U+3001 "、" */
    0xf, 0x3a, 0x12, 0x41, 0x92, 0xa, 0x14, 0x12,
    0x41, 0x40, 0x42, 0x58, 0x2a, 0x0,

    /* U+3002 "。" */
    0xf, 0xbf, 0x13, 0xe6, 0x70, 0x63, 0x83, 0x27,
    0xcc, 0x74, 0xc0,

    /* U+4E00 "一" */
    0xf, 0xfe, 0x57, 0xff, 0xf2, 0x50, 0xff, 0xe5,
    0x55, 0xff, 0xfc, 0x59,

    /* U+4E0A "上" */
    0xf, 0xef, 0x7, 0xff, 0xfc, 0x3f, 0xff, 0xe1,
    0xbf, 0xf8, 0x3f, 0xfa, 0xff, 0xfc, 0x1f, 0xff,
    0xf0, 0xff, 0xff, 0x87, 0xff, 0x42, 0xff, 0xc0,
    0xff, 0xf4, 0x1f, 0xfc, 0x96, 0xff, 0xfe, 0x48,

    /* U+4E0B "下" */
    0xbf, 0xff, 0x90, 0x1f, 0xfc, 0xa6, 0xff, 0xc0,
    0xff, 0xf2, 0x1f, 0xff, 0xf0, 0xff, 0xe7, 0x50,
    0x3f, 0xf9, 0xa, 0x83, 0xff, 0x8f, 0xe, 0x1f,
    0xfc, 0x67, 0x6, 0x1f, 0xfc, 0x78, 0x10, 0x7f,
    0xf1, 0x98, 0x60, 0xff, 0xe3, 0x31, 0x87, 0xff,
    0x1d, 0xd0, 0xff, 0xff, 0x87, 0xff, 0x64,

    /* U+4E0D "不" */
    0x3a, 0xff, 0xe3, 0xa0, 0x5f, 0xfe, 0x38, 0x3f,
    0xfa, 0x1f, 0xfc, 0x87, 0xfa, 0x20, 0xff, 0xe3,
    0x42, 0x1f, 0xfc, 0x74, 0xc3, 0xff, 0x8d, 0x87,
    0x21, 0xff, 0xc2, 0x83, 0xaa, 0xf, 0xfe, 0x4,
    0xb0, 0x50, 0xc1, 0xfe, 0x92, 0xe, 0xc6, 0xf,
    0xd2, 0x61, 0xf4, 0x30, 0x7b, 0x4c, 0x3f, 0x30,
    0xc1, 0x38, 0xe1, 0xfe, 0x61, 0x86, 0x18, 0x3f,
    0xf8, 0xa, 0x9, 0x54, 0xf, 0xfe, 0x15, 0x40,
    0x90, 0xff, 0xe2, 0x21, 0xff, 0xff, 0xf, 0xfe,
    0xc8,

    /* U+4E0E "与" */
    0xe, 0x43, 0xff, 0x8e, 0xd0, 0x3f, 0xf8, 0xd9,
    0x87, 0xff, 0x6d, 0x2f, 0xff, 0xe1, 0x7, 0x97,
    0xff, 0x86, 0x1e, 0xaf, 0xfe, 0x18, 0x72, 0x1f,
    0xfc, 0x64, 0x3f, 0xf9, 0x6b, 0xff, 0xc2, 0xd,
    0x8d, 0x7f, 0xf0, 0x83, 0x5f, 0xff, 0xc2, 0xf,
    0xff, 0xa2, 0xf, 0xff, 0xe1, 0x88, 0x65, 0xff,
    0xe1, 0x85, 0x82, 0xbf, 0xf8, 0x66, 0x1f, 0xfc,
    0xa4, 0x3f, 0xf8, 0xc8, 0x7f, 0xf1, 0x3f, 0x7,
    0xff, 0x15, 0x9, 0xc3, 0xff, 0x87, 0x7d, 0x4,

    /* U+4E22 "丢" */
    0xf, 0xfe, 0x2a, 0x83, 0xfe, 0x5d, 0x4f, 0xa8,
    0x1c, 0xff, 0x56, 0x5e, 0xa0, 0x73, 0x5d, 0xe0,
    0x7a, 0xa5, 0x7, 0x97, 0x83, 0xff, 0xb5, 0x7f,
    0xc0, 0xff, 0x83, 0xb5, 0x57, 0x2, 0xb9, 0x41,
    0xcd, 0x17, 0x80, 0xbd, 0x40, 0xff, 0xe6, 0xb5,
    0xfc, 0xa, 0xfe, 0x75, 0xfe, 0x2, 0xff, 0x77,
    0xfd, 0x1f, 0xff, 0x41, 0xfa, 0x10, 0xff, 0xe3,
    0x42, 0x82, 0x90, 0xff, 0xe0, 0x2d, 0x4, 0xa8,
    0x3f, 0xf8, 0x11, 0x6, 0x63, 0xf, 0xf6, 0x61,
    0xe5, 0x18, 0x7c, 0xe2, 0xd5, 0xe0, 0xb0, 0xfe,
    0x68, 0xbf, 0x81, 0x7, 0x2a, 0x9f, 0xfd, 0x61,
    0xfa, 0x50, 0x7f, 0xdc, 0x0,

    /* U+4E24 "两" */
    0x65, 0xff, 0xe3, 0x40, 0x6b, 0xff, 0x8c, 0x8f,
    0xf9, 0x3f, 0x3, 0xfc, 0x1f, 0xfe, 0x84, 0x3f,
    0xf8, 0x77, 0xf0, 0x3f, 0x3, 0xf8, 0x39, 0x70,
    0x17, 0x1, 0x60, 0xfa, 0xb0, 0xd5, 0x95, 0x90,
    0xfe, 0x4c, 0x2c, 0x43, 0xff, 0x83, 0x18, 0x48,
    0x7f, 0xf1, 0x5c, 0x36, 0x1f, 0xfc, 0x8, 0xd2,
    0x82, 0x68, 0x7f, 0x2c, 0x4c, 0x96, 0x48, 0x7c,
    0xc4, 0xa, 0x8, 0x30, 0xfe, 0x68, 0x12, 0x88,
    0x2d, 0xf, 0xca, 0xb, 0x20, 0xff, 0xe3, 0xda,
    0x1f, 0xfc, 0xf5, 0x7, 0xff, 0x1b, 0xd0, 0x7f,
    0xf1, 0xd1, 0xb0, 0x0,

    /* U+4E25 "严" */
    0xa, 0x5f, 0xfe, 0x24, 0x84, 0xaa, 0xff, 0xe2,
    0x38, 0x4f, 0xf8, 0x1f, 0xf, 0xf4, 0x1e, 0x43,
    0xff, 0x80, 0xa0, 0xfb, 0x83, 0xff, 0x81, 0x44,
    0x3c, 0x90, 0x7f, 0x90, 0x21, 0xe8, 0x43, 0xfd,
    0x90, 0x7e, 0x60, 0xff, 0x4a, 0xf, 0x2b, 0x14,
    0x5, 0x85, 0xb6, 0x81, 0xba, 0xe0, 0x54, 0xa,
    0xca, 0xf, 0x5f, 0xff, 0xc4, 0xf, 0xfe, 0x8a,
    0x1f, 0xfc, 0x84, 0x3f, 0xfe, 0xe8, 0x87, 0xff,
    0x22, 0x30, 0xff, 0xe3, 0xa0, 0x43, 0xff, 0x8f,
    0x8, 0x7f, 0xf2, 0x22, 0xf, 0xfe, 0x43, 0x87,
    0xff, 0x20,

    /* U+4E2A "个" */
    0xf, 0xfe, 0xbf, 0x7, 0xff, 0x25, 0x10, 0xff,
    0xe4, 0xc0, 0x83, 0xff, 0x8f, 0x8, 0xa0, 0xff,
    0xe2, 0xc9, 0x64, 0x87, 0xff, 0xd, 0x46, 0x8,
    0x90, 0xff, 0xe0, 0xb1, 0x84, 0xc5, 0x3, 0xfe,
    0xa1, 0x3, 0xc3, 0xe, 0x87, 0xce, 0x92, 0x1e,
    0x70, 0x5a, 0x13, 0xc0, 0xd0, 0xfe, 0xd0, 0x58,
    0x73, 0x87, 0xff, 0x2, 0x80, 0xc0, 0xdc, 0x1f,
    0xfc, 0x27, 0xc1, 0x90, 0xff, 0xff, 0x87, 0xff,
    0xfc, 0x3f, 0xff, 0xe1, 0xff, 0xc0,

    /* U+4E2D "中" */
    0xf, 0xea, 0x7, 0xff, 0x19, 0x41, 0xff, 0xfa,
    0xaf, 0xc0, 0xaf, 0xc0, 0x5f, 0xc0, 0x5f, 0xc1,
    0xbf, 0xc0, 0xff, 0x7, 0xff, 0xfc, 0x3f, 0xea,
    0xf0, 0x2b, 0xc1, 0xe5, 0xf0, 0x17, 0xc1, 0xef,
    0xf0, 0x3f, 0xc1, 0xa8, 0x1f, 0xfc, 0x2a, 0x1,
    0x41, 0xff, 0xc2, 0x50, 0x7f, 0xff, 0xc3, 0xff,
    0x9c,

    /* U+4E3A "为" */
    0xf, 0xf2, 0x83, 0xff, 0x8f, 0x40, 0xff, 0xe0,
    0x3c, 0x12, 0x1f, 0xfc, 0x46, 0xc, 0x87, 0xff,
    0x1, 0x85, 0x7, 0xff, 0x15, 0x88, 0x2c, 0x3f,
    0xf8, 0x4d, 0x98, 0x7f, 0xf0, 0x6b, 0x74, 0x4e,
    0xbf, 0x80, 0xbf, 0x1, 0x7f, 0xc0, 0xff, 0x81,
    0xff, 0x42, 0x1f, 0x91, 0xf, 0xfe, 0x36, 0x61,
    0xfd, 0x87, 0xe4, 0x56, 0x86, 0xc3, 0xfa, 0x13,
    0x28, 0x1f, 0xfc, 0x14, 0x8a, 0xe, 0x88, 0x87,
    0xb1, 0x9, 0xc3, 0xff, 0x81, 0x2, 0xe, 0xe4,
    0x3f, 0x49, 0x87, 0xc8, 0x7e, 0x93, 0xf, 0xf2,
    0x20, 0x74, 0xc3, 0xfc, 0xc1, 0xa0, 0x61, 0xf9,
    0xf4, 0x8, 0x13, 0x87, 0xf2, 0x5, 0x60,

    /* U+4E3B "主" */
    0xf, 0xe4, 0x3f, 0xf9, 0x15, 0x7, 0xff, 0x1e,
    0x14, 0x1f, 0xfc, 0x78, 0x83, 0xff, 0x8e, 0xa0,
    0xff, 0xe0, 0x35, 0xf8, 0x6b, 0xf2, 0xd, 0x7f,
    0xf8, 0xd8, 0x2f, 0xfc, 0xf, 0xfd, 0x7, 0xff,
    0xfc, 0x3f, 0xf8, 0x8f, 0xfc, 0xf, 0xf8, 0x39,
    0x7f, 0x1, 0x7e, 0xf, 0x57, 0xc0, 0xaf, 0x83,
    0xff, 0xfe, 0x1f, 0xfc, 0x4b, 0xaf, 0xc0, 0xaf,
    0xf0, 0x17, 0xf0, 0x17, 0xf8, 0xbf, 0xff, 0x91,
    0x0,

    /* U+4E5F "也" */
    0xf, 0xfe, 0xa7, 0x83, 0xff, 0xb1, 0xe0, 0xff,
    0xf5, 0x36, 0x1f, 0xfc, 0x35, 0x7a, 0x43, 0xff,
    0x82, 0x82, 0x80, 0x43, 0xfe, 0x7d, 0x1, 0xbd,
    0x7, 0xcc, 0x8, 0x60, 0x48, 0x7e, 0x79, 0x5,
    0xc8, 0x79, 0x10, 0x92, 0xc0, 0x87, 0xff, 0x13,
    0x43, 0xff, 0xaf, 0x98, 0x7f, 0xf1, 0x1f, 0x22,
    0x1f, 0xfc, 0x44, 0x28, 0x3f, 0xf8, 0xd7, 0x90,
    0xff, 0xe1, 0x28, 0x8, 0x6b, 0x83, 0xfd, 0x40,
    0xf9, 0xf, 0xd0, 0x7f, 0xf0, 0xb0, 0xd0, 0xff,
    0xff, 0x0, 0x8, 0x66, 0x5f, 0xfe, 0xd, 0x80,

    /* U+4E89 "争" */
    0xf, 0x90, 0xff, 0xe4, 0xd4, 0x1f, 0xfc, 0x75,
    0x10, 0x7f, 0xf1, 0xe0, 0x7f, 0xc8, 0x7f, 0xd8,
    0xbe, 0x2, 0x83, 0xfd, 0xd, 0x78, 0x10, 0x7f,
    0xa5, 0x41, 0xd1, 0x7, 0xfa, 0x5b, 0xfc, 0x97,
    0xf0, 0x75, 0x6f, 0xd0, 0x3f, 0x42, 0x1e, 0x44,
    0x32, 0x21, 0x90, 0xfa, 0x5f, 0xc2, 0xf8, 0x5a,
    0x3, 0x5f, 0x81, 0x5c, 0xa, 0x20, 0xff, 0xe1,
    0xfe, 0x1f, 0x83, 0xff, 0x9e, 0xcb, 0xc2, 0xf8,
    0x3f, 0xa6, 0xb8, 0x15, 0xc1, 0xfd, 0xff, 0xf,
    0xf0, 0x7f, 0xf2, 0xf8, 0x3f, 0xfd, 0xb7, 0x83,
    0xff, 0x91, 0x5, 0x7, 0xff, 0x1f, 0xe0, 0xff,
    0xe0, 0x0,

    /* U+4E8B "事" */
    0xf, 0xfe, 0xa7, 0x7, 0xf9, 0xaf, 0xe1, 0xaf,
    0xe3, 0x5f, 0xe0, 0x2f, 0xfa, 0xff, 0xe1, 0xff,
    0xe4, 0x2b, 0xfc, 0x3f, 0xe4, 0x3f, 0x2f, 0x1,
    0x78, 0x3f, 0xd5, 0xc3, 0x5b, 0xf, 0xf5, 0x70,
    0xd6, 0xc3, 0xfc, 0xbc, 0x5, 0xe0, 0xfd, 0x7f,
    0x87, 0xfc, 0x87, 0x7f, 0xe1, 0xff, 0x41, 0xd2,
    0xfc, 0x5, 0xe0, 0xf9, 0xaf, 0x86, 0xb8, 0x39,
    0xff, 0xe1, 0xfe, 0x1f, 0x42, 0xff, 0x1, 0x78,
    0xa, 0xda, 0xfe, 0x1a, 0xe1, 0xa2, 0xf, 0xfc,
    0x3f, 0xc1, 0xf5, 0x7e, 0x5, 0x64, 0x3e, 0x5f,
    0xc2, 0xf5, 0x41, 0xfe, 0xa6, 0x1f, 0x21, 0xff,
    0x68, 0x20, 0xff, 0xe2, 0xb7, 0x83, 0xfe,

    /* U+4E8E "于" */
    0x3, 0x5f, 0xfc, 0x40, 0xed, 0x7f, 0xf8, 0x81,
    0xd7, 0xfc, 0xf, 0xf8, 0x3f, 0xff, 0xe1, 0xff,
    0xda, 0xff, 0xf0, 0x3f, 0xfa, 0xf, 0xfe, 0x57,
    0xff, 0x81, 0xff, 0xd0, 0x7f, 0xff, 0xc3, 0xff,
    0xfe, 0x1f, 0xf2, 0xa0, 0xff, 0xe3, 0xd1, 0x10,
    0xff, 0xe2, 0xa0, 0x60, 0xff, 0x0,

    /* U+4E92 "互" */
    0xf, 0xfe, 0x5d, 0xff, 0xfc, 0x68, 0x1a, 0xf0,
    0x17, 0xfe, 0xc0, 0xd6, 0xc6, 0xbf, 0xe4, 0x3f,
    0xb0, 0xff, 0xe3, 0xe2, 0x1f, 0xfc, 0x74, 0xff,
    0xe0, 0xff, 0xe0, 0xaf, 0xc1, 0xff, 0xc0, 0x46,
    0xbe, 0xf, 0xfe, 0x6, 0x61, 0xf9, 0xf, 0xf2,
    0x21, 0xe4, 0xc3, 0xff, 0x8f, 0x87, 0xfc, 0x83,
    0xfe, 0x44, 0x3f, 0xcb, 0xfc, 0x1f, 0xfc, 0x6,
    0xbf, 0x83, 0xff, 0x96, 0x87, 0xff, 0x1d, 0xf,
    0xd5, 0xff, 0xc2, 0x1a, 0xe5, 0xff, 0xe1, 0x4,
    0xbc, 0x7f, 0xff, 0x25,

    /* U+4EA4 "交" */
    0xf, 0xe7, 0x43, 0xff, 0x8f, 0x90, 0x7f, 0xf1,
    0xf0, 0xff, 0xe4, 0xa0, 0x43, 0xfd, 0xd7, 0xe5,
    0x75, 0xf6, 0x81, 0x7f, 0xf8, 0xc1, 0x7f, 0x3f,
    0xf4, 0xff, 0x21, 0xd3, 0x87, 0xa7, 0xf, 0xe9,
    0x20, 0xf6, 0xd, 0xf, 0x49, 0x21, 0xf6, 0x94,
    0x9, 0xd3, 0x60, 0xf5, 0xd0, 0x50, 0x10, 0x66,
    0xa0, 0xe4, 0x55, 0xa1, 0x78, 0x11, 0x6, 0x85,
    0x8, 0x7f, 0x20, 0x42, 0x48, 0x3f, 0xf8, 0x39,
    0x3, 0x20, 0xff, 0xe1, 0xc7, 0x89, 0xf, 0xfe,
    0x1a, 0x12, 0x83, 0xff, 0x89, 0x4, 0xa0, 0xff,
    0xe1, 0x5a, 0x71, 0x68, 0x7f, 0x3e, 0x4b, 0x1d,
    0x2f, 0x4a, 0x1f, 0x40, 0xb4, 0x35, 0xa0, 0x68,
    0x20, 0x6d, 0xf, 0xd7, 0x22, 0xf, 0x48, 0x7f,
    0xf0, 0x1b, 0x80,

    /* U+4EA7 "产" */
    0xf, 0xf9, 0x83, 0xff, 0x93, 0x28, 0x3f, 0xf9,
    0x9, 0x87, 0xff, 0x7, 0xd5, 0xc8, 0xd7, 0x7a,
    0xf, 0x97, 0x82, 0x5e, 0xf, 0xdf, 0x9f, 0xfa,
    0x9f, 0x41, 0xfa, 0x60, 0xf5, 0x41, 0xff, 0x42,
    0x83, 0xe8, 0x3f, 0xf8, 0x9, 0x6, 0x84, 0x3f,
    0xf8, 0x33, 0x86, 0x48, 0x3f, 0xbf, 0x9f, 0xe0,
    0x7f, 0x21, 0xe5, 0xff, 0xe2, 0x87, 0x35, 0xff,
    0xc4, 0xc, 0x87, 0xff, 0x8f, 0xf, 0xfe, 0x46,
    0x21, 0xff, 0xc8, 0x43, 0xff, 0x92, 0x88, 0x7f,
    0xf2, 0x22, 0xf, 0xfe, 0x3c, 0x21, 0xff, 0xca,
    0x83, 0xff, 0x91, 0x61, 0xff, 0xc8,

    /* U+4EB2 "亲" */
    0xf, 0xf2, 0x83, 0xff, 0x8e, 0xd0, 0x3f, 0xf8,
    0xe8, 0x7f, 0xf0, 0xbf, 0xf0, 0x3f, 0xf2, 0x12,
    0xab, 0xfc, 0xaa, 0x90, 0xd4, 0x57, 0x2f, 0xb7,
    0x54, 0x87, 0xd9, 0x7, 0x46, 0x1f, 0xf2, 0x21,
    0x90, 0x21, 0xea, 0xf2, 0xab, 0x86, 0xb9, 0x7f,
    0xf8, 0x40, 0x5f, 0x6f, 0xff, 0x45, 0xff, 0xa0,
    0xff, 0xf1, 0x57, 0xf1, 0x5f, 0x90, 0x97, 0xf0,
    0x4b, 0xf6, 0x17, 0xfe, 0x8b, 0xfe, 0x83, 0xde,
    0xf, 0xcc, 0x1f, 0xd8, 0x87, 0xe9, 0xc3, 0xec,
    0x60, 0xfd, 0x83, 0xc, 0xe3, 0x7, 0xfb, 0x4c,
    0x2c, 0x60, 0xaa, 0xf, 0x48, 0x82, 0xe0, 0xe4,
    0x8, 0x75, 0x10, 0xfe, 0xa7, 0x83, 0xe4, 0x0,

    /* U+4EBA "人" */
    0xf, 0xf2, 0x83, 0xff, 0x8e, 0xd0, 0x3f, 0xf8,
    0xe8, 0x7f, 0xff, 0xc3, 0xff, 0x80, 0x87, 0xff,
    0x7f, 0xf, 0xfe, 0x4a, 0x4, 0x3f, 0xf9, 0x30,
    0x7f, 0xf1, 0x51, 0x42, 0x1f, 0xfc, 0x48, 0xe2,
    0xf, 0xfe, 0x32, 0x22, 0x1f, 0xfc, 0x2c, 0x81,
    0x10, 0x7f, 0xf0, 0x60, 0x21, 0x26, 0x1f, 0xf2,
    0x8c, 0x34, 0x8, 0x3f, 0x98, 0x83, 0xd8, 0xc1,
    0xf3, 0x12, 0x1f, 0x43, 0xa1, 0xa8, 0x48, 0x7e,
    0x60, 0x50, 0x74, 0x90, 0xff, 0x38, 0x17, 0x1a,
    0x1f, 0xfc, 0x1e, 0x51, 0x61, 0xff, 0xc4, 0x60,

    /* U+4EC5 "仅" */
    0xf, 0x21, 0xff, 0xc9, 0x6c, 0x3f, 0xf9, 0x18,
    0x87, 0xff, 0x21, 0x27, 0xff, 0xe8, 0x3c, 0x88,
    0x72, 0xf8, 0x18, 0x7a, 0x31, 0xc1, 0x5e, 0x2,
    0x1c, 0x81, 0xf, 0xfe, 0x3c, 0x1f, 0xfc, 0x14,
    0x43, 0xa0, 0xf9, 0x10, 0xd9, 0x86, 0x50, 0x7d,
    0x10, 0x64, 0x43, 0x44, 0x87, 0xfc, 0x88, 0x76,
    0xa0, 0xf9, 0x20, 0x44, 0x1e, 0x83, 0xf4, 0x22,
    0x1f, 0xfc, 0x74, 0xa1, 0x87, 0xff, 0x16, 0x11,
    0xf, 0xfe, 0x3a, 0xc, 0x3f, 0xf8, 0xd2, 0x9,
    0xf, 0xfe, 0x26, 0x9c, 0x50, 0x3f, 0xf8, 0x2e,
    0xc, 0x61, 0xd0, 0xfe, 0x78, 0x70, 0x9c, 0x16,
    0x86, 0x41, 0x2, 0x81, 0xed, 0x2, 0x1f, 0x6e,
    0x87, 0xeb, 0x80,

    /* U+4ECD "仍" */
    0xf, 0xfe, 0x87, 0x7, 0xff, 0x1e, 0x3b, 0xff,
    0xe0, 0xf9, 0x1d, 0x40, 0x5c, 0x4, 0x3d, 0x10,
    0xd0, 0x15, 0x93, 0xf, 0x22, 0x1f, 0xfc, 0x68,
    0x43, 0xfe, 0x44, 0x39, 0xf, 0xfe, 0x44, 0x1f,
    0xfc, 0x14, 0x43, 0x2c, 0x1f, 0xfc, 0x27, 0xe2,
    0x20, 0xfc, 0x86, 0x50, 0x49, 0x7, 0xc8, 0x73,
    0x4c, 0x56, 0x87, 0xf6, 0x1e, 0x43, 0xff, 0x81,
    0x8, 0x7e, 0xc3, 0xff, 0x8f, 0x87, 0xfc, 0x88,
    0x7f, 0x21, 0xfd, 0x10, 0x7c, 0x87, 0xf9, 0x10,
    0xff, 0xe3, 0xc4, 0x1f, 0xfc, 0x6c, 0x43, 0xd4,
    0xc4, 0x3e, 0x41, 0x7, 0x94, 0x8, 0x3c, 0xaf,
    0x7, 0xd4, 0xf0, 0x0,

    /* U+4ECE "从" */
    0xf, 0xfe, 0x8c, 0x87, 0xbc, 0x87, 0xff, 0x1,
    0x83, 0xff, 0xa6, 0x87, 0xff, 0xfc, 0x3f, 0xf8,
    0x88, 0x7f, 0xfe, 0x30, 0xff, 0x90, 0x61, 0x90,
    0x21, 0xff, 0x62, 0x61, 0x62, 0x21, 0xfe, 0x49,
    0x30, 0x24, 0x61, 0xff, 0x24, 0x9, 0x10, 0x21,
    0xfd, 0x18, 0x33, 0xc4, 0x46, 0x1f, 0x28, 0x42,
    0xc5, 0x1, 0x2, 0x1e, 0x8c, 0x3a, 0x20, 0xa2,
    0xe, 0x84, 0x3a, 0x10, 0xca, 0x30, 0xa4, 0x83,
    0x49, 0x7, 0x40, 0xc1, 0x98, 0x69, 0x30, 0xfb,
    0x2, 0x38, 0x7d, 0x87, 0xf4, 0xa0, 0xfd, 0x61,
    0xfe, 0x60,

    /* U+4EE5 "以" */
    0xf, 0x28, 0x3f, 0x21, 0xfe, 0xa2, 0x1e, 0x6c,
    0x32, 0x82, 0x88, 0x3f, 0xf8, 0x34, 0x9, 0x46,
    0x1f, 0x21, 0xfe, 0x93, 0xd, 0x87, 0xff, 0x6,
    0x4, 0x1d, 0x87, 0xff, 0x2, 0x30, 0xff, 0xe3,
    0x3a, 0x12, 0x21, 0xff, 0xef, 0x44, 0x3f, 0xe9,
    0xe, 0xcc, 0x3f, 0xd3, 0x7, 0x22, 0x1f, 0xd2,
    0x41, 0xa1, 0xf, 0xe9, 0x34, 0x25, 0x8, 0x7e,
    0x93, 0xe, 0x82, 0xc3, 0xe4, 0xc3, 0x38, 0xe9,
    0x87, 0xd8, 0x6a, 0x14, 0x24, 0xc0, 0x83, 0x9,
    0xd2, 0x42, 0x81, 0x8d, 0x82, 0xe0, 0x68, 0x76,
    0x8, 0x43, 0xd6, 0x1f, 0xb6, 0xe, 0xa6, 0x87,
    0xfa, 0x0,

    /* U+4EF6 "件" */
    0xf, 0x21, 0xff, 0xca, 0x6c, 0x3e, 0xe0, 0xff,
    0xe0, 0x64, 0x4, 0x3f, 0xf8, 0xc8, 0x82, 0xc3,
    0xff, 0x89, 0x10, 0x11, 0xf, 0xfe, 0x22, 0x20,
    0xcc, 0x3f, 0xf8, 0x78, 0x72, 0x5f, 0xf, 0xe8,
    0x32, 0x1c, 0x8b, 0xc0, 0x5d, 0x84, 0xc1, 0xd1,
    0x5c, 0x35, 0x90, 0xa2, 0x41, 0x8, 0x7f, 0xf0,
    0xe8, 0x85, 0x30, 0x7f, 0xf0, 0xd4, 0x1d, 0x7,
    0xff, 0x2a, 0xbf, 0xd, 0x78, 0x3f, 0x2f, 0xe0,
    0x2f, 0x83, 0xf7, 0xfe, 0x1f, 0xf0, 0x7f, 0xff,
    0xc3, 0xff, 0xfc, 0x87, 0xff, 0x2f, 0xc1, 0xfd,
    0xc1, 0xf0,

    /* U+4EFB "任" */
    0xf, 0x21, 0xff, 0xca, 0xb0, 0xff, 0xe4, 0x22,
    0x1f, 0x9b, 0xc8, 0x7d, 0x10, 0xaa, 0x7d, 0x20,
    0xc3, 0xc8, 0x82, 0x8a, 0xa, 0x9e, 0x83, 0xd1,
    0x3, 0xbe, 0x2, 0x83, 0xf4, 0x1e, 0x43, 0xff,
    0x86, 0x87, 0xff, 0x27, 0xf, 0xfe, 0x4e, 0x41,
    0xff, 0xc8, 0x58, 0x26, 0xbc, 0xa, 0xf2, 0x50,
    0x36, 0xbe, 0x2, 0xfb, 0xf, 0xaf, 0xf0, 0x3f,
    0xd0, 0x7f, 0xff, 0xc3, 0xff, 0xf7, 0x7f, 0x3,
    0xfa, 0xf, 0xed, 0x7f, 0xf8, 0x18, 0x7f, 0x35,
    0xff, 0xc0, 0x40,

    /* U+4F11 "休" */
    0xe, 0x43, 0xe6, 0xf, 0xfe, 0x15, 0x87, 0xb4,
    0x3f, 0xf8, 0x28, 0x7f, 0xf2, 0xf2, 0xf, 0xfe,
    0x4a, 0x21, 0xff, 0xc8, 0x43, 0xff, 0x97, 0x5,
    0x7f, 0x27, 0xfa, 0xc, 0x86, 0xd7, 0x6, 0x5e,
    0xc3, 0x41, 0x9a, 0xc1, 0xab, 0x90, 0x91, 0x41,
    0xff, 0x41, 0xfa, 0x20, 0xfa, 0xc, 0x87, 0xe9,
    0xf, 0xc8, 0x89, 0x7, 0xcc, 0x1f, 0x22, 0x8,
    0x50, 0x7f, 0xf0, 0xe2, 0xa, 0x20, 0xff, 0xe1,
    0x42, 0x19, 0x6, 0x1f, 0xfc, 0x5, 0x10, 0x76,
    0x8, 0x3f, 0xe8, 0x83, 0xe8, 0x60, 0xfe, 0xc0,
    0x87, 0xca, 0x18, 0x3f, 0x46, 0x1f, 0xd3, 0x40,
    0xfc, 0xe1, 0xff, 0x48, 0x79, 0xf, 0xfe, 0x5a,
    0x1f, 0x90, 0xff, 0x0,

    /* U+4F18 "优" */
    0xf, 0xfe, 0x83, 0xc1, 0xad, 0x4, 0x1f, 0xe8,
    0xc3, 0xf2, 0xb0, 0xff, 0x90, 0xf2, 0x28, 0x83,
    0xe8, 0x43, 0xfd, 0x7, 0xf2, 0x41, 0xff, 0x70,
    0x7a, 0xf, 0xfe, 0x52, 0x17, 0xf2, 0x7f, 0xe0,
    0xa0, 0xcb, 0xc0, 0x40, 0xbc, 0x5, 0x8, 0x2b,
    0x81, 0x25, 0x70, 0x22, 0xf, 0xfe, 0x4a, 0x83,
    0xff, 0x91, 0xc1, 0xfe, 0x43, 0xff, 0x90, 0x87,
    0xff, 0x2a, 0x30, 0xff, 0xe5, 0x21, 0xff, 0xc7,
    0x84, 0x3f, 0xf9, 0x9, 0x7, 0xcc, 0x1f, 0xec,
    0x43, 0xf9, 0x83, 0xf4, 0x8, 0x39, 0x4, 0x61,
    0xf4, 0x98, 0x6c, 0xbc, 0x4, 0x3e, 0x88, 0x39,
    0xae, 0xc3, 0xac, 0x1a, 0x1e, 0x5e, 0x0,

    /* U+4F1A "会" */
    0xf, 0xf9, 0xf, 0xfe, 0x4b, 0x61, 0xff, 0xc8,
    0x81, 0x7, 0xff, 0x1b, 0x25, 0x83, 0xff, 0x89,
    0x93, 0x12, 0x1f, 0xfc, 0x2c, 0x50, 0x32, 0x81,
    0xff, 0xc0, 0xca, 0x6, 0xc7, 0xf, 0xeb, 0x24,
    0x3d, 0xa7, 0x7, 0x3a, 0x5d, 0x7e, 0x21, 0xe4,
    0xe1, 0xc5, 0xff, 0xb8, 0x41, 0x9c, 0x3f, 0xfe,
    0x3, 0xc8, 0x30, 0xff, 0xe3, 0x21, 0xff, 0xce,
    0x7f, 0xff, 0x8c, 0x19, 0xaf, 0x25, 0x7f, 0x83,
    0x97, 0xe3, 0x5f, 0xe0, 0xff, 0x63, 0x2, 0xc3,
    0xff, 0x85, 0x94, 0xe, 0xc3, 0xfe, 0x72, 0x43,
    0x49, 0x87, 0xf5, 0x8, 0x5d, 0x40, 0xb0, 0xf9,
    0x40, 0xaf, 0x2e, 0x6, 0x1e, 0x55, 0x5f, 0xfa,
    0xc4, 0x3e, 0x96, 0xf, 0xf7, 0x4,

    /* U+4F46 "但" */
    0xe, 0x90, 0xff, 0xe4, 0xb2, 0x1f, 0xfc, 0x74,
    0x8, 0x17, 0xfe, 0xf, 0x62, 0x6, 0xbf, 0xe0,
    0xf2, 0x41, 0x9f, 0xf8, 0x3e, 0x83, 0xff, 0x94,
    0x87, 0xff, 0x26, 0xf, 0xfe, 0x52, 0x1f, 0x9a,
    0xf8, 0x3b, 0x20, 0xfc, 0xbf, 0x7, 0xc8, 0x7c,
    0xff, 0xc1, 0xde, 0xf, 0xff, 0xf8, 0x4b, 0xf0,
    0x7f, 0xf0, 0xda, 0xf8, 0x3f, 0xf8, 0x2f, 0xff,
    0xc1, 0xff, 0xeb, 0xbd, 0x5f, 0xef, 0x83, 0xfc,
    0xbf, 0xe0, 0xff, 0x5f, 0xff, 0xc3,

    /* U+4F4D "位" */
    0xf, 0xfe, 0x85, 0xc1, 0xde, 0xf, 0xfe, 0xa,
    0x61, 0xc9, 0x7, 0xfc, 0x81, 0xe, 0x85, 0x7,
    0xfb, 0x10, 0xfa, 0x88, 0x7f, 0x92, 0x1f, 0xea,
    0x7f, 0x90, 0xa0, 0xe5, 0xff, 0xe1, 0x4, 0x86,
    0x6b, 0xff, 0x82, 0x14, 0x1f, 0xfc, 0x26, 0x43,
    0x90, 0xfb, 0xc1, 0xdb, 0x6, 0xc9, 0xf, 0xfe,
    0x2, 0x21, 0xe4, 0x3c, 0x88, 0x7a, 0xd, 0xe0,
    0xfb, 0x20, 0xff, 0xe4, 0x21, 0xc8, 0x87, 0xff,
    0xd, 0x10, 0x66, 0x1f, 0xfc, 0x3c, 0xc0, 0x88,
    0x7f, 0xf0, 0xd1, 0xf, 0xfe, 0x52, 0x22, 0x1f,
    0xfc, 0x5e, 0x33, 0xf, 0xfe, 0x3, 0xff, 0x25,
    0xfc, 0x19, 0x2, 0xff, 0xf1, 0x3, 0xf5, 0x7f,
    0xf0, 0xc0,

    /* U+4F4E "低" */
    0xe, 0x50, 0x7f, 0xf2, 0xba, 0x7, 0xfd, 0x7,
    0xf2, 0x41, 0xca, 0xa7, 0x98, 0x3e, 0x44, 0x1f,
    0xa8, 0xa1, 0x58, 0x7d, 0x98, 0x6a, 0xc3, 0xd1,
    0xf, 0x91, 0x9, 0x78, 0x3f, 0xf8, 0x10, 0x7f,
    0xf2, 0xd0, 0xff, 0xe5, 0x41, 0xff, 0xcb, 0x43,
    0xe6, 0xb0, 0xd7, 0x5, 0x90, 0x7c, 0xb8, 0xb,
    0xc1, 0x4a, 0xf, 0x3f, 0x93, 0xf8, 0x26, 0xf,
    0xfe, 0xc6, 0x21, 0xff, 0xc9, 0x4c, 0x3f, 0xf8,
    0xe8, 0x48, 0x7f, 0xf1, 0xb8, 0x8, 0x7f, 0xf1,
    0xb1, 0x4, 0x40, 0x90, 0xff, 0x92, 0xe, 0x50,
    0x20, 0xfe, 0x41, 0xe, 0xc, 0x94, 0x1f, 0xe5,
    0x6b, 0x10, 0x22, 0x20, 0xff, 0x41, 0x4e, 0x6,
    0x58,

    /* U+4F4F "住" */
    0xf, 0xfe, 0x85, 0xe0, 0xef, 0x7, 0xff, 0x5,
    0x10, 0xfa, 0xf, 0xf9, 0x4, 0x1d, 0x87, 0xff,
    0x6, 0x10, 0xfa, 0x81, 0xfe, 0x41, 0x1f, 0xeb,
    0xfe, 0xd, 0x6, 0x5f, 0x1, 0x7c, 0x12, 0x1d,
    0x5e, 0x5, 0x78, 0x28, 0x3f, 0xf9, 0x38, 0x87,
    0xff, 0x2a, 0xf, 0xfe, 0x45, 0x87, 0xbd, 0x4c,
    0x14, 0xf4, 0x12, 0x1f, 0xca, 0x9, 0x41, 0xff,
    0xc2, 0xfe, 0x7, 0xe8, 0x3f, 0xff, 0xe1, 0xff,
    0xeb, 0x43, 0xff, 0x8b, 0xfd, 0x3, 0xfe, 0xf,
    0xcb, 0xff, 0xc3,

    /* U+4F53 "体" */
    0xf, 0xfe, 0x8f, 0x7, 0xac, 0x3f, 0xf8, 0x68,
    0x7f, 0xf2, 0x52, 0xf, 0xfe, 0x4e, 0x21, 0xff,
    0xc9, 0x40, 0xbe, 0x4, 0xbd, 0x7, 0x42, 0x57,
    0x91, 0xae, 0x43, 0x90, 0xbf, 0x41, 0xdf, 0xc1,
    0xa0, 0xfd, 0x88, 0x87, 0xf9, 0xf, 0xc8, 0x59,
    0x7, 0xd9, 0x7, 0x92, 0x2, 0x21, 0xf4, 0xa0,
    0xf4, 0x21, 0x44, 0x1e, 0x60, 0xf4, 0x21, 0x97,
    0x7, 0xff, 0x1, 0x44, 0x1d, 0x12, 0x1f, 0xe6,
    0x30, 0xfa, 0x28, 0x1f, 0x98, 0x83, 0xf3, 0xc,
    0x1e, 0x72, 0x7e, 0x4f, 0xa6, 0x20, 0xf3, 0x44,
    0x58, 0xb, 0x1, 0xc3, 0xf9, 0x5, 0x49, 0x58,
    0x3f, 0xff, 0xe0,

    /* U+4F55 "何" */
    0xe, 0x43, 0xff, 0x95, 0x61, 0xff, 0xc8, 0x44,
    0xaf, 0xfe, 0x18, 0x6c, 0x85, 0xff, 0xe1, 0x86,
    0x42, 0xff, 0xf2, 0x7c, 0x14, 0x21, 0xff, 0xc8,
    0x43, 0xff, 0x93, 0x7, 0xbf, 0xd0, 0x7e, 0x58,
    0x3e, 0x58, 0x3f, 0xd1, 0x7, 0x9a, 0x83, 0xfc,
    0xc1, 0xff, 0xc9, 0x90, 0xff, 0xff, 0x8f, 0xc1,
    0xff, 0xc8, 0x58, 0x3f, 0xf8, 0xed, 0x4e, 0x1f,
    0xfc, 0x4a, 0x5, 0x21, 0xff, 0xc4, 0x43, 0xff,
    0xa6, 0x87, 0xff, 0x23, 0xc1, 0xff, 0xc9, 0x41,
    0x7, 0xdc, 0x1f, 0xeb, 0xc8, 0x40,

    /* U+4F59 "余" */
    0xf, 0xe6, 0x43, 0xff, 0x91, 0x30, 0x7f, 0xf1,
    0xe0, 0xa0, 0xff, 0xe2, 0xa8, 0xd5, 0x7, 0xff,
    0x12, 0x22, 0x18, 0x3f, 0xf8, 0x58, 0xa0, 0x6a,
    0xd0, 0xff, 0xb1, 0x83, 0x49, 0x68, 0x7c, 0xe3,
    0x7, 0xa8, 0xb, 0xd0, 0x1e, 0x12, 0xbf, 0x7a,
    0xa, 0x18, 0x14, 0x5f, 0xf0, 0xf4, 0x3, 0x3a,
    0x7e, 0x7, 0xe0, 0x94, 0x13, 0x7, 0xff, 0x86,
    0xeb, 0xc0, 0xae, 0xf0, 0x7e, 0x5f, 0x1, 0x78,
    0x3f, 0x5f, 0xf0, 0x3f, 0xe0, 0xfe, 0x60, 0xf9,
    0xd0, 0xff, 0x32, 0x83, 0xf4, 0x87, 0xea, 0x12,
    0x1e, 0x62, 0x43, 0xda, 0x48, 0x7e, 0x62, 0x43,
    0x40, 0xd0, 0x50, 0x3c, 0xa3, 0xd, 0x38, 0x72,
    0x21, 0xd5, 0x7, 0x41, 0xdd, 0xc1, 0xe4, 0x30,

    /* U+4F60 "你" */
    0xf, 0x21, 0xff, 0xc9, 0x6c, 0x27, 0x83, 0xff,
    0x85, 0x88, 0x59, 0x87, 0xff, 0x9, 0x20, 0x91,
    0xf, 0xfe, 0xa, 0x41, 0x40, 0xaf, 0xe0, 0xe8,
    0x42, 0x40, 0xbf, 0xc1, 0xa0, 0xe8, 0x7f, 0xe8,
    0x42, 0x50, 0x72, 0x41, 0xf4, 0x41, 0x41, 0xd9,
    0x5, 0xe0, 0x21, 0xd9, 0x4, 0x81, 0xf, 0x9f,
    0x5, 0xa8, 0x27, 0xc1, 0xff, 0xc3, 0x83, 0xf2,
    0x1e, 0x43, 0xff, 0x84, 0xd0, 0x33, 0x61, 0xff,
    0xc1, 0x88, 0x32, 0x88, 0x3f, 0xe8, 0x43, 0xd0,
    0x87, 0xf9, 0x44, 0x1f, 0x46, 0x1f, 0x98, 0xc3,
    0xf2, 0x8, 0x3f, 0xa0, 0xff, 0x46, 0x1f, 0x3a,
    0x1f, 0xe7, 0x43, 0xff, 0xad, 0x78, 0x3f, 0xf9,
    0x10, 0x1c, 0x3f, 0xef, 0x7, 0xbd, 0x7, 0xe0,

    /* U+4F7F "使" */
    0xe, 0x43, 0xf5, 0x3, 0xff, 0x81, 0x61, 0xf2,
    0x1f, 0xfc, 0x4, 0x43, 0xff, 0x91, 0x13, 0x5e,
    0x1a, 0xf2, 0x1f, 0x6b, 0xe0, 0x2f, 0x83, 0x42,
    0x5f, 0xe1, 0xff, 0x21, 0x21, 0xff, 0xc9, 0x83,
    0xaf, 0xe1, 0xfe, 0xc, 0xa0, 0xf5, 0x48, 0x2a,
    0xe, 0x8c, 0x3c, 0xb4, 0x2f, 0x7, 0x90, 0xff,
    0xe4, 0x58, 0x72, 0x56, 0x1a, 0x90, 0xff, 0x91,
    0x70, 0x16, 0xf, 0xfe, 0x5, 0xfa, 0x1f, 0xe0,
    0xff, 0xbc, 0x1b, 0xf, 0xfe, 0x24, 0x46, 0x21,
    0xff, 0xc4, 0x5b, 0x43, 0xff, 0x8f, 0x20, 0x43,
    0xff, 0x8f, 0x81, 0x41, 0xff, 0xc5, 0x62, 0x2e,
    0xf, 0xf2, 0x7, 0x9d, 0xd1, 0xfc, 0x87, 0xd4,
    0x28, 0x15, 0xc8, 0x48, 0x6f, 0x17, 0x90, 0xf3,
    0x7c, 0x0,

    /* U+4F9B "供" */
    0xf, 0xfe, 0x83, 0xe0, 0xac, 0x2b, 0xf, 0xf4,
    0x41, 0x21, 0x90, 0xff, 0xe0, 0xa1, 0xff, 0xc7,
    0x44, 0x3f, 0xf9, 0x11, 0x7, 0xff, 0x1d, 0xd,
    0x50, 0x2a, 0x5, 0x48, 0x68, 0x32, 0xc0, 0x58,
    0xb, 0x61, 0x41, 0xdf, 0x3, 0xe0, 0x7d, 0x1,
    0x41, 0xff, 0xc9, 0x88, 0x3f, 0xf9, 0x1c, 0x87,
    0xff, 0x25, 0xf, 0xfe, 0x7b, 0xf0, 0x3e, 0x7,
    0xe0, 0xfd, 0x87, 0xff, 0x9, 0xf, 0xaf, 0xff,
    0xe1, 0x21, 0xff, 0x68, 0x6e, 0xf, 0xfe, 0x14,
    0x41, 0xcc, 0x1f, 0xfc, 0x9, 0x30, 0xd0, 0xa0,
    0xff, 0x49, 0x87, 0x31, 0x21, 0xfa, 0x4c, 0x3e,
    0x51, 0x7, 0xec, 0x83, 0xfa, 0x70, 0xef, 0xe,
    0x87, 0xfa, 0x0,

    /* U+4FDD "保" */
    0xf, 0x21, 0xff, 0xca, 0x68, 0x5, 0xff, 0x7,
    0xf6, 0x60, 0xaf, 0xf0, 0x7f, 0x22, 0x13, 0xfe,
    0x43, 0xf9, 0x20, 0xff, 0xe4, 0xc2, 0x1f, 0xfc,
    0x84, 0x3f, 0xf9, 0x70, 0x7c, 0xff, 0x90, 0xfa,
    0xf, 0x97, 0x1, 0x70, 0x72, 0x84, 0x3a, 0xb0,
    0x2b, 0x7, 0x46, 0x1f, 0xfc, 0x9a, 0x6, 0x6b,
    0xc0, 0xaf, 0x20, 0x50, 0x6d, 0x7c, 0x5, 0xf6,
    0x1f, 0xaf, 0xc1, 0xd7, 0xe8, 0x3f, 0xf8, 0x11,
    0x1, 0x83, 0xff, 0x88, 0xb8, 0x11, 0x87, 0xff,
    0xe, 0x20, 0xd1, 0x7, 0xff, 0x7, 0x20, 0xe5,
    0xb4, 0x3f, 0x9c, 0x90, 0xf4, 0x94, 0xf, 0xd9,
    0x21, 0xfa, 0x86, 0x1f, 0xad, 0xf, 0xf3, 0xa1,
    0xc8, 0x7f, 0xf1, 0xc0,

    /* U+4FE1 "信" */
    0xf, 0xfe, 0x85, 0xc1, 0xcf, 0x7, 0xff, 0x1,
    0x30, 0xe4, 0x43, 0xff, 0x84, 0x87, 0xa4, 0x3f,
    0xe8, 0x8f, 0xf4, 0xff, 0xc1, 0x91, 0x15, 0x5f,
    0xf3, 0x5, 0x6, 0xa2, 0xff, 0xd2, 0x12, 0x1c,
    0xd7, 0xfc, 0x85, 0x7, 0xb5, 0xff, 0x82, 0x50,
    0x86, 0xbf, 0xfe, 0x41, 0x10, 0x73, 0x2f, 0xf4,
    0x14, 0xa0, 0xed, 0xaf, 0xe5, 0x1, 0x83, 0xd7,
    0xff, 0xc8, 0x7f, 0xf5, 0x5f, 0xff, 0x83, 0xff,
    0x82, 0xd7, 0xc8, 0x7f, 0xf0, 0xb5, 0xf8, 0x3f,
    0xfb, 0x5a, 0xfe, 0xf, 0xfe, 0x13, 0x5f, 0x7,
    0xff, 0xe, 0xff, 0x90, 0xf9, 0xf, 0xfe, 0x30,

    /* U+5026 "倦" */
    0xe, 0x43, 0xf2, 0x83, 0xff, 0x83, 0x68, 0x20,
    0xa8, 0x16, 0x1f, 0x90, 0x24, 0xc1, 0x20, 0x84,
    0x3e, 0xc8, 0x10, 0xa0, 0xcb, 0x83, 0xe4, 0x42,
    0xc5, 0x7, 0x41, 0xf2, 0x21, 0x4c, 0xe0, 0x49,
    0x60, 0xe8, 0x39, 0xa9, 0x1a, 0xf0, 0x64, 0x3d,
    0xf8, 0x1f, 0xf0, 0x68, 0x3f, 0xe4, 0x3f, 0xd0,
    0x84, 0xff, 0xf, 0xfe, 0x2, 0x41, 0x2a, 0x88,
    0x2a, 0x5, 0x60, 0x78, 0x3a, 0x58, 0xd6, 0x80,
    0xb0, 0x7f, 0xd8, 0x86, 0x49, 0xf, 0xfe, 0x6,
    0x7, 0xf8, 0x16, 0x87, 0xeb, 0x14, 0x56, 0x6,
    0x8, 0x3f, 0x25, 0x0, 0xb8, 0x2d, 0x83, 0xf7,
    0x90, 0xea, 0x6, 0x90, 0xff, 0xe2, 0x28, 0x83,
    0xff, 0x91, 0x4d, 0x34, 0x3f, 0xf8, 0xaa, 0xd,
    0x7, 0xff, 0xe, 0xbd, 0x87, 0xff, 0xe, 0x17,
    0xc0, 0xc0,

    /* U+503C "值" */
    0xf, 0xfe, 0x83, 0xc1, 0xef, 0x7, 0xff, 0x3,
    0x10, 0xff, 0xe4, 0x24, 0xd7, 0x2, 0xbc, 0x1c,
    0x81, 0xd7, 0x80, 0xbe, 0xe, 0x88, 0xbf, 0x43,
    0xfe, 0xc, 0x81, 0xf, 0xfe, 0x3c, 0x1e, 0xfa,
    0x1f, 0xc1, 0xd0, 0x7e, 0x7f, 0xc8, 0x72, 0x83,
    0xff, 0x93, 0x12, 0x1e, 0x7f, 0xc8, 0x77, 0x21,
    0xfa, 0xbc, 0x1f, 0x21, 0xf9, 0x7f, 0x7, 0xff,
    0xd, 0xff, 0x21, 0xff, 0xc4, 0xaf, 0x7, 0xff,
    0x11, 0x7f, 0x7, 0xff, 0xd, 0xff, 0x21, 0xff,
    0xc4, 0xaf, 0x7, 0xff, 0x11, 0x7f, 0x7, 0xfc,
    0xd0, 0x6b, 0xc9, 0x44, 0x3e, 0x94, 0x5, 0xf0,
    0x15, 0x6, 0x41, 0xff, 0xfc, 0x40,

    /* U+505C "停" */
    0xe, 0x83, 0xf5, 0x3, 0xff, 0x82, 0xe1, 0xf2,
    0x83, 0xff, 0x80, 0x91, 0x5e, 0x5, 0x79, 0xe,
    0x84, 0x5f, 0x1, 0x7d, 0x87, 0xf7, 0xff, 0xf0,
    0xa0, 0xd0, 0x84, 0xbf, 0xf0, 0x7c, 0x87, 0x75,
    0xfe, 0xf, 0x41, 0xec, 0xff, 0x90, 0xf2, 0x83,
    0xd9, 0x2f, 0x83, 0xe8, 0xc3, 0xe6, 0xbc, 0x87,
    0x94, 0x1e, 0xbf, 0xfc, 0x1d, 0x40, 0xdf, 0xff,
    0xc4, 0xf, 0xf5, 0x7f, 0xf0, 0x3, 0xfe, 0x5f,
    0xfe, 0x10, 0x7f, 0x73, 0x45, 0xfa, 0x6c, 0x3f,
    0xe5, 0x57, 0xce, 0x1f, 0xfc, 0x7, 0xf2, 0x7e,
    0x83, 0xff, 0xd8, 0x87, 0xff, 0x4a, 0x88, 0x7f,
    0xf2, 0x91, 0xf, 0xfe, 0x7, 0x83, 0xd7, 0xa0,
    0xfc,

    /* U+50CF "像" */
    0xe, 0x43, 0xd0, 0x7f, 0xf0, 0xed, 0xa, 0x70,
    0xff, 0xe0, 0xa0, 0x40, 0xa3, 0xf, 0xfe, 0xe,
    0x41, 0x40, 0xfe, 0x83, 0xf2, 0x20, 0xcb, 0xf0,
    0x20, 0xf9, 0x10, 0x62, 0x2e, 0x17, 0x7, 0x41,
    0x60, 0x6b, 0x86, 0xb0, 0x48, 0x6a, 0xf, 0xc0,
    0xfc, 0x1d, 0x6, 0x50, 0x64, 0x83, 0xf4, 0x41,
    0xe7, 0xd1, 0x7e, 0xf, 0x21, 0xd5, 0x1, 0xaf,
    0x81, 0x61, 0xe4, 0x81, 0xac, 0x48, 0x7f, 0xae,
    0x32, 0x4a, 0x10, 0x7f, 0x28, 0xb8, 0x16, 0x9c,
    0x1f, 0xcd, 0xb3, 0x40, 0x21, 0xff, 0xc1, 0x56,
    0xce, 0x8, 0x83, 0xfc, 0xf3, 0xba, 0x12, 0xc1,
    0xfc, 0x94, 0x72, 0x80, 0x89, 0xf, 0xec, 0xe3,
    0x43, 0x65, 0x3, 0xe7, 0x8b, 0x6, 0x1b, 0x60,
    0xf9, 0x6d, 0x19, 0xe, 0x83, 0xfa, 0x81, 0x49,
    0x87, 0xfb, 0x83, 0xea, 0x61, 0xf0,

    /* U+513F "儿" */
    0xf, 0x96, 0xd, 0xc1, 0xff, 0xc3, 0xa6, 0x1c,
    0x87, 0xff, 0xd, 0xf, 0xfe, 0x6e, 0x1f, 0xff,
    0xf0, 0xff, 0xef, 0x22, 0x1f, 0xff, 0x84, 0x3f,
    0xf9, 0x78, 0x87, 0xff, 0x25, 0x20, 0xff, 0xe4,
    0x21, 0xff, 0xcb, 0x88, 0x3f, 0xf8, 0x28, 0x7b,
    0x14, 0x1f, 0xfc, 0x1b, 0xd, 0x82, 0xf, 0xfe,
    0xc, 0x19, 0xc1, 0x87, 0xfb, 0xf2, 0x40, 0x81,
    0x7, 0xf6, 0x1e, 0x50, 0x36, 0x43, 0xfd, 0xfe,
    0x80,

    /* U+5148 "先" */
    0xf, 0xfe, 0x7a, 0x1b, 0xc1, 0xff, 0xc2, 0x6c,
    0x3f, 0xf8, 0xf1, 0x7, 0xff, 0x25, 0xf, 0xfe,
    0x34, 0xf, 0xc0, 0xff, 0x83, 0xc8, 0xbc, 0x12,
    0xc1, 0xfa, 0x1a, 0xe0, 0x75, 0x7c, 0x1c, 0x90,
    0x7f, 0xf1, 0xf8, 0x3f, 0xf8, 0xcf, 0x75, 0xe0,
    0x75, 0xf7, 0x62, 0xfe, 0x9, 0x7e, 0x5, 0xfe,
    0x7, 0xe1, 0xff, 0x41, 0xff, 0xd0, 0x44, 0x3f,
    0xf8, 0xf9, 0x87, 0xff, 0x1d, 0x10, 0xff, 0xe3,
    0x42, 0x1f, 0xf2, 0x1e, 0x92, 0xf, 0xfa, 0xe0,
    0xa4, 0xc3, 0xe4, 0x3d, 0x96, 0x98, 0x7f, 0x74,
    0xc0, 0x84, 0xe1, 0xfa, 0x2, 0x81, 0x82, 0xa0,
    0xfe, 0x7f, 0xc0,

    /* U+514B "克" */
    0xf, 0xf2, 0x83, 0xff, 0x91, 0x61, 0xff, 0xd5,
    0xaf, 0xe1, 0xaf, 0xc1, 0x2f, 0xf0, 0x17, 0xf8,
    0x1f, 0xfc, 0x3f, 0xf9, 0xf, 0xfe, 0x72, 0xfc,
    0x2f, 0xc1, 0xf7, 0x5e, 0x5, 0x78, 0x3f, 0xaf,
    0xff, 0x7, 0xff, 0xfc, 0x17, 0xff, 0x83, 0xfb,
    0x5c, 0x2c, 0x5, 0xc1, 0xf3, 0x50, 0x3a, 0xd,
    0x60, 0xff, 0x91, 0xf, 0xfe, 0x34, 0x21, 0xff,
    0xc6, 0x92, 0xf, 0xf6, 0x86, 0x74, 0x83, 0xfc,
    0x90, 0x2e, 0x6, 0x87, 0x35, 0xc2, 0xc, 0x16,
    0x1e, 0x85, 0xc3, 0x1, 0xb4, 0x3e, 0x7f, 0xd0,
    0x0,

    /* U+5165 "入" */
    0xf, 0xfe, 0x93, 0x87, 0xff, 0x26, 0x34, 0x3f,
    0xf8, 0xfa, 0x48, 0x7f, 0xf1, 0xe4, 0x83, 0xff,
    0x91, 0x26, 0x1f, 0xfc, 0x88, 0x8, 0x7f, 0xf2,
    0xa0, 0xff, 0xe3, 0xc1, 0x21, 0xff, 0xc6, 0x48,
    0x83, 0xff, 0x8b, 0xa, 0xf, 0xfe, 0x3a, 0x42,
    0x41, 0xff, 0xc3, 0x84, 0x10, 0x87, 0xff, 0x9,
    0x44, 0x12, 0x41, 0xff, 0xc1, 0x88, 0x34, 0x28,
    0x3f, 0xec, 0x50, 0x72, 0x41, 0xfe, 0x81, 0x7,
    0xa0, 0x68, 0x7d, 0x26, 0x1f, 0xb0, 0x48, 0x76,
    0x98, 0x7f, 0xb0, 0x58, 0x2c, 0x18, 0x7f, 0xf0,
    0x20, 0xa3, 0x6, 0x1f, 0xfc, 0x17, 0x18, 0x6c,
    0x3f, 0xf8, 0x9c, 0x0,

    /* U+5168 "全" */
    0xf, 0xf2, 0x1f, 0xfc, 0x86, 0xc3, 0xff, 0x8f,
    0x1, 0xf, 0xfe, 0x2c, 0x2a, 0xf, 0xfe, 0x24,
    0x94, 0x30, 0xff, 0xe1, 0x49, 0x82, 0x34, 0x3f,
    0xe9, 0x30, 0x98, 0xa0, 0x7e, 0x74, 0xc3, 0x98,
    0x74, 0x33, 0xc3, 0x87, 0xce, 0x97, 0x9a, 0x1,
    0x5f, 0xfe, 0x58, 0x28, 0x7c, 0xbc, 0x5, 0xee,
    0xd4, 0x70, 0xd7, 0x2, 0xb9, 0x4, 0x1f, 0xfe,
    0x46, 0xbc, 0xa, 0xf8, 0x3d, 0xaf, 0x80, 0xbf,
    0x7, 0xaf, 0xf0, 0x3f, 0xe0, 0xff, 0xfd, 0x35,
    0xf8, 0x15, 0xf9, 0x6, 0xbf, 0x80, 0xbf, 0x82,
    0xbf, 0xff, 0x8c, 0x80,

    /* U+5171 "共" */
    0xf, 0x3c, 0x1d, 0xe0, 0xff, 0xe1, 0x21, 0xff,
    0xdd, 0x44, 0x3f, 0xfb, 0x3f, 0xc3, 0xfc, 0xf,
    0xd0, 0x4b, 0xc0, 0x5e, 0x2, 0xec, 0x2a, 0xe1,
    0xae, 0x5, 0x64, 0x3f, 0xff, 0xe1, 0xff, 0xc2,
    0xbf, 0xc3, 0xfc, 0xf, 0xf9, 0x7f, 0xf9, 0x55,
    0xff, 0xc9, 0xf, 0xbc, 0x19, 0xe0, 0xff, 0xe0,
    0x60, 0x42, 0xc7, 0x43, 0xf5, 0x83, 0x42, 0xb0,
    0x50, 0x39, 0xd2, 0xc3, 0xee, 0x1d, 0x7, 0x3,
    0x43, 0xf9, 0xc1, 0x3, 0x2c, 0x3f, 0xf8, 0x3b,
    0x0,

    /* U+5173 "关" */
    0xf, 0xfe, 0x12, 0x1f, 0xfc, 0x1e, 0xf, 0x58,
    0x7f, 0xf0, 0x54, 0x19, 0xf, 0xfe, 0x14, 0x41,
    0xa2, 0xf, 0xfe, 0x2, 0xc1, 0xe4, 0x3f, 0x35,
    0x81, 0x56, 0x35, 0xc1, 0xb5, 0xfe, 0x2, 0xf8,
    0x35, 0xff, 0x3, 0xff, 0x7, 0xff, 0xfc, 0x3f,
    0xf8, 0x97, 0xfe, 0x7, 0xff, 0x3, 0x5f, 0xc0,
    0x5f, 0xe0, 0x35, 0xf0, 0x4d, 0x7e, 0xf, 0xf2,
    0x24, 0x1f, 0xfc, 0x4c, 0xa0, 0xc1, 0xff, 0xc2,
    0xc5, 0x18, 0xe1, 0xff, 0x38, 0xc1, 0x60, 0xe0,
    0xf9, 0xe2, 0x81, 0xda, 0x3e, 0x81, 0x70, 0xe8,
    0x7d, 0x40, 0x90, 0x43, 0xc1, 0xfe, 0x78, 0x82,
    0xe0, 0xff, 0xe1, 0x3a, 0x0,

    /* U+5185 "内" */
    0xf, 0xe5, 0x7, 0xff, 0x1e, 0x88, 0x7f, 0xf1,
    0x91, 0xf, 0xfe, 0x9d, 0x7e, 0x4a, 0xfe, 0x2,
    0xfe, 0x2, 0xff, 0x6, 0xff, 0x3, 0xfe, 0xf,
    0xff, 0x4a, 0x1f, 0xfc, 0x88, 0x1a, 0x1f, 0xfc,
    0x38, 0x11, 0x40, 0xff, 0xe0, 0xa8, 0xdc, 0x70,
    0xff, 0x98, 0x82, 0xc1, 0xa1, 0xfa, 0x82, 0x83,
    0x60, 0xc3, 0xfc, 0xc1, 0xee, 0x81, 0xfa, 0xe0,
    0xfc, 0x87, 0xff, 0xd1, 0xf, 0xfe, 0x2b, 0xe8,
    0x24, 0x3f, 0xf8, 0x2a, 0x3, 0x8f, 0x83, 0xff,
    0x81, 0x7a, 0x0,

    /* U+518C "册" */
    0xa, 0xbe, 0x3, 0x5e, 0xf, 0x2f, 0x82, 0xd7,
    0xc1, 0xfb, 0xe0, 0xf5, 0xe4, 0x3f, 0xff, 0xe1,
    0xff, 0xf1, 0xa8, 0x15, 0xd, 0x13, 0xa2, 0x54,
    0xb0, 0x16, 0x2, 0x80, 0xb0, 0x16, 0xf8, 0x1f,
    0xf, 0x93, 0xe4, 0xf8, 0x32, 0x1f, 0xfd, 0x14,
    0x3f, 0xe4, 0xc3, 0xff, 0x8f, 0x87, 0xf9, 0xf,
    0xf2, 0x21, 0xe4, 0x3f, 0xf9, 0x39, 0x87, 0xf4,
    0x41, 0xf2, 0x21, 0x21, 0xc8, 0x83, 0xc0, 0x44,
    0x1e, 0xe, 0x44, 0x24, 0x60, 0x40, 0x86, 0x9,
    0xe0, 0xae, 0x1c, 0x27, 0x90, 0x80,

    /* U+518D "再" */
    0x5, 0x7f, 0xf1, 0xd0, 0x97, 0xff, 0x8f, 0x85,
    0xff, 0xc0, 0xff, 0xd0, 0x7f, 0xf9, 0xff, 0xe0,
    0x7f, 0x83, 0xfd, 0x5c, 0xa, 0xc1, 0xff, 0xc0,
    0x5e, 0x2, 0xe0, 0xff, 0xeb, 0xaf, 0x1, 0x70,
    0x7f, 0xf0, 0x2b, 0x81, 0x58, 0x3f, 0xf8, 0x1f,
    0xc0, 0xfc, 0x1f, 0xfe, 0x87, 0xe0, 0x7f, 0x3,
    0xf0, 0x3f, 0x2e, 0x2, 0xff, 0xc0, 0x5c, 0x54,
    0xa, 0xff, 0x81, 0x58, 0x3f, 0xfe, 0x3e, 0xf,
    0xfe, 0x4a, 0x8, 0x3f, 0x78, 0x3f, 0xaf, 0x21,
    0x80,

    /* U+5199 "写" */
    0xff, 0xfe, 0x40, 0x4b, 0xff, 0xc4, 0xe, 0xaf,
    0xfe, 0x22, 0x1e, 0x78, 0x3f, 0xf8, 0x4a, 0x6,
    0x61, 0xff, 0x59, 0x40, 0xda, 0xfe, 0xa0, 0x7f,
    0x9a, 0xfc, 0xa0, 0xfc, 0x9f, 0xff, 0x7, 0xff,
    0xa3, 0xff, 0xf8, 0x10, 0x79, 0x7f, 0xf8, 0x21,
    0xfa, 0xbf, 0xf8, 0x21, 0xff, 0xc8, 0x43, 0x35,
    0xff, 0xc1, 0xf, 0xb5, 0xff, 0xe0, 0x86, 0xc1,
    0x7f, 0xff, 0x4, 0x18, 0x7f, 0xf2, 0x11, 0xf,
    0xfe, 0x15, 0xf0, 0x87, 0xff, 0xe, 0xa, 0x81,
    0xff, 0xc4, 0xf9, 0xc,

    /* U+51B2 "冲" */
    0xf, 0xfe, 0x12, 0x83, 0xff, 0x91, 0x40, 0xff,
    0xe9, 0x68, 0x7f, 0xf1, 0xe2, 0x43, 0xff, 0x8d,
    0x24, 0x83, 0xfc, 0xf, 0xf0, 0x24, 0x90, 0x97,
    0x1, 0x70, 0x85, 0x22, 0x15, 0x60, 0x56, 0xf,
    0x58, 0x7f, 0xfd, 0x64, 0x3f, 0xf9, 0xc, 0x15,
    0x60, 0x56, 0xf, 0x42, 0x12, 0xe0, 0x2e, 0xf,
    0x24, 0x17, 0xe0, 0x7e, 0xe, 0x88, 0x3f, 0xf8,
    0x68, 0x14, 0x20, 0xe0, 0xff, 0x78, 0x11, 0x6,
    0x43, 0xff, 0x83, 0x81, 0xf, 0xfe, 0x32, 0x41,
    0xff, 0xc7, 0xa2, 0x1f, 0xfc, 0x84, 0x3f, 0xf8,
    0xe0,

    /* U+51B3 "决" */
    0xf, 0xfe, 0x5, 0x3, 0xff, 0x92, 0xa0, 0xff,
    0x28, 0x3f, 0xf9, 0x34, 0x43, 0xff, 0x90, 0x90,
    0x4d, 0x60, 0x57, 0x7, 0x49, 0x84, 0xb8, 0xb,
    0xc1, 0xe8, 0x10, 0xfe, 0x7, 0xc1, 0xfd, 0x90,
    0x7f, 0xf2, 0x70, 0xff, 0xe9, 0xa1, 0xff, 0xd8,
    0xd2, 0xb8, 0x6a, 0x5, 0x41, 0x93, 0x5f, 0x1,
    0x60, 0x28, 0x3a, 0x27, 0xf2, 0x7, 0xfd, 0x4,
    0x88, 0x79, 0x2, 0x1f, 0xe8, 0x83, 0xa1, 0x88,
    0x3f, 0x42, 0x1c, 0xa2, 0x46, 0xf, 0x28, 0x83,
    0xa2, 0x6, 0x30, 0x72, 0x21, 0xd8, 0xa0, 0xa1,
    0xc3, 0xb8, 0x27, 0x18, 0x33, 0x3, 0x90, 0xf7,
    0xc, 0x1e, 0x70, 0x38, 0x7e, 0xa0, 0x7f, 0x71,
    0x7, 0xbc, 0x87, 0xfc, 0xe0,

    /* U+51C6 "准" */
    0xf, 0xe4, 0x34, 0x1f, 0xfc, 0x4b, 0x49, 0xc3,
    0xed, 0xf, 0xc9, 0x24, 0x1c, 0x90, 0x72, 0x21,
    0x46, 0x1c, 0xc6, 0x1a, 0x5, 0x67, 0xac, 0x6,
    0x30, 0x20, 0x5f, 0xf8, 0x25, 0x5, 0x3, 0xf0,
    0x3f, 0x83, 0x58, 0x87, 0xff, 0x26, 0xf, 0xfe,
    0x44, 0x20, 0xac, 0xa, 0xc8, 0x7a, 0x60, 0x2e,
    0x2, 0xe0, 0xfd, 0x5, 0xf8, 0x1f, 0x90, 0xde,
    0xf, 0xfe, 0xec, 0x41, 0xdf, 0x81, 0xf9, 0x9,
    0x10, 0xea, 0xc0, 0xac, 0x82, 0x10, 0xf2, 0xe0,
    0x2e, 0x9, 0x20, 0xff, 0xe3, 0x42, 0x1f, 0x56,
    0x5, 0x73, 0x98, 0x7c, 0xb8, 0xb, 0xdb, 0xa1,
    0xf7, 0xff, 0xd0, 0x7f, 0xf2, 0x80,

    /* U+51ED "凭" */
    0xf, 0x21, 0xff, 0xc9, 0x6c, 0x3f, 0x2a, 0x81,
    0xfa, 0x22, 0x9f, 0xd4, 0x50, 0x7d, 0x8a, 0x17,
    0x2, 0xfc, 0x1e, 0x81, 0x3, 0xd4, 0x44, 0x3f,
    0x94, 0x1f, 0xfc, 0x86, 0xc, 0xbf, 0xb, 0xe8,
    0x11, 0x85, 0x5e, 0x5, 0x79, 0x47, 0x83, 0x7f,
    0x93, 0xfe, 0x43, 0xff, 0xd5, 0x7e, 0x4f, 0xf0,
    0x7f, 0xba, 0xff, 0xe0, 0x7, 0xa8, 0x5, 0xff,
    0xe0, 0x87, 0x94, 0x57, 0xf2, 0x1f, 0xfc, 0x15,
    0xfe, 0xf, 0xfe, 0x27, 0xf4, 0x1f, 0xfc, 0x24,
    0x43, 0xff, 0x91, 0x98, 0x7f, 0xca, 0xf, 0x28,
    0x43, 0xfe, 0xa2, 0x13, 0x42, 0xf, 0xd2, 0xa0,
    0x20, 0xe4, 0xd0, 0xf2, 0x8a, 0x24, 0x14, 0xd8,
    0x7f, 0x5f, 0xc8,

    /* U+51FA "出" */
    0xf, 0xfe, 0x8f, 0x83, 0xff, 0xa7, 0xc1, 0xff,
    0xc0, 0xb0, 0xff, 0xff, 0x87, 0xff, 0x49, 0xfe,
    0x7, 0xf2, 0x1c, 0xbf, 0x1, 0x7e, 0xd, 0x5f,
    0x2, 0xbe, 0x9, 0x41, 0xff, 0xc2, 0x50, 0x2c,
    0x3f, 0xf8, 0x54, 0xf, 0xff, 0xf8, 0x7f, 0xf4,
    0x1f, 0xf0, 0x3f, 0xc1, 0x97, 0xff, 0x88, 0x1a,
    0xbf, 0xf8, 0x81, 0x0,

    /* U+51FB "击" */
    0xf, 0xfb, 0xc1, 0xff, 0xff, 0xf, 0xfa, 0xff,
    0x81, 0xff, 0x41, 0xed, 0x7e, 0x2, 0xfd, 0x87,
    0x9a, 0xf8, 0x15, 0xf2, 0x1f, 0xfe, 0x8a, 0xff,
    0x2, 0xbf, 0xc0, 0x5f, 0xf0, 0x17, 0xfc, 0xf,
    0xff, 0x3, 0xff, 0xc1, 0xff, 0xd1, 0xf0, 0x7f,
    0xf0, 0x3c, 0x1f, 0xff, 0xf0, 0xff, 0xe9, 0xd7,
    0x2, 0xb8, 0x3f, 0xf8, 0xb, 0xc0, 0x5e, 0xf,
    0xf7, 0xff, 0xf0, 0x83, 0xc0,

    /* U+5206 "分" */
    0xf, 0xfe, 0x94, 0x1a, 0xc3, 0xff, 0x86, 0xac,
    0x2c, 0x83, 0xff, 0x85, 0x10, 0x48, 0x87, 0xff,
    0x5, 0x2, 0x1a, 0x30, 0xff, 0xe0, 0x44, 0x1c,
    0x82, 0xf, 0xf4, 0x28, 0x3d, 0x8c, 0x1f, 0x94,
    0x41, 0xfa, 0x18, 0x3e, 0x88, 0x3f, 0x98, 0x70,
    0xec, 0x50, 0x7f, 0x98, 0x1c, 0xc, 0x1f, 0xff,
    0xc1, 0xb0, 0x60, 0x4c, 0x58, 0xb, 0xc0, 0x4e,
    0x41, 0x63, 0x50, 0x2b, 0xc1, 0x90, 0xff, 0xe2,
    0xe6, 0x1f, 0xfc, 0x4, 0x43, 0xff, 0x91, 0x98,
    0x7c, 0x87, 0xff, 0x1, 0x10, 0xe4, 0x3f, 0xf8,
    0x39, 0x7, 0xff, 0x1f, 0x2, 0x1f, 0xfc, 0x6c,
    0x18, 0x7a, 0x10, 0xfd, 0x63, 0x87, 0x79, 0x30,
    0xfc, 0x94, 0xf, 0x23, 0xa1, 0xfb, 0xc8, 0x7d,
    0x70, 0x7e,

    /* U+5207 "切" */
    0x9, 0x83, 0xff, 0x91, 0xa1, 0xff, 0xce, 0xff,
    0xfe, 0x0, 0x7f, 0xa6, 0x80, 0xac, 0x1f, 0xfc,
    0x6, 0x50, 0x17, 0x7, 0xff, 0x49, 0x54, 0xf,
    0xfe, 0xd, 0xe4, 0xa2, 0x83, 0xff, 0x82, 0x86,
    0xa7, 0x83, 0x90, 0xfb, 0xe4, 0x50, 0x7f, 0xf3,
    0xd3, 0xe, 0x43, 0xff, 0x83, 0x87, 0xff, 0x25,
    0x10, 0xff, 0xe1, 0x3a, 0x21, 0xff, 0xc4, 0xa0,
    0x59, 0x7, 0xfc, 0x9a, 0xb5, 0x84, 0x32, 0x1c,
    0x85, 0x40, 0x44, 0x1f, 0x61, 0x23, 0xa0, 0xc5,
    0x7, 0xff, 0x3, 0x82, 0xc1, 0x4, 0xaa, 0x7,
    0xf3, 0x83, 0xd, 0x44, 0x8, 0x7c, 0x83, 0xe,
    0x86, 0xc3, 0xfb, 0xc1, 0xe7, 0x90, 0x80,

    /* U+521A "刚" */
    0xf, 0xfe, 0x5a, 0xff, 0xf0, 0x3, 0xd6, 0xa,
    0xff, 0xe0, 0x7, 0xff, 0x3, 0xff, 0x6, 0x90,
    0xff, 0xe4, 0x30, 0x7f, 0xf0, 0x50, 0xff, 0xe2,
    0xc1, 0x58, 0x7f, 0xf0, 0xd5, 0x87, 0xff, 0x1d,
    0x42, 0x88, 0x3f, 0xf8, 0x91, 0x41, 0xf, 0xfe,
    0x2e, 0x8, 0x3f, 0xfb, 0x90, 0x20, 0xff, 0xe3,
    0x24, 0x21, 0xff, 0xc4, 0xcd, 0x20, 0xff, 0xe1,
    0xc2, 0x8, 0x43, 0xff, 0x85, 0x30, 0x1d, 0xf,
    0xfe, 0x1c, 0x1f, 0xef, 0x7, 0xff, 0x61, 0x83,
    0xf2, 0x1f, 0xf4, 0x90, 0x6f, 0x6, 0xa0, 0x7a,
    0x9a, 0x19, 0x56, 0x0,

    /* U+521B "创" */
    0xf, 0xa0, 0xff, 0xe4, 0xb8, 0x7f, 0xdc, 0x1e,
    0x80, 0x87, 0xff, 0x15, 0x40, 0xa0, 0x7f, 0xf1,
    0x23, 0xca, 0xc2, 0xf0, 0x7f, 0x64, 0x9, 0x34,
    0x3f, 0xec, 0x50, 0x52, 0x41, 0xfe, 0xc6, 0xe,
    0x9c, 0x3f, 0xb0, 0x3f, 0xf4, 0x1f, 0xec, 0xc3,
    0xff, 0x91, 0x81, 0xfc, 0x1f, 0xff, 0x74, 0x3f,
    0xf8, 0xcc, 0x1f, 0xfc, 0x76, 0x48, 0x3f, 0xf8,
    0xaa, 0xb0, 0xff, 0xe3, 0xc8, 0x10, 0x78, 0x3f,
    0xf8, 0xb6, 0x1f, 0xfc, 0x14, 0x3a, 0xf, 0xfe,
    0x27, 0xf2, 0x41, 0x3e, 0xf, 0x72, 0xfa, 0x42,
    0x42, 0x83, 0x9a, 0xf2, 0x1d, 0xf0,

    /* U+5220 "删" */
    0xf, 0xfe, 0x75, 0x70, 0x2b, 0x83, 0xac, 0x32,
    0xf0, 0x17, 0x83, 0xff, 0x80, 0xe8, 0x6b, 0x42,
    0xf0, 0x7f, 0xff, 0xc3, 0xff, 0xc3, 0x63, 0xa7,
    0x8b, 0x4d, 0xf, 0xc8, 0x10, 0xf2, 0x1f, 0xf5,
    0x6, 0x4f, 0x14, 0x4d, 0xf, 0xff, 0x66, 0x1f,
    0xfc, 0x84, 0x3f, 0xf9, 0x88, 0x64, 0x3e, 0x50,
    0x7b, 0xf, 0xc8, 0x75, 0x3, 0xca, 0xe, 0xc3,
    0xff, 0x84, 0x98, 0x72, 0x1f, 0xfc, 0x28, 0x4d,
    0x12, 0x24, 0x33, 0x21, 0x28, 0x34, 0xc8, 0x88,
    0x64, 0x41, 0x40, 0x79, 0x10, 0x7a, 0x9, 0xb8,

    /* U+522B "别" */
    0xf, 0xfe, 0x42, 0x82, 0xff, 0xe0, 0xfd, 0x61,
    0xff, 0xcf, 0xfe, 0x43, 0x50, 0x3f, 0xf9, 0x28,
    0x7f, 0xfa, 0xbf, 0x90, 0xff, 0xe1, 0x2f, 0xf0,
    0x7f, 0xf0, 0x6a, 0x55, 0x60, 0xff, 0xf5, 0xbf,
    0x81, 0xfc, 0x87, 0xf2, 0xf0, 0x17, 0x7, 0xff,
    0x2, 0xb0, 0xd5, 0x87, 0xff, 0xd, 0xf, 0xfe,
    0x4e, 0x61, 0x62, 0x21, 0xfe, 0x50, 0x87, 0xde,
    0xf, 0xe8, 0x83, 0xff, 0x8a, 0xe2, 0x82, 0x50,
    0x7c, 0x85, 0x41, 0x80, 0xf0, 0x7b, 0xd1, 0x91,
    0x40, 0x91, 0xb0, 0xc8, 0x14, 0xd, 0xe, 0xe4,
    0x3a, 0xf4, 0x0,

    /* U+5230 "到" */
    0xf, 0xfe, 0x3d, 0x0, 0xbf, 0xfc, 0x0, 0xf2,
    0x81, 0x5f, 0xfc, 0x0, 0xff, 0x56, 0x1a, 0xf0,
    0xc1, 0xf2, 0xc0, 0x5f, 0x8d, 0xf, 0xf4, 0x40,
    0xd0, 0xff, 0xe1, 0x44, 0x89, 0x7, 0xff, 0x5,
    0x70, 0x14, 0x61, 0xff, 0x71, 0xaa, 0x81, 0x41,
    0xff, 0xc1, 0xa9, 0x60, 0x21, 0xfe, 0x6a, 0x47,
    0xe6, 0xf, 0xf4, 0xb6, 0x1d, 0x21, 0xff, 0xd4,
    0xae, 0x1a, 0xb0, 0xff, 0x97, 0x4, 0xb0, 0x7f,
    0xf0, 0x3f, 0x43, 0xf8, 0x3f, 0xf9, 0x88, 0x7f,
    0xf1, 0x94, 0x78, 0x3f, 0x95, 0x8f, 0xd4, 0xf,
    0xe7, 0xd4, 0x42, 0x55, 0x3, 0xf9, 0x2, 0xaf,
    0xa8, 0xa0, 0xbe, 0xd, 0xea, 0x21, 0xfe, 0x40,
    0xe1, 0xff, 0xc5, 0xbd, 0x0,

    /* U+5237 "刷" */
    0xf, 0xfe, 0x42, 0x83, 0x35, 0xfe, 0xf, 0x70,
    0x6d, 0x7f, 0xc1, 0xff, 0xc2, 0xff, 0x90, 0xac,
    0x3f, 0x61, 0xff, 0xe1, 0xcf, 0xf9, 0xf, 0xfe,
    0x1d, 0x7f, 0x7, 0xff, 0x9, 0x70, 0x16, 0xf,
    0xfe, 0x35, 0x3, 0xff, 0xb4, 0x97, 0xc0, 0xfa,
    0xf, 0xfe, 0x2, 0xa, 0x2, 0x4c, 0x3f, 0xf8,
    0x6a, 0x3, 0x7, 0xff, 0x1, 0x30, 0xff, 0xe4,
    0x62, 0x1f, 0xfc, 0x84, 0x3f, 0xf9, 0x28, 0x87,
    0xe4, 0x2b, 0xf, 0x46, 0x1f, 0x30, 0x7f, 0xd0,
    0x87, 0xc8, 0xa0, 0xfe, 0x70, 0x50, 0x3b, 0x83,
    0x51, 0xf, 0xc8, 0x7f, 0xf0, 0x6c,

    /* U+524D "前" */
    0xf, 0xa8, 0x1f, 0x48, 0x7f, 0xf0, 0x56, 0xf,
    0x30, 0x7f, 0xf0, 0x62, 0xe, 0x88, 0x3f, 0xf8,
    0x2a, 0xc3, 0x96, 0xf, 0xbf, 0xe7, 0xfc, 0x3f,
    0xe0, 0x2f, 0xff, 0x28, 0x15, 0xff, 0xca, 0xc,
    0xbf, 0xc1, 0xf5, 0x3, 0xd5, 0xfc, 0x5, 0x4,
    0xa0, 0xfd, 0xfc, 0x1a, 0x81, 0x90, 0xff, 0xea,
    0x2f, 0x7, 0xff, 0x1e, 0xb8, 0x3f, 0xf8, 0xff,
    0xc1, 0xff, 0xdf, 0xae, 0xf, 0xfe, 0x3a, 0xf0,
    0x7f, 0xf1, 0xff, 0x83, 0xff, 0xa1, 0xe0, 0xff,
    0xee, 0x78, 0x43, 0xbc, 0x1f, 0xfc, 0x14, 0x60,
    0xe5, 0x50, 0x20,

    /* U+5269 "剩" */
    0xf, 0xfe, 0x42, 0x83, 0xfc, 0xd4, 0x1f, 0x70,
    0x6f, 0xf4, 0xb8, 0x3f, 0xf8, 0xb, 0x81, 0x7c,
    0x87, 0xff, 0x2, 0xb2, 0x21, 0xeb, 0xf, 0xab,
    0x92, 0xb9, 0xf, 0xf2, 0xf0, 0x17, 0xb0, 0xff,
    0x7f, 0x27, 0xf4, 0x1f, 0xfc, 0xb, 0xc, 0xe1,
    0xff, 0xc1, 0x58, 0x3e, 0x7c, 0x1f, 0xcd, 0x3,
    0xf4, 0x41, 0xfc, 0xf9, 0xf, 0xad, 0xf, 0xfa,
    0x43, 0xe5, 0x68, 0x7e, 0xf2, 0x1f, 0xb8, 0x43,
    0xf2, 0xb9, 0x63, 0x2a, 0xc3, 0xfa, 0x83, 0x40,
    0xa1, 0x41, 0xff, 0xc2, 0xc2, 0x89, 0xa, 0xc3,
    0xfb, 0x14, 0x39, 0x21, 0xff, 0xc0, 0xc6, 0xd,
    0x92, 0x1f, 0xce, 0x50, 0x3d, 0x28, 0x39, 0x9,
    0x52, 0x1f, 0x30, 0x4f, 0x84, 0x29, 0xf, 0xfe,
    0xa, 0x6, 0xf, 0xd6, 0x1f, 0xde, 0x80,

    /* U+529F "功" */
    0xf, 0xfe, 0xa, 0x1f, 0xfc, 0x9b, 0xf, 0xfe,
    0x92, 0x1e, 0x43, 0xff, 0x82, 0xdf, 0xe8, 0x3f,
    0xf8, 0x2d, 0x40, 0xa8, 0x3f, 0xf8, 0x4b, 0x1,
    0x77, 0xc0, 0xff, 0x7, 0xff, 0x1, 0x40, 0x5c,
    0x1f, 0xfc, 0x7, 0xa0, 0x2b, 0x7, 0xff, 0x6d,
    0xf, 0xfe, 0x7a, 0x1f, 0xfc, 0x14, 0xc3, 0xff,
    0x8f, 0x87, 0xff, 0x25, 0x10, 0x90, 0xfe, 0xbe,
    0x9, 0xf, 0x63, 0x78, 0x8, 0xc4, 0x61, 0xfb,
    0x40, 0xde, 0x96, 0x10, 0xd8, 0x53, 0xe9, 0xd,
    0x18, 0x7f, 0xa0, 0xfb, 0x20, 0x95, 0x22, 0x1f,
    0x9c, 0x50, 0x54, 0x44, 0x3f, 0xe6, 0xd, 0x37,
    0x7, 0xf3, 0xc1, 0xcc, 0x86,

    /* U+52A0 "加" */
    0xf, 0xfe, 0x7b, 0xc1, 0xff, 0xf5, 0xc3, 0xd5,
    0xf0, 0x52, 0xb3, 0x5c, 0x5, 0xf8, 0x26, 0x88,
    0xd6, 0x40, 0xfc, 0x86, 0xf9, 0x2f, 0x41, 0xff,
    0xc6, 0x43, 0xff, 0x99, 0x88, 0x7f, 0xf0, 0x90,
    0xff, 0xfa, 0x22, 0x12, 0x1f, 0xfc, 0x5c, 0x3f,
    0xf8, 0xf0, 0x87, 0xff, 0x72, 0x10, 0xe4, 0x27,
    0xe4, 0x39, 0x20, 0xff, 0xe3, 0x62, 0x13, 0x7,
    0x3f, 0x21, 0x40, 0x81, 0xc9, 0x7, 0xfd, 0x90,
    0x50, 0xe1, 0xfa, 0x80, 0x74, 0x27, 0x83, 0x70,
    0x64,

    /* U+52A1 "务" */
    0xf, 0x90, 0xff, 0xe5, 0x5a, 0x1f, 0xfc, 0x78,
    0x8, 0x7f, 0xf1, 0x94, 0xf, 0xfe, 0x43, 0xfa,
    0xa, 0xbc, 0x5, 0x7, 0xec, 0x82, 0x5d, 0x82,
    0xf, 0x9c, 0x56, 0x48, 0x14, 0x61, 0xfb, 0x28,
    0x8, 0x9a, 0x18, 0x7f, 0x5a, 0x13, 0x12, 0xb0,
    0xff, 0xe2, 0x30, 0x4a, 0xf, 0xfe, 0x3, 0x7a,
    0x2e, 0x2f, 0x51, 0x61, 0xfa, 0x46, 0x9a, 0xb9,
    0x15, 0x4c, 0x40, 0xde, 0x91, 0xc0, 0xde, 0xa3,
    0x3, 0xe4, 0x36, 0x1f, 0x95, 0x7, 0x5f, 0xc8,
    0xff, 0xc1, 0xf5, 0x3f, 0x2, 0xfd, 0x7, 0xf2,
    0x82, 0x45, 0x6, 0x43, 0xff, 0x85, 0x10, 0x72,
    0x21, 0xff, 0x62, 0x1f, 0xfc, 0x6b, 0x18, 0x3d,
    0x18, 0x73, 0x79, 0x28, 0x1b, 0xe0, 0x21, 0xe4,
    0x16, 0x87, 0x20, 0x60, 0xf3, 0x79, 0xf, 0xaf,
    0x48, 0x70,

    /* U+52A8 "动" */
    0xf, 0xfe, 0xc5, 0xa1, 0xff, 0xd0, 0x6b, 0xf0,
    0x7f, 0xf0, 0x75, 0xfc, 0x1e, 0x43, 0xd7, 0xfe,
    0xf, 0x21, 0xff, 0xc3, 0xbe, 0x4b, 0xf2, 0x1f,
    0xed, 0x60, 0x2e, 0xf, 0xfe, 0x3, 0x52, 0x55,
    0x83, 0xff, 0xe0, 0xfd, 0x8a, 0xa8, 0x15, 0x30,
    0x7f, 0xd2, 0x80, 0xba, 0x42, 0x43, 0xfd, 0x90,
    0x7f, 0xf1, 0xd0, 0xac, 0x3c, 0x87, 0xe4, 0x81,
    0x90, 0x49, 0x84, 0x86, 0x84, 0x8, 0xa0, 0x62,
    0x1f, 0x44, 0x2a, 0x4, 0x4, 0x3f, 0x28, 0xba,
    0x21, 0x28, 0x43, 0xe4, 0xa, 0xbe, 0x81, 0x10,
    0x7e, 0xf5, 0x10, 0x9e, 0x20, 0xff, 0xe3, 0x62,
    0x81, 0x4c, 0x43, 0xfd, 0x2, 0x9, 0x43, 0x7,
    0xfa, 0x98, 0x6a, 0x70, 0x0,

    /* U+5305 "包" */
    0xf, 0xa4, 0x3f, 0xf9, 0x4c, 0x87, 0xff, 0x22,
    0x2, 0x1f, 0xfc, 0x84, 0x6b, 0xfe, 0xf, 0xe8,
    0xb, 0xff, 0xc1, 0xf, 0x94, 0x7f, 0xfc, 0x87,
    0xe6, 0x30, 0xff, 0xe3, 0xb0, 0x87, 0xff, 0x9,
    0xc, 0xc2, 0xbf, 0xf8, 0x3f, 0xd8, 0xc0, 0x5f,
    0x7, 0xff, 0x2, 0xe0, 0xab, 0xc1, 0xff, 0xe9,
    0x43, 0xff, 0x81, 0xfe, 0xf, 0xfe, 0x32, 0xfe,
    0xf, 0xfe, 0x25, 0x7e, 0x2, 0x1f, 0xfc, 0x9f,
    0x42, 0x1f, 0xfc, 0x74, 0x68, 0x68, 0x7f, 0xf1,
    0x2e, 0x44, 0x83, 0xff, 0x93, 0x8, 0x79, 0x3d,
    0x5f, 0xec, 0x18, 0x7a, 0x40, 0xbf, 0xe1, 0x90,
    0xfa, 0xff, 0xfe, 0xc, 0x80,

    /* U+5355 "单" */
    0xf, 0xfe, 0x12, 0x1f, 0xfc, 0x7, 0x83, 0xd6,
    0x1f, 0xf2, 0x21, 0xc8, 0x7f, 0xf0, 0xa3, 0xd,
    0x18, 0x7f, 0xf0, 0x15, 0x84, 0x88, 0x7f, 0xbf,
    0x3f, 0xa1, 0xfc, 0x1e, 0x45, 0xe0, 0x2f, 0x7,
    0xfa, 0xb8, 0x6b, 0x83, 0xfc, 0xbc, 0x2f, 0x83,
    0xfd, 0x5c, 0xa, 0xe0, 0xff, 0x7f, 0xf, 0xf0,
    0x7f, 0xfa, 0x13, 0xf8, 0x7f, 0x83, 0xf5, 0x7c,
    0xa, 0xf8, 0x3c, 0xbf, 0xb, 0xf8, 0x26, 0xbf,
    0x86, 0xbf, 0x91, 0x7f, 0x80, 0xbf, 0xc3, 0xff,
    0xc3, 0xff, 0xc8, 0x7f, 0xf5, 0x50, 0xff, 0xea,
    0x0,

    /* U+5360 "占" */
    0xf, 0xfe, 0x7f, 0x90, 0xff, 0xff, 0x86, 0xbf,
    0xfc, 0x1f, 0xe5, 0xff, 0x7, 0xf5, 0x7f, 0xc1,
    0xff, 0xf0, 0xaf, 0x81, 0x5f, 0x82, 0x5f, 0x82,
    0x5f, 0x83, 0xaf, 0xff, 0xe0, 0x7, 0xff, 0xfc,
    0x3f, 0xf8, 0x15, 0xff, 0xc1, 0xf, 0xcb, 0xff,
    0xc0, 0xf, 0xaf, 0xff, 0xe0, 0x7, 0xff, 0x34,

    /* U+5373 "即" */
    0x5, 0x7f, 0x1, 0x7f, 0x1, 0x7f, 0x81, 0x5f,
    0x82, 0x7f, 0x83, 0xdf, 0x83, 0xff, 0xc6, 0xbe,
    0xf, 0xfe, 0x25, 0x70, 0x7f, 0xf0, 0xdf, 0xe0,
    0xff, 0xf6, 0xbf, 0xc1, 0xff, 0xc4, 0x5f, 0x83,
    0xff, 0x82, 0xd6, 0xe8, 0x1f, 0xfc, 0x5a, 0x21,
    0xff, 0xc6, 0xc8, 0x3f, 0xf8, 0xd8, 0x20, 0xf5,
    0x3, 0xcd, 0xa8, 0x50, 0x72, 0x88, 0x86, 0x57,
    0x42, 0xe, 0xa6, 0x88, 0x1e, 0x2, 0x41, 0xca,
    0xb, 0x78, 0x3b, 0x43, 0xfe, 0x83, 0xff, 0x8c,

    /* U+53CA "及" */
    0xf, 0xfe, 0x6b, 0xff, 0xfc, 0x30, 0xfc, 0xb8,
    0xb, 0xe0, 0x21, 0xf3, 0x56, 0x57, 0xc0, 0x83,
    0xff, 0x8e, 0x88, 0x7f, 0xf2, 0x22, 0xf, 0xfe,
    0x6, 0x21, 0x91, 0xf, 0xfe, 0x44, 0xa, 0x90,
    0xfe, 0x48, 0x24, 0xb, 0xc1, 0xff, 0x28, 0xf,
    0xe0, 0xff, 0x92, 0x20, 0xf2, 0x41, 0xfd, 0x8c,
    0x41, 0xd0, 0x87, 0xf2, 0x5, 0xc1, 0x22, 0x1f,
    0xd1, 0x2, 0x20, 0xa2, 0xf, 0xe4, 0x42, 0x8c,
    0xc8, 0x3f, 0xa2, 0xc, 0xc6, 0x28, 0x3f, 0x28,
    0x43, 0x90, 0xb0, 0xfc, 0xc6, 0x1c, 0xe2, 0x5a,
    0x1c, 0xc4, 0x1a, 0xe2, 0x9a, 0x5c, 0x83, 0x25,
    0x5e, 0x4b, 0x41, 0x68, 0xd9, 0x44, 0x50, 0xf9,
    0xf, 0x5a, 0x60, 0x42, 0xf4, 0x1f, 0xf5, 0x80,

    /* U+53D1 "发" */
    0xf, 0xfe, 0x72, 0x19, 0xe0, 0x38, 0x7f, 0xac,
    0x3f, 0xd8, 0x7e, 0x44, 0x2c, 0xc0, 0xa3, 0xf,
    0xb2, 0x9, 0x10, 0xa4, 0x43, 0xc8, 0x7f, 0xf0,
    0x28, 0x87, 0x40, 0xac, 0xa, 0xf7, 0x50, 0x48,
    0x17, 0x1, 0x7f, 0xc1, 0x7f, 0x81, 0xff, 0xf0,
    0x7e, 0x44, 0x3f, 0xf8, 0xf1, 0x7, 0xff, 0x19,
    0x7, 0xff, 0x41, 0xfd, 0x1, 0x7e, 0x4, 0x1f,
    0xa0, 0xd5, 0xe1, 0xf, 0xca, 0x35, 0x83, 0x64,
    0x1f, 0x31, 0x11, 0x5, 0x10, 0x7c, 0xc4, 0x83,
    0x32, 0x58, 0x3d, 0x42, 0x43, 0x46, 0xa8, 0x3c,
    0xa2, 0x43, 0xfb, 0xf, 0x9b, 0x43, 0x3c, 0x45,
    0xc1, 0xe4, 0xd, 0xe8, 0xb7, 0x47, 0xd4, 0xe,
    0x91, 0xb4, 0x2b, 0x91, 0xf, 0x53, 0x90, 0xf9,
    0xba, 0x0,

    /* U+53D6 "取" */
    0x17, 0xfc, 0x1f, 0xfc, 0x6, 0xbf, 0xf8, 0xb,
    0xf8, 0xe, 0x9f, 0x93, 0x9a, 0xfb, 0xf, 0xfe,
    0x16, 0x3f, 0x46, 0x1f, 0xfd, 0xfc, 0x43, 0xdf,
    0x90, 0xe4, 0x3f, 0xf8, 0x15, 0x83, 0xfc, 0x87,
    0xe5, 0xe0, 0xc8, 0x72, 0x1f, 0xfc, 0x84, 0xc3,
    0xe5, 0xe0, 0xd8, 0x90, 0x87, 0xd5, 0x83, 0x92,
    0xf, 0xfb, 0xf2, 0x1c, 0x99, 0x7, 0xff, 0x1a,
    0x9, 0xf, 0xfe, 0x15, 0xa1, 0x90, 0xfe, 0x55,
    0xa2, 0xc4, 0x5, 0x6, 0x64, 0xa1, 0x27, 0xa,
    0x32, 0x43, 0x23, 0x72, 0x19, 0x8c, 0x8a, 0x1,
    0xb9, 0xf, 0x50, 0x80, 0xc3, 0x81, 0xf, 0xec,
    0x90, 0x98, 0xc3, 0xff, 0x80, 0xe8, 0x73, 0x80,

    /* U+53E3 "口" */
    0xf, 0xfe, 0x3f, 0xff, 0xf1, 0x10, 0x97, 0xff,
    0x80, 0x4, 0x2a, 0xff, 0xe0, 0x21, 0xff, 0xff,
    0xf, 0xff, 0xf8, 0x7f, 0xfa, 0x7f, 0xff, 0x80,
    0x87, 0x2f, 0xff, 0x0, 0x3d, 0x5f, 0xfc, 0x4,
    0x3f, 0xf8, 0xe8,

    /* U+53EA "只" */
    0xd, 0xff, 0xfc, 0x24, 0x3f, 0x97, 0xfc, 0x1f,
    0xfc, 0xa, 0xff, 0x1, 0xf, 0xff, 0xf8, 0x7f,
    0xfd, 0xab, 0xfc, 0x4, 0x3f, 0x97, 0xfc, 0x1f,
    0xef, 0xff, 0xe1, 0x21, 0xfe, 0x83, 0xd0, 0x7f,
    0xf0, 0x76, 0xd, 0x38, 0x7f, 0xd0, 0x20, 0xd0,
    0x30, 0xfe, 0x93, 0xf, 0x60, 0xc3, 0xe9, 0x30,
    0xfd, 0x83, 0xe, 0x93, 0xf, 0xf6, 0xc, 0x29,
    0x30, 0xff, 0xe0, 0x60, 0xc0, 0x98, 0x7f, 0xf0,
    0xa2, 0x7, 0x83, 0xff, 0x86, 0xe8,

    /* U+53EB "叫" */
    0xf, 0xfe, 0x2a, 0x83, 0xff, 0x8d, 0x40, 0xff,
    0xe4, 0xdf, 0xe8, 0x1e, 0xf, 0xf2, 0xe0, 0xff,
    0xe2, 0x56, 0xf, 0xff, 0xf8, 0x7f, 0xff, 0xc3,
    0xff, 0x8c, 0xd8, 0x77, 0xe0, 0x90, 0x7a, 0x43,
    0xcb, 0x82, 0xc2, 0x6f, 0x7, 0x56, 0xa, 0x2e,
    0x43, 0xff, 0x87, 0xa1, 0xff, 0xc2, 0xe0, 0xff,
    0xe0, 0x70, 0x7f, 0xf1, 0x94, 0x1f, 0xfd, 0xa0,

    /* U+53EF "可" */
    0xaf, 0xfe, 0x4a, 0xff, 0xf2, 0xbf, 0xff, 0x8a,
    0xf, 0xa0, 0xff, 0xf1, 0xff, 0xf0, 0x7f, 0xf0,
    0x51, 0x78, 0x3f, 0xf8, 0xb5, 0xc1, 0xff, 0xff,
    0xf, 0xd5, 0xc1, 0xff, 0xc5, 0x5e, 0xf, 0xfe,
    0x2f, 0xf0, 0x7f, 0xf8, 0x3c, 0x1f, 0xfc, 0x1b,
    0xf, 0xff, 0x3d, 0x58, 0x7f, 0xf1, 0xd4, 0x8,
    0x3f, 0xf8, 0x93, 0x79, 0xc,

    /* U+53F0 "台" */
    0xf, 0x94, 0x1f, 0xfc, 0x7a, 0x61, 0xff, 0xc5,
    0x81, 0x87, 0xff, 0x11, 0x46, 0x1a, 0x81, 0xff,
    0x44, 0x1c, 0xa8, 0x3f, 0xb2, 0x43, 0xb1, 0x83,
    0xec, 0x90, 0xfb, 0x18, 0x33, 0x92, 0x1e, 0x5c,
    0x28, 0xc, 0xb, 0xfe, 0xa9, 0x4, 0x88, 0x79,
    0x75, 0x5f, 0x24, 0xa, 0x7e, 0xac, 0xb0, 0x53,
    0x1, 0x41, 0xff, 0xc3, 0x90, 0xab, 0xff, 0x88,
    0x1c, 0xbf, 0xfc, 0x40, 0xfb, 0xff, 0xf8, 0x1,
    0xff, 0xff, 0xf, 0xfe, 0x37, 0xff, 0xf0, 0x3,
    0xff, 0xa5, 0xff, 0xfc, 0x0, 0xfb, 0xc1, 0xff,
    0xc0, 0xf0, 0x40,

    /* U+53F7 "号" */
    0xc, 0xbf, 0xfc, 0x20, 0xfd, 0x5f, 0xfc, 0x1c,
    0x3f, 0xdf, 0xfd, 0x7, 0xff, 0xb1, 0x7f, 0xb0,
    0xff, 0xe0, 0x57, 0xf2, 0x1f, 0xef, 0xff, 0xe0,
    0xc1, 0xff, 0xce, 0xff, 0xfe, 0x4a, 0xfc, 0x5,
    0xff, 0xe1, 0x57, 0x86, 0xbf, 0xf8, 0x21, 0xe4,
    0xc3, 0xff, 0x8f, 0x9d, 0x7f, 0x83, 0xf9, 0x17,
    0xfe, 0xf, 0xef, 0xff, 0x83, 0xff, 0x92, 0x88,
    0x7f, 0xf7, 0x63, 0xf, 0xfe, 0x17, 0xf0, 0x10,
    0xff, 0xe1, 0x41, 0x2b, 0xf, 0xfe, 0x1b, 0xf5,
    0x3, 0xc0,

    /* U+5404 "各" */
    0xf, 0x90, 0xff, 0xe4, 0xd8, 0x7f, 0xf1, 0xd1,
    0xf, 0xfe, 0x3c, 0xa, 0xfe, 0xf, 0xe8, 0xb,
    0xfc, 0x1f, 0xe4, 0x2f, 0xf0, 0x20, 0xfd, 0x94,
    0x20, 0xd9, 0x87, 0xe8, 0x5f, 0x3, 0x20, 0xfc,
    0xb4, 0x8, 0x9c, 0x90, 0xfc, 0xd0, 0x36, 0x44,
    0x87, 0xf9, 0xc, 0xe1, 0x48, 0x7f, 0xf0, 0x6e,
    0x2e, 0x2e, 0x43, 0xeb, 0xc9, 0x68, 0xf0, 0xdf,
    0x37, 0x91, 0xb4, 0x39, 0xf4, 0x81, 0x9b, 0xcd,
    0xff, 0xea, 0x78, 0x12, 0x19, 0x7f, 0x84, 0x3f,
    0xea, 0xfe, 0xf, 0xff, 0x6d, 0x7f, 0x7, 0xff,
    0x5, 0x7f, 0x83, 0xff, 0x83, 0xff, 0xc2, 0x1f,
    0xde, 0xf, 0xef, 0x6,

    /* U+540C "同" */
    0x2b, 0xff, 0x90, 0x2f, 0xff, 0x20, 0x2f, 0xff,
    0xe2, 0x8, 0x7f, 0xf8, 0xff, 0xff, 0x80, 0x1f,
    0xcb, 0xff, 0xc0, 0xf, 0xea, 0xff, 0xe0, 0x7,
    0xff, 0x4d, 0xaf, 0xc1, 0xff, 0xc0, 0xd7, 0xf0,
    0x7f, 0xf0, 0x32, 0xfc, 0x87, 0xff, 0x5b, 0xf,
    0xfe, 0x57, 0x59, 0xf, 0xfe, 0x1a, 0xf0, 0x7f,
    0xf0, 0xaf, 0xfc, 0x1f, 0xfe, 0x14, 0x3f, 0xf8,
    0xde, 0x83, 0xff, 0x8c, 0x81, 0x8f, 0x7, 0xff,
    0x6, 0xf4, 0x0,

    /* U+540E "后" */
    0xf, 0xfe, 0xda, 0xac, 0x3f, 0x97, 0x53, 0xf5,
    0x12, 0xf, 0x7a, 0xb2, 0x80, 0xaa, 0xb8, 0x3f,
    0x53, 0xfd, 0x45, 0x83, 0xfc, 0xa0, 0xff, 0xf0,
    0x57, 0xff, 0xb, 0xc8, 0x79, 0x7f, 0xf8, 0x41,
    0xfd, 0xff, 0xfc, 0x44, 0x3f, 0xfa, 0x8, 0x7f,
    0xf2, 0x10, 0xdf, 0xff, 0xc0, 0x83, 0xec, 0x32,
    0xff, 0x7, 0xd8, 0x73, 0x5f, 0xc1, 0xf2, 0x21,
    0xff, 0xde, 0x44, 0x3f, 0xf9, 0x11, 0x86, 0x5f,
    0xe8, 0x3a, 0x2, 0x1d, 0x5f, 0x90, 0xec, 0x83,
    0x9f, 0xfe, 0xe, 0x74, 0x3f, 0xf8, 0x88, 0x7f,
    0xb8, 0x3f, 0xbc, 0x0,

    /* U+5411 "向" */
    0xf, 0x90, 0xff, 0xe3, 0xb6, 0x1f, 0xfc, 0x6c,
    0x43, 0xff, 0x8c, 0x90, 0x7f, 0xf0, 0x6b, 0x81,
    0x5f, 0xfc, 0x0, 0x2f, 0x1, 0x7f, 0xf8, 0x1,
    0xbf, 0xff, 0x86, 0x1f, 0xfe, 0x7a, 0xfe, 0xf,
    0xfe, 0x2, 0xff, 0x7, 0xff, 0xb, 0xf8, 0x3f,
    0xff, 0xe1, 0xbf, 0x83, 0xff, 0x84, 0xbf, 0xc1,
    0xff, 0xc0, 0xaf, 0xe0, 0xff, 0xf9, 0xde, 0xf,
    0xfe, 0x36, 0x7, 0x0,

    /* U+542C "听" */
    0xf, 0xfe, 0xca, 0xaf, 0x20, 0xaf, 0x81, 0x7e,
    0xa2, 0xc, 0xb, 0xf0, 0x66, 0xaf, 0xd0, 0x6f,
    0x83, 0xd2, 0xc1, 0xff, 0xff, 0xf, 0xea, 0xff,
    0x7, 0xff, 0x1, 0x7f, 0xc1, 0xff, 0xc0, 0xfc,
    0x9f, 0x83, 0xff, 0xd4, 0x87, 0xff, 0xb, 0xe0,
    0xff, 0xe3, 0xac, 0x12, 0x21, 0xff, 0xc1, 0xa8,
    0x2c, 0xc3, 0xff, 0x89, 0xe1, 0x10, 0xff, 0xbc,
    0x1d, 0x90, 0x7f, 0xf1, 0xa0, 0x21, 0xff, 0xc5,
    0x93, 0xf, 0x21, 0xff, 0x44, 0x1f, 0xfc, 0x8d,
    0xf, 0xbc, 0x18,

    /* U+542F "启" */
    0xf, 0xfe, 0x4, 0x1f, 0xfc, 0x7d, 0x41, 0xff,
    0xc6, 0x88, 0x3f, 0xe6, 0xbd, 0x82, 0xbc, 0x1e,
    0x5f, 0x80, 0xbe, 0xf, 0xbf, 0xff, 0x80, 0x1f,
    0xff, 0xac, 0xff, 0xfe, 0x0, 0x7f, 0x2f, 0xff,
    0x8, 0x3e, 0xaf, 0xfe, 0x10, 0x72, 0x1f, 0xfc,
    0xbf, 0xff, 0xe0, 0xa1, 0xc8, 0x4b, 0xfc, 0x1e,
    0x4c, 0x2a, 0xfe, 0x43, 0xa1, 0xf, 0xfe, 0xd4,
    0x41, 0xff, 0xc6, 0x44, 0x37, 0xff, 0x21, 0x64,
    0x1c, 0xbf, 0xc1, 0xb5, 0x6, 0x6b, 0xf9, 0x0,

    /* U+5446 "呆" */
    0xd, 0x5f, 0xfc, 0x20, 0xfc, 0xbf, 0xfc, 0x20,
    0xff, 0x7f, 0xf8, 0x3f, 0xff, 0xe1, 0x7f, 0xf8,
    0x3f, 0xcb, 0xe0, 0x2f, 0x83, 0xf5, 0x78, 0x15,
    0xe0, 0xff, 0xe7, 0x35, 0xfc, 0xa, 0xfe, 0x45,
    0xfe, 0x2, 0xff, 0xf, 0xfc, 0x1e, 0xff, 0x90,
    0xfa, 0x20, 0x42, 0x1f, 0xfc, 0x15, 0x8, 0x12,
    0xf, 0xfe, 0x3, 0x18, 0x6c, 0xd0, 0xfe, 0xa1,
    0x87, 0xa2, 0x81, 0xe7, 0x4c, 0x3e, 0x61, 0xe4,
    0x78, 0x70, 0xfe, 0x70, 0x30, 0x82, 0x81, 0xff,
    0xc0, 0xe2, 0x7, 0x90, 0xff, 0xe1, 0x3a, 0x0,

    /* U+5458 "员" */
    0xd, 0x5f, 0xfc, 0x24, 0x3c, 0xbf, 0xfc, 0x38,
    0x3c, 0x8f, 0xff, 0xa1, 0xf, 0xfe, 0x3a, 0x1f,
    0xfd, 0x24, 0x7f, 0xfe, 0x10, 0xf2, 0xff, 0xf0,
    0xe0, 0xfa, 0xbf, 0xf8, 0x48, 0x79, 0x7f, 0xf8,
    0xa1, 0xd5, 0xff, 0xc4, 0xc3, 0xef, 0xff, 0xe0,
    0x26, 0x1f, 0xfc, 0x5, 0x7, 0xff, 0x22, 0x88,
    0x7f, 0xf2, 0x50, 0xff, 0xe8, 0x61, 0xff, 0x42,
    0x1f, 0xfc, 0x1f, 0x6, 0x48, 0xb8, 0xb8, 0x3f,
    0x9c, 0x43, 0x3c, 0x1f, 0xcd, 0x6, 0x5, 0xc3,
    0xc1, 0x7e, 0x95, 0xc1, 0xcf, 0xf, 0x7, 0x3c,
    0x1f, 0xce, 0x91, 0x4f, 0x41, 0xff, 0xc1, 0xb0,

    /* U+5462 "呢" */
    0xf, 0xf2, 0xff, 0x83, 0xfe, 0xeb, 0xfc, 0x17,
    0xf8, 0x35, 0x7c, 0x1f, 0x51, 0xe, 0x5f, 0xc1,
    0xe5, 0x7, 0xff, 0x91, 0x3f, 0xe4, 0x3f, 0xf8,
    0x4b, 0xfc, 0x1f, 0xfc, 0x1a, 0xfe, 0xf, 0xf9,
    0xb, 0xc1, 0xff, 0xc9, 0x42, 0xa0, 0x7f, 0xf1,
    0xe5, 0x83, 0x79, 0xf, 0xf6, 0x9a, 0x1a, 0x81,
    0xc8, 0x4e, 0x58, 0x79, 0x60, 0x26, 0x19, 0xd0,
    0xfe, 0xb3, 0x10, 0x98, 0x3f, 0x21, 0xc8, 0x7f,
    0xf0, 0xb8, 0x34, 0x41, 0xfd, 0x68, 0x79, 0x42,
    0x19, 0xc, 0x88, 0x7a, 0x20, 0xc9, 0xf8, 0x43,
    0xc8, 0xa0, 0xd5, 0xf8, 0x3c, 0xf0, 0x79, 0x7c,
    0x0,

    /* U+5473 "味" */
    0xf, 0xfe, 0xb, 0x7, 0xff, 0x27, 0x43, 0xff,
    0xa9, 0xfe, 0xf, 0xfe, 0x3a, 0x83, 0x7e, 0x4f,
    0xe0, 0xe6, 0x88, 0x4d, 0x40, 0x68, 0xa0, 0xff,
    0xe0, 0x4b, 0x89, 0x54, 0xf, 0xff, 0x6d, 0x72,
    0x57, 0x83, 0xfc, 0xbc, 0x5, 0xf0, 0x7f, 0xbf,
    0x4, 0xff, 0x7, 0xff, 0x6, 0x9, 0x41, 0xff,
    0xc5, 0x44, 0x10, 0x7e, 0x7c, 0x86, 0x84, 0x9,
    0x87, 0xea, 0x6, 0x51, 0x2, 0x4, 0x1e, 0x5c,
    0x14, 0x41, 0xb1, 0x83, 0xf5, 0xc, 0x50, 0x74,
    0x30, 0x7e, 0x70, 0x41, 0xe6, 0x1c, 0x1c, 0x16,
    0xc, 0x3f, 0x31, 0x7, 0xdb, 0x87, 0xf9, 0xd0,
    0xfd, 0x7, 0xff, 0xc,

    /* U+547C "呼" */
    0xf, 0xfe, 0xd2, 0xaf, 0x40, 0x6b, 0x92, 0xff,
    0x51, 0x2, 0x9, 0x7a, 0x30, 0x2c, 0xf, 0xe0,
    0x27, 0xc1, 0x3e, 0xa8, 0x3f, 0xfa, 0x8, 0x7f,
    0xf0, 0x3c, 0x1f, 0x36, 0x1f, 0xfc, 0x8c, 0x83,
    0xfe, 0x84, 0x3c, 0x88, 0x7f, 0xc9, 0x87, 0x22,
    0x1f, 0xfc, 0x1e, 0xe, 0x78, 0x3f, 0xfa, 0xdf,
    0xe0, 0x7f, 0x90, 0x7c, 0x12, 0xf8, 0xb, 0xf0,
    0x16, 0xa, 0xbc, 0xa, 0xf0, 0x95, 0x7, 0xff,
    0x2d, 0x83, 0xff, 0x93, 0x21, 0xff, 0xc4, 0xf0,
    0x7f, 0xfa, 0xef, 0x8, 0x7f, 0xf2, 0xa0, 0xff,
    0xe3, 0x53, 0xc1, 0xf8,

    /* U+548C "和" */
    0xf, 0xe5, 0x7, 0xff, 0xd, 0x57, 0xa8, 0x1f,
    0xfc, 0x7, 0xd4, 0x40, 0xc1, 0xff, 0xc0, 0x55,
    0x43, 0xc8, 0x2b, 0xf0, 0x52, 0xc1, 0xf2, 0xfe,
    0xf, 0xfe, 0x27, 0xe4, 0x3f, 0xf9, 0xbf, 0xc3,
    0xf8, 0x3f, 0xe5, 0xe0, 0x2e, 0xf, 0xfa, 0xb0,
    0x1a, 0xc1, 0xff, 0xc3, 0x40, 0xc1, 0xff, 0xc4,
    0x82, 0x98, 0x3f, 0xf8, 0x4a, 0xb, 0x14, 0x1f,
    0xfc, 0x18, 0xc2, 0x88, 0x3f, 0xf8, 0x10, 0x86,
    0x44, 0x3f, 0xe9, 0x20, 0xee, 0xa, 0xb2, 0x5,
    0x18, 0x7f, 0xcb, 0x82, 0x48, 0x3f, 0xf8, 0x1f,
    0x90, 0xb4, 0x3f, 0xfa, 0x94, 0xd, 0x61, 0xff,
    0xc2, 0x50, 0x7c,

    /* U+54C1 "品" */
    0xf, 0xfe, 0x67, 0xff, 0xf0, 0x3, 0xfc, 0xbf,
    0x83, 0xfe, 0x6b, 0xf2, 0x1f, 0xfe, 0x66, 0xbf,
    0x21, 0xff, 0x2f, 0xe0, 0xff, 0x7f, 0xff, 0x0,
    0x3f, 0xf9, 0x95, 0xf9, 0x5, 0x7f, 0x2f, 0xec,
    0xb, 0xfc, 0xf, 0xe0, 0xf7, 0xf0, 0x7f, 0xff,
    0xc3, 0xfa, 0xb8, 0x3d, 0x5c, 0x19, 0x78, 0x3c,
    0xbc, 0x1b, 0xf8, 0x3d, 0xfc, 0x1f, 0xfc, 0x8a,
    0x0,

    /* U+54CD "响" */
    0xf, 0xfe, 0x2, 0x83, 0xff, 0x91, 0x44, 0x3f,
    0xf9, 0x28, 0x7e, 0xfe, 0x83, 0x22, 0x1f, 0xf2,
    0x82, 0xfa, 0x1f, 0xf8, 0x26, 0x81, 0xd7, 0xfe,
    0xf, 0xf9, 0x10, 0xff, 0xf0, 0xd7, 0x21, 0xff,
    0xc4, 0x5e, 0xc3, 0xff, 0x8a, 0xf8, 0x3f, 0xff,
    0xcb, 0x7, 0xff, 0x22, 0x81, 0xf9, 0xf0, 0x7e,
    0x7c, 0x1f, 0x57, 0x83, 0xf9, 0xc3, 0x97, 0x83,
    0xfd, 0x21, 0xff, 0xc4, 0xe0, 0xff, 0xe1, 0xa1,
    0xff, 0x21, 0xfb, 0x84, 0x3f, 0xf8, 0xca, 0xa0,

    /* U+54ED "哭" */
    0xf, 0xfe, 0x67, 0xfd, 0x3, 0xff, 0x7, 0xab,
    0x7, 0xab, 0x7, 0xcb, 0xc1, 0xcb, 0xc1, 0xff,
    0xdb, 0x43, 0xfe, 0x7f, 0x7, 0xbf, 0x7, 0xab,
    0xec, 0x15, 0x35, 0x83, 0x2f, 0xc7, 0x94, 0x3a,
    0xc1, 0xff, 0xc4, 0x45, 0x7, 0xff, 0xd, 0xa,
    0xf, 0xbf, 0xf4, 0x3f, 0x45, 0xf0, 0x7f, 0xf3,
    0x3f, 0xf0, 0x6f, 0xfc, 0x1f, 0xc8, 0xc4, 0x1f,
    0xfc, 0x48, 0x96, 0x83, 0xff, 0x85, 0x88, 0x21,
    0x83, 0xfe, 0x71, 0x82, 0xc7, 0x43, 0xcd, 0xc3,
    0x7, 0x69, 0x72, 0xe, 0x47, 0x83, 0xea, 0x1,
    0x80, 0x8f, 0x7, 0xf9, 0xe5, 0x2, 0xe0, 0xff,
    0xe1, 0x34, 0x0,

    /* U+5524 "唤" */
    0xf, 0xfe, 0x4, 0x87, 0xff, 0x21, 0x50, 0x7f,
    0x97, 0xc1, 0xa1, 0x7c, 0x1d, 0x5e, 0xa, 0x3,
    0x5c, 0x1e, 0x7c, 0x19, 0x47, 0xe4, 0x83, 0xff,
    0x81, 0x43, 0xc, 0x88, 0x7f, 0xf0, 0xb0, 0xd1,
    0x7, 0xff, 0x6, 0x3f, 0x92, 0xf4, 0x1f, 0xfc,
    0x1a, 0x20, 0xa8, 0x3f, 0xf8, 0x28, 0xa8, 0x5c,
    0x1f, 0xff, 0x5c, 0x3f, 0x96, 0x2, 0xc2, 0xa3,
    0x58, 0x58, 0x2a, 0x3, 0x81, 0x44, 0x6a, 0x5,
    0x81, 0xf0, 0x2f, 0xe4, 0x2f, 0xe8, 0x39, 0x41,
    0xe5, 0x84, 0x3f, 0xd4, 0xe, 0xca, 0x10, 0x7a,
    0xc3, 0xf6, 0x40, 0x8d, 0xc, 0xa0, 0xf5, 0x8a,
    0x2, 0x8a, 0x21, 0xfa, 0xd2, 0x81, 0xa8, 0x30,
    0x7e, 0xcb, 0x43, 0xce, 0xc1, 0xf9, 0xd0, 0xff,
    0x48,

    /* U+559C "喜" */
    0xf, 0xf5, 0x3, 0xff, 0x92, 0xa0, 0xff, 0xe0,
    0x7f, 0xf0, 0x3f, 0xf9, 0x2, 0xff, 0x1, 0x7f,
    0x82, 0xaf, 0xe0, 0x57, 0xf2, 0x13, 0xff, 0x3,
    0xfe, 0x43, 0x95, 0x5f, 0xfc, 0x25, 0x7, 0xa0,
    0xff, 0xe1, 0x41, 0xf3, 0x5f, 0xfc, 0x24, 0x3e,
    0x47, 0xff, 0xd0, 0x7f, 0xcb, 0xff, 0x61, 0xfc,
    0x82, 0xbf, 0xc8, 0x7f, 0x3e, 0x4f, 0xf0, 0xf9,
    0xf, 0xfe, 0x4, 0x19, 0xf, 0xef, 0xf2, 0x3f,
    0xa1, 0xff, 0x2a, 0xbf, 0xf9, 0xa, 0x96, 0xf,
    0xfe, 0x12, 0xd0, 0x66, 0xbf, 0xf8, 0x48, 0x7f,
    0x3f, 0xfe, 0x43, 0xff, 0xac, 0xff, 0xf9, 0xf,
    0xf9, 0xff, 0xf2, 0x1f, 0xcf, 0x7, 0xfa, 0xd0,
    0xc0,

    /* U+5668 "器" */
    0x5, 0xfe, 0x87, 0xfe, 0x43, 0xd5, 0x83, 0x9a,
    0xc1, 0xf9, 0x70, 0x76, 0xb8, 0x3f, 0xfa, 0x5f,
    0x83, 0xaf, 0xc6, 0x1b, 0xaf, 0x63, 0x53, 0x58,
    0x32, 0xfd, 0xe9, 0x43, 0xa8, 0x32, 0xff, 0x1,
    0x41, 0x2d, 0x2, 0xbf, 0x1, 0xa8, 0x6a, 0x41,
    0xff, 0x22, 0xb, 0xfe, 0xf, 0x9d, 0x56, 0x5a,
    0x1e, 0x5a, 0xf4, 0x50, 0x1a, 0x5f, 0xd1, 0x44,
    0x6d, 0xd, 0x72, 0x1a, 0x5d, 0x62, 0x82, 0x58,
    0xeb, 0x2, 0x1a, 0xf0, 0x2b, 0xe1, 0xe, 0xfc,
    0x1d, 0x7e, 0xf, 0xff, 0x47, 0xe0, 0xeb, 0xf0,
    0x7e, 0xac, 0x1c, 0xd6, 0xf, 0xcb, 0x83, 0xb5,
    0xc1, 0xeb, 0xd, 0xc0, 0xd0, 0xda, 0x0,

    /* U+56DE "回" */
    0xf, 0xfe, 0x4f, 0xff, 0xf1, 0x83, 0x2f, 0xff,
    0x8, 0x39, 0xaf, 0xfe, 0x12, 0x1f, 0xfe, 0x4f,
    0xfc, 0x1f, 0xfc, 0x2a, 0xc1, 0xff, 0xc3, 0x5f,
    0x7, 0xff, 0xf9, 0xfc, 0x87, 0xff, 0x5, 0x7f,
    0x7, 0xff, 0x2, 0xbf, 0x7, 0xff, 0x91, 0xff,
    0xfe, 0x12, 0x1c, 0xbf, 0xfc, 0x20, 0xe6, 0xbf,
    0xf8, 0x48, 0x4e, 0x1f, 0xfc, 0x2d, 0x0,

    /* U+56F0 "困" */
    0x6b, 0xff, 0x8c, 0xcb, 0xff, 0xc6, 0xc1, 0xff,
    0xfc, 0x40, 0xff, 0xbc, 0x1f, 0xfc, 0x74, 0x3f,
    0xfa, 0x8f, 0xf0, 0xff, 0x7, 0xcb, 0xc1, 0x2f,
    0x7, 0xea, 0xb0, 0x35, 0xc1, 0xff, 0x41, 0xa0,
    0xff, 0xe0, 0xa2, 0x9, 0xc3, 0xff, 0x81, 0x10,
    0x24, 0xc3, 0xfd, 0x98, 0x69, 0x30, 0xfd, 0x90,
    0x7a, 0xf, 0xe8, 0x50, 0x7d, 0xe0, 0xfa, 0xa0,
    0xc8, 0x7f, 0xf0, 0x50, 0xff, 0xe6, 0x78, 0x3c,
    0x86, 0xff, 0xfe, 0x1c, 0x19, 0x7f, 0xf8, 0x81,
    0xab, 0xff, 0x88, 0x0,

    /* U+56FA "固" */
    0xaf, 0xfe, 0x42, 0xff, 0xf2, 0x1, 0xff, 0xfc,
    0x41, 0xf, 0xeb, 0xf, 0xfe, 0x32, 0x1f, 0xfd,
    0x6f, 0xe0, 0x7f, 0x21, 0xf2, 0xf0, 0x17, 0xc1,
    0xf5, 0x70, 0x2b, 0x83, 0xff, 0xa3, 0x58, 0x15,
    0x83, 0xfc, 0xb8, 0xb, 0x83, 0xff, 0x81, 0xfe,
    0x43, 0xff, 0xd3, 0xfe, 0x43, 0xfe, 0x97, 0xf8,
    0x3f, 0xcd, 0x7f, 0x7, 0xd5, 0xff, 0xc3, 0xc4,
    0xb, 0xff, 0xc3, 0xe, 0xff, 0xfe, 0x20, 0x3c,
    0x1f, 0xfc, 0x4f, 0x0,

    /* U+56FE "图" */
    0x6b, 0xff, 0x8c, 0xcb, 0xff, 0xc6, 0x93, 0xfd,
    0x7f, 0xf0, 0x87, 0xd5, 0x7, 0xff, 0x11, 0x40,
    0xae, 0xf, 0xfa, 0x2, 0xf8, 0x3f, 0xd0, 0x3f,
    0x3, 0xf, 0xe9, 0x46, 0x8, 0x83, 0xfe, 0x6c,
    0xf3, 0x21, 0xfe, 0xa0, 0x10, 0x90, 0xff, 0xe0,
    0x36, 0xb1, 0xe4, 0x3f, 0x3c, 0xab, 0xb4, 0xbc,
    0x1e, 0x55, 0xdd, 0xd3, 0x9c, 0x3e, 0x90, 0x50,
    0x71, 0x83, 0xfe, 0x95, 0xd0, 0x3f, 0xf8, 0x2a,
    0xb8, 0x43, 0xff, 0x82, 0xf0, 0xd8, 0x7f, 0xf0,
    0xdf, 0x28, 0x3e, 0x4a, 0xfe, 0x5, 0x70, 0x81,
    0x7f, 0xf8, 0x81, 0xbf, 0xff, 0x88, 0xf, 0x7,
    0xff, 0x13, 0xc0,

    /* U+5728 "在" */
    0xf, 0xf4, 0x87, 0xff, 0x25, 0x83, 0xff, 0x90,
    0x87, 0xff, 0x2b, 0x20, 0xff, 0xe0, 0xde, 0xac,
    0x95, 0xfd, 0xe0, 0x90, 0x2e, 0x9, 0x7f, 0x7,
    0x7f, 0x81, 0x7f, 0xfc, 0x1f, 0x90, 0x21, 0x78,
    0x3f, 0xf8, 0x51, 0x87, 0xff, 0x1b, 0xc2, 0x1f,
    0xfc, 0xa8, 0x3f, 0xf8, 0xd0, 0x32, 0xb8, 0x15,
    0xc1, 0xd2, 0x19, 0x78, 0xb, 0xc1, 0xa4, 0x3b,
    0xf8, 0x1f, 0xc1, 0x69, 0x87, 0xff, 0x1e, 0x30,
    0xff, 0xe4, 0x38, 0x7f, 0xff, 0xab, 0xc0, 0xaf,
    0x7, 0xf2, 0xf8, 0xb, 0xf0, 0x7e, 0xff, 0xfe,
    0x12,

    /* U+5730 "地" */
    0xf, 0xfe, 0x12, 0x83, 0xfb, 0xc1, 0xfd, 0x40,
    0xff, 0xec, 0xd8, 0x7f, 0xf2, 0x10, 0xff, 0xe4,
    0xa1, 0xfc, 0x87, 0xff, 0x19, 0xb8, 0x15, 0x2,
    0xa0, 0xe4, 0x12, 0x1c, 0xa0, 0x2c, 0x15, 0xc0,
    0xb4, 0x2b, 0xc0, 0xf5, 0x11, 0x20, 0x21, 0xff,
    0xc0, 0x90, 0x79, 0xf, 0xfe, 0x1d, 0xa1, 0xff,
    0xc7, 0x43, 0xff, 0xd0, 0xe8, 0x7f, 0xf2, 0xb0,
    0xf9, 0xb0, 0xfc, 0xd8, 0x66, 0x4, 0xa0, 0xf9,
    0x10, 0x25, 0x11, 0xb8, 0x3d, 0xc1, 0x37, 0x8b,
    0x90, 0xe4, 0x3e, 0x89, 0xd0, 0xf6, 0x5f, 0xf0,
    0x10, 0xfe, 0x65, 0xfd, 0x60,

    /* U+5747 "均" */
    0xf, 0xfe, 0x2, 0x1f, 0xfc, 0x1f, 0x7, 0xad,
    0xf, 0xfe, 0x4a, 0x1f, 0xfc, 0x64, 0x83, 0xff,
    0x8f, 0x1a, 0xfc, 0x1f, 0xfc, 0x26, 0xbe, 0x4a,
    0x81, 0x44, 0x8b, 0xfc, 0x81, 0x70, 0x15, 0x88,
    0x87, 0xe5, 0x7c, 0xf, 0x50, 0x88, 0x3f, 0xf8,
    0xa8, 0xcc, 0x1f, 0xfc, 0x46, 0x21, 0x41, 0xff,
    0xc3, 0x90, 0x66, 0x12, 0x1f, 0xfc, 0x4e, 0x43,
    0xff, 0x91, 0x50, 0x7f, 0xf1, 0xb5, 0x41, 0xfe,
    0xb8, 0x2b, 0x28, 0x1f, 0x30, 0x13, 0x1d, 0x34,
    0x3d, 0x72, 0x3e, 0x4c, 0x70, 0xfd, 0x8f, 0xa0,
    0xd5, 0x7, 0xf3, 0xc1, 0xf9, 0xe, 0x60, 0xff,
    0xe3, 0x5c, 0x90, 0x7f, 0xf1, 0x30, 0x32, 0x0,

    /* U+5757 "块" */
    0xf, 0xfe, 0x7f, 0x83, 0xef, 0x7, 0xff, 0x25,
    0xf, 0xff, 0xa, 0x21, 0xff, 0xc4, 0xbe, 0x5,
    0xf8, 0x3f, 0xf8, 0x15, 0x60, 0xbc, 0x1e, 0xf8,
    0x1f, 0xa, 0x11, 0x2, 0x1d, 0x50, 0x2a, 0xf,
    0xfe, 0x1a, 0xc0, 0x58, 0x3f, 0xfc, 0x32, 0xf0,
    0xb8, 0x94, 0x1f, 0x9a, 0xc0, 0xa8, 0xd, 0x87,
    0xef, 0xe0, 0xbf, 0xd0, 0x7c, 0xc8, 0x11, 0x20,
    0xff, 0xe0, 0x72, 0x81, 0x92, 0x83, 0xeb, 0xc0,
    0x6c, 0x25, 0x11, 0x87, 0x90, 0x5c, 0x85, 0x90,
    0x22, 0xe, 0xf9, 0xe, 0xc8, 0x25, 0xa0, 0xff,
    0xe0, 0x62, 0x83, 0x43, 0x87, 0xf5, 0x8c, 0x1e,
    0xd3, 0x83, 0xfa, 0x81, 0xfa, 0x48, 0x3e, 0xb4,
    0x3f, 0xd6, 0x0,

    /* U+589E "增" */
    0xf, 0xfe, 0x2, 0x1c, 0x87, 0xea, 0x7, 0x70,
    0x75, 0xa1, 0xe5, 0x7, 0x66, 0x1e, 0x43, 0xc8,
    0x7d, 0x21, 0x44, 0x1f, 0xfc, 0xb, 0xd3, 0xf2,
    0x5e, 0x83, 0xfe, 0xac, 0x35, 0x21, 0xff, 0xc1,
    0x45, 0x1, 0xcc, 0x2a, 0x92, 0xa0, 0x32, 0x19,
    0x83, 0x2c, 0x5, 0x4, 0x90, 0x50, 0x86, 0xf9,
    0x3d, 0x5, 0x21, 0x64, 0x1f, 0xfc, 0x25, 0x48,
    0x1c, 0x3f, 0xf8, 0x77, 0xa1, 0xfa, 0xf, 0xfa,
    0xff, 0xfe, 0x4, 0x1f, 0xe6, 0xbf, 0xc8, 0x7f,
    0xda, 0xff, 0xb0, 0xfc, 0xc1, 0x7f, 0xe0, 0xf9,
    0x39, 0x9, 0x7f, 0x6, 0xbc, 0x6, 0xc2, 0xaf,
    0xc1, 0xe7, 0xd2, 0x1b, 0xff, 0x6, 0xb8, 0x3f,
    0x2f, 0xe0, 0xff, 0xe1, 0xd7, 0xe0, 0xff, 0xe1,
    0xff, 0xe0, 0x80,

    /* U+58F0 "声" */
    0xf, 0xfa, 0x81, 0xff, 0xc8, 0x50, 0x7f, 0xd5,
    0xfc, 0xa, 0xfe, 0x2, 0xff, 0x1, 0x7f, 0x81,
    0xff, 0xc0, 0xff, 0xe0, 0xff, 0xe6, 0xb5, 0xf0,
    0x2b, 0xe4, 0x39, 0x7e, 0x2, 0xfd, 0x86, 0x7f,
    0xff, 0x89, 0x7, 0x35, 0xff, 0xc3, 0x43, 0xa5,
    0xff, 0xe1, 0xe1, 0xf5, 0xf8, 0x1f, 0xe0, 0xfe,
    0x43, 0xff, 0xbf, 0x2e, 0x2, 0xf4, 0x1f, 0xcd,
    0x60, 0x57, 0x21, 0xfd, 0xff, 0xfc, 0x11, 0xd,
    0x8, 0x7f, 0xf0, 0x68, 0x19, 0x20, 0xff, 0xe0,
    0xa8, 0x2c, 0x43, 0xff, 0x8d, 0x2, 0xf, 0xfe,
    0x36, 0x41, 0xff, 0xc7, 0x74, 0x3f, 0xf8, 0xc0,

    /* U+5907 "备" */
    0xf, 0xd2, 0x1f, 0xfc, 0x85, 0x41, 0xff, 0xc8,
    0x8c, 0x3f, 0xf8, 0xf0, 0x3f, 0xfa, 0xf, 0xe5,
    0x15, 0xf8, 0x10, 0x7e, 0x60, 0x4b, 0xe8, 0x83,
    0xf3, 0x1c, 0x61, 0xa1, 0x41, 0xfb, 0x31, 0x8d,
    0x35, 0x41, 0xfd, 0x61, 0x39, 0x65, 0x3, 0xff,
    0x89, 0x6, 0xc3, 0xff, 0x82, 0xde, 0x4a, 0xf,
    0xa8, 0xb8, 0xbe, 0x92, 0xf2, 0xbc, 0x8a, 0xab,
    0x30, 0x23, 0xb, 0xee, 0x8d, 0x18, 0x7d, 0xd,
    0x7f, 0xcb, 0x41, 0xfb, 0xf0, 0x3f, 0x7, 0xff,
    0x63, 0xf0, 0x3f, 0x7, 0xff, 0x6, 0xb0, 0x2b,
    0x7, 0xff, 0x5, 0x70, 0x17, 0x7, 0xff, 0x5,
    0x70, 0x17, 0x7, 0xff, 0x6, 0xb0, 0x2b, 0x7,
    0xff, 0x7, 0xff, 0xc1, 0xe0,

    /* U+590D "复" */
    0xf, 0x41, 0xff, 0xc9, 0x56, 0x1f, 0xfc, 0x88,
    0x5f, 0xfe, 0x4, 0x87, 0xb0, 0x35, 0xff, 0x38,
    0x76, 0x5f, 0xff, 0xc2, 0x83, 0x61, 0x2f, 0xff,
    0x4, 0x33, 0x8a, 0xaf, 0xfe, 0xe, 0x19, 0x28,
    0xf, 0xff, 0x83, 0xed, 0x9, 0x7f, 0xd0, 0x7f,
    0xf0, 0x2b, 0xfc, 0x87, 0xff, 0x3, 0xff, 0xe0,
    0xff, 0xe0, 0x7f, 0xfc, 0x1f, 0xee, 0x41, 0x5f,
    0xd8, 0x7e, 0x58, 0x97, 0xfc, 0x1f, 0xd0, 0x2f,
    0xfe, 0xf, 0xe9, 0x5, 0x79, 0x4, 0x1f, 0xb5,
    0x89, 0x7c, 0x48, 0x7d, 0x8d, 0x13, 0x41, 0x92,
    0x1f, 0xba, 0x2, 0x85, 0xe2, 0x43, 0xfc, 0x86,
    0x50, 0x6d, 0xf, 0xcb, 0x53, 0xe5, 0x48, 0xdf,
    0x51, 0x5, 0x4b, 0xae, 0x6f, 0x48, 0x15, 0x83,
    0xbe, 0xa2, 0x1e, 0x6f, 0xa8, 0x0,

    /* U+591A "多" */
    0xf, 0xfe, 0x87, 0x83, 0xff, 0x8d, 0x90, 0x7f,
    0xf1, 0x70, 0x5f, 0xf8, 0x3e, 0x72, 0xbf, 0x2,
    0xf, 0x50, 0xd1, 0x78, 0xa, 0xe, 0xd5, 0x9c,
    0x85, 0x46, 0xf, 0x54, 0xc, 0x92, 0x54, 0x1f,
    0x28, 0x36, 0x5a, 0xa0, 0xff, 0xe1, 0x21, 0x41,
    0xff, 0xc1, 0x6e, 0x2e, 0x60, 0xf9, 0xfa, 0x57,
    0x9c, 0x1a, 0xf8, 0x40, 0xdc, 0x38, 0x55, 0xec,
    0x1e, 0x90, 0x50, 0xbf, 0xc0, 0x83, 0xd6, 0xac,
    0x3c, 0x88, 0x75, 0xa5, 0x64, 0x26, 0x20, 0xfa,
    0xd2, 0x24, 0x63, 0xf, 0x5a, 0x1b, 0x2a, 0x30,
    0xff, 0xe1, 0xa2, 0x61, 0xff, 0xc1, 0x6d, 0x2c,
    0x3e, 0x5a, 0xfa, 0x55, 0xa1, 0xfa, 0xa4, 0xd,
    0xc8, 0x7f, 0xa6, 0xfa, 0x43, 0xff, 0x80,

    /* U+5927 "大" */
    0xf, 0xf9, 0xf, 0xfe, 0x55, 0x87, 0xff, 0xfc,
    0x3f, 0xfd, 0x1f, 0xfc, 0xf, 0xfe, 0xf, 0xfe,
    0x77, 0xfe, 0x81, 0xff, 0xc1, 0xff, 0x60, 0x43,
    0xff, 0x8e, 0x82, 0xf, 0xfe, 0x32, 0x28, 0x43,
    0xff, 0x8b, 0x14, 0x20, 0xff, 0xe2, 0x22, 0x8,
    0x83, 0xff, 0x87, 0x10, 0x11, 0x41, 0xff, 0xc1,
    0xc8, 0x36, 0x48, 0x7f, 0x9c, 0x50, 0x74, 0x48,
    0x7e, 0xa0, 0xc1, 0xe6, 0x28, 0x1d, 0x69, 0x40,
    0xfc, 0xc3, 0xa0, 0x90, 0x68, 0x7f, 0x9c, 0x10,
    0x22, 0xc3, 0xff, 0x85, 0xb0, 0x5a, 0x1f, 0xfc,
    0x49, 0x0,

    /* U+5929 "天" */
    0xf, 0xfe, 0x7b, 0xff, 0xfc, 0x40, 0xf9, 0x7f,
    0x1, 0x7e, 0xf, 0xd5, 0xf0, 0x2b, 0xe0, 0xff,
    0xff, 0x85, 0x75, 0xf0, 0x2b, 0xef, 0x6, 0x45,
    0xf8, 0xb, 0xf0, 0x7b, 0xff, 0x40, 0xbf, 0xf0,
    0x7f, 0xf0, 0x30, 0x41, 0xff, 0xc8, 0x44, 0x43,
    0xff, 0x8d, 0xc, 0x41, 0xff, 0xc6, 0x48, 0x48,
    0x3f, 0xf8, 0x98, 0x82, 0x14, 0x1f, 0xfc, 0x2c,
    0x10, 0x51, 0x21, 0xff, 0xc0, 0xc1, 0x86, 0x62,
    0x81, 0xfd, 0x60, 0xc3, 0xcc, 0x3a, 0x1c, 0xe8,
    0xe1, 0xf9, 0xc1, 0x70, 0x28, 0xa, 0x7, 0xfd,
    0xa0, 0xc1, 0x36, 0x87, 0xff, 0x6, 0xe4,

    /* U+5931 "失" */
    0xf, 0xfe, 0xa7, 0x83, 0xff, 0xb1, 0x68, 0x7f,
    0xf1, 0xd1, 0xf, 0xfe, 0x32, 0x21, 0xff, 0xc7,
    0x87, 0xf0, 0x3f, 0xe4, 0x32, 0x5, 0xe0, 0x2f,
    0xe0, 0xd1, 0xd7, 0x2, 0xbe, 0xd, 0x8, 0x7f,
    0xf1, 0xf6, 0xf, 0x90, 0xff, 0x98, 0x3f, 0xf8,
    0xef, 0xff, 0xf, 0xff, 0xb, 0xfc, 0x19, 0x7f,
    0x2, 0xbf, 0x6, 0xaf, 0xc1, 0xfd, 0xa, 0x20,
    0xff, 0xe1, 0xa8, 0xa0, 0xc1, 0xff, 0xc1, 0x63,
    0x6, 0x38, 0x7f, 0xd4, 0x20, 0xd8, 0x38, 0x3e,
    0x74, 0x90, 0xee, 0x1f, 0x20, 0x78, 0x74, 0x3e,
    0x74, 0x10, 0x20, 0x50, 0x3f, 0xeb, 0x50, 0x3b,
    0x43, 0xff, 0x85, 0x40,

    /* U+5934 "头" */
    0xf, 0xfe, 0x2, 0x83, 0xff, 0x91, 0xc8, 0x7f,
    0xcf, 0x7, 0xc8, 0x7f, 0xf0, 0x5d, 0x9, 0xf,
    0xfe, 0xb, 0xa5, 0x3, 0xff, 0x8d, 0x40, 0xff,
    0xe2, 0x21, 0x9e, 0xf, 0xfe, 0x15, 0xc1, 0xff,
    0xc7, 0x87, 0x43, 0xff, 0x8a, 0xe9, 0x21, 0xff,
    0xc6, 0xa2, 0x83, 0x90, 0xff, 0xe0, 0xb0, 0x7f,
    0xf0, 0xef, 0xff, 0x87, 0xff, 0x82, 0x5f, 0x82,
    0x5e, 0x9, 0xfa, 0xbe, 0x7, 0x5d, 0xf0, 0x7f,
    0xa2, 0xf, 0xfe, 0x34, 0xbb, 0x83, 0xff, 0x85,
    0x24, 0x13, 0xa1, 0xfe, 0x75, 0x60, 0x74, 0xa0,
    0x7e, 0xa0, 0xc1, 0xd4, 0x1c, 0x33, 0xe4, 0xe0,
    0xf9, 0xc1, 0x81, 0x81, 0x61, 0xff, 0x6a, 0x3,
    0x79, 0xf, 0xfe, 0xd, 0x0,

    /* U+5973 "女" */
    0xf, 0xfe, 0x93, 0xe0, 0xff, 0xe3, 0xe2, 0x1f,
    0xfc, 0x74, 0x83, 0xff, 0xb9, 0x8, 0x7f, 0xf1,
    0xd2, 0xf, 0xfe, 0xf, 0xf8, 0x1f, 0xff, 0xc0,
    0x45, 0xe0, 0x97, 0xc0, 0x5c, 0xa, 0xe0, 0x75,
    0xe0, 0x56, 0x43, 0xff, 0x84, 0x87, 0xff, 0x2,
    0x20, 0xf6, 0x41, 0xfe, 0x44, 0x3c, 0x88, 0x7f,
    0x40, 0x43, 0x91, 0xf, 0xf6, 0xb, 0x42, 0x88,
    0x3f, 0xcf, 0x92, 0xe8, 0x21, 0xff, 0xc2, 0xb8,
    0x51, 0x87, 0xff, 0x11, 0x82, 0xb4, 0x3f, 0xf8,
    0x54, 0x28, 0xb, 0x43, 0xfd, 0x69, 0x2b, 0x81,
    0x40, 0xcd, 0x3c, 0x96, 0x84, 0xf0, 0xe1, 0x4a,
    0x1f, 0x21, 0xf3, 0xb0, 0x5d, 0xe8, 0x3f, 0xf8,
    0x12, 0x0,

    /* U+597D "好" */
    0xf, 0xfe, 0x85, 0xa1, 0xff, 0xc8, 0x44, 0x3f,
    0xf9, 0x28, 0x6b, 0xff, 0xc1, 0xff, 0xc0, 0xeb,
    0xe0, 0xfc, 0x98, 0x65, 0xfb, 0x6, 0xb, 0xd1,
    0x7d, 0x7, 0xb5, 0x61, 0x54, 0xa, 0x21, 0xf6,
    0x50, 0x39, 0x42, 0xd9, 0x87, 0x94, 0x1f, 0x26,
    0xc, 0x43, 0xff, 0x87, 0x88, 0x10, 0xff, 0xe2,
    0xa8, 0x32, 0xbf, 0x87, 0xf8, 0x9, 0x81, 0x35,
    0xf0, 0x17, 0x81, 0x92, 0x42, 0x57, 0xd, 0x70,
    0x28, 0x50, 0x43, 0xff, 0x8a, 0xe2, 0x41, 0xff,
    0xc7, 0x41, 0x87, 0xff, 0x19, 0x42, 0x61, 0xff,
    0xc4, 0x63, 0xa1, 0x87, 0xff, 0xa, 0x86, 0x5,
    0x83, 0x21, 0xfb, 0x4c, 0x35, 0x1, 0xe8, 0xc3,
    0xd3, 0x87, 0xf2, 0x5, 0x7, 0x98, 0x3f, 0xd7,
    0xa0, 0xf0,

    /* U+59CB "始" */
    0xc, 0xa0, 0xfc, 0x87, 0xff, 0x3, 0x90, 0xfa,
    0xc3, 0xfe, 0x44, 0x3c, 0x88, 0x7f, 0xf2, 0x22,
    0xf, 0xfe, 0x2, 0x1e, 0x44, 0x28, 0x3a, 0xa1,
    0xa9, 0x4, 0x40, 0x98, 0x32, 0xc0, 0x58, 0x9,
    0x5, 0x2a, 0xb, 0xc9, 0xe8, 0xc, 0xa0, 0xd0,
    0xa0, 0xff, 0xa1, 0xff, 0x2, 0xc, 0xa0, 0x62,
    0x82, 0x55, 0x5c, 0x21, 0xb0, 0x20, 0xbe, 0xa2,
    0xc3, 0xa0, 0x43, 0x90, 0xff, 0xe2, 0x62, 0x26,
    0xa, 0xff, 0x6, 0x42, 0xc4, 0xb, 0xfe, 0xc,
    0x9a, 0x83, 0xdf, 0xe4, 0x3a, 0xc8, 0x83, 0xff,
    0x8f, 0x82, 0xf, 0xfe, 0x3a, 0x16, 0x1f, 0xfc,
    0x68, 0xe3, 0xf, 0xfe, 0x26, 0x62, 0xa0, 0xbf,
    0xc8, 0x76, 0x41, 0x48, 0x4b, 0xe0, 0xe4, 0x90,
    0xfd, 0x5e, 0x43, 0x3a, 0x1f, 0x78, 0x3d, 0x60,

    /* U+5A92 "媒" */
    0xc, 0x87, 0x48, 0x73, 0x7, 0xea, 0x6, 0x70,
    0xed, 0xf, 0x93, 0x2, 0x80, 0xbc, 0x5, 0x7,
    0xc8, 0xd0, 0x6b, 0x92, 0xa0, 0xd8, 0x4f, 0x87,
    0xf9, 0x3d, 0x6, 0x43, 0xff, 0x8e, 0xf8, 0x1f,
    0x20, 0x5f, 0x7, 0xca, 0x19, 0x10, 0xab, 0x90,
    0xe6, 0xc9, 0xe, 0x7f, 0x90, 0xfa, 0x9, 0xf,
    0xfe, 0x3a, 0x12, 0x13, 0xfc, 0x87, 0x93, 0xf,
    0x56, 0x5, 0x41, 0xd8, 0x89, 0x81, 0x70, 0xb8,
    0x39, 0x13, 0x7, 0xf8, 0x7f, 0xc0, 0xca, 0x22,
    0xf0, 0x72, 0xf0, 0x5a, 0x88, 0xac, 0x21, 0x75,
    0x83, 0x40, 0x83, 0x64, 0x2a, 0xf, 0xd0, 0x98,
    0x32, 0xa, 0x30, 0xf4, 0xa9, 0x8c, 0x50, 0x68,
    0xe4, 0x12, 0x45, 0xe1, 0x83, 0x98, 0x72, 0x4c,
    0x3a, 0x81, 0xf3, 0xb1, 0x38, 0x6a, 0x21, 0xc8,
    0x68, 0x0,

    /* U+5B57 "字" */
    0xf, 0xe4, 0x3f, 0xf9, 0xd, 0x3, 0xff, 0x8e,
    0x8a, 0xf, 0xf9, 0xaf, 0x92, 0xbf, 0x90, 0x6b,
    0xf8, 0xb, 0xfb, 0xd, 0xff, 0xfc, 0x40, 0xff,
    0xe7, 0x68, 0xd7, 0xff, 0x0, 0x16, 0x6, 0x25,
    0xff, 0xe0, 0x8a, 0xe, 0xff, 0xe4, 0xa, 0xf,
    0xfe, 0x26, 0x9c, 0x1f, 0xfc, 0x3b, 0x2c, 0x3f,
    0xf8, 0xa9, 0xa1, 0xfd, 0x5f, 0xc0, 0xaf, 0xe4,
    0x5f, 0xe0, 0x2f, 0xf6, 0x7f, 0xf0, 0x3f, 0xfa,
    0xf, 0xff, 0xf8, 0x7f, 0xf2, 0x29, 0x87, 0xff,
    0x1d, 0x40, 0x83, 0xff, 0x8b, 0x4f, 0x21, 0xfe,

    /* U+5B58 "存" */
    0xf, 0xee, 0xf, 0xfe, 0x3a, 0x21, 0xff, 0xc7,
    0xc8, 0x3f, 0xf8, 0x35, 0xe4, 0xeb, 0xfc, 0x5,
    0xf8, 0xb, 0xff, 0x1, 0xfe, 0x7, 0xff, 0xf0,
    0x3, 0xe4, 0x43, 0xff, 0x8f, 0x10, 0x7f, 0xf1,
    0x6c, 0x8f, 0x57, 0xf0, 0x7e, 0x50, 0x4b, 0xfe,
    0xc, 0xa2, 0x7, 0xfc, 0x81, 0x41, 0xa0, 0xff,
    0xb5, 0x70, 0x4e, 0x1f, 0xf6, 0x50, 0x33, 0x12,
    0x1f, 0xf2, 0x1c, 0xa9, 0xa, 0xff, 0x3, 0xfa,
    0x24, 0x36, 0xbe, 0x2, 0xf6, 0x1f, 0x35, 0xe0,
    0x57, 0x21, 0xff, 0xff, 0x3, 0xe0, 0xff, 0xe3,
    0xa0, 0x70, 0xf0,

    /* U+5B89 "安" */
    0xf, 0xf4, 0x1f, 0xfc, 0x8d, 0x41, 0xff, 0xc7,
    0xc8, 0x3f, 0xf9, 0x8, 0x7f, 0xf0, 0x7f, 0xf2,
    0x7f, 0xe0, 0xf3, 0x5f, 0xfc, 0x10, 0xfd, 0x2e,
    0xd7, 0xf0, 0x7f, 0xf0, 0x27, 0xf, 0xfe, 0xf,
    0x83, 0x26, 0x1f, 0x50, 0x3f, 0x91, 0xf, 0xca,
    0xa, 0xbe, 0x5, 0x7f, 0xc8, 0xbe, 0x2, 0xff,
    0xf0, 0x1, 0xfc, 0xf, 0xf4, 0x3f, 0x90, 0xe4,
    0x43, 0xd1, 0x7, 0xfa, 0x30, 0xe4, 0x43, 0xfc,
    0x82, 0xe4, 0x11, 0x7, 0xf9, 0xf4, 0xab, 0xc4,
    0x1f, 0xfc, 0x26, 0xd0, 0xa8, 0x1f, 0xfc, 0x27,
    0x4a, 0xf, 0x7, 0xf3, 0x70, 0xea, 0xe1, 0xe0,
    0x9f, 0xa4, 0xb8, 0x33, 0xa3, 0x81, 0xa, 0xf2,
    0x1f, 0xad, 0x82, 0xf9, 0xf, 0xfe, 0xc, 0x80,

    /* U+5B8C "完" */
    0xf, 0xf4, 0x1f, 0xfc, 0x8d, 0x41, 0xff, 0xc7,
    0x88, 0x3f, 0xef, 0xfd, 0x3, 0xff, 0x83, 0x2f,
    0xff, 0x10, 0x3d, 0x5f, 0xfc, 0x40, 0xff, 0xe7,
    0x28, 0x7d, 0x5f, 0x7c, 0x9, 0x5, 0x3, 0x2f,
    0xc1, 0xcc, 0x1c, 0xff, 0xff, 0x0, 0x3f, 0xf9,
    0xed, 0x7f, 0xf2, 0x1d, 0x7f, 0xf9, 0x1d, 0xfe,
    0x7, 0xc0, 0xff, 0xa0, 0xf2, 0x1f, 0xfc, 0xb4,
    0x3f, 0xf8, 0xf9, 0x87, 0xff, 0x1d, 0x10, 0xff,
    0xe3, 0x62, 0x1f, 0xf5, 0xa1, 0xb0, 0x41, 0xff,
    0x21, 0xac, 0x18, 0x7d, 0xd5, 0x81, 0xb4, 0xb0,
    0xf4, 0x5, 0x81, 0x92, 0xb4, 0x3e, 0x7f, 0xe0,
    0x0,

    /* U+5B9A "定" */
    0xf, 0xfa, 0x43, 0xff, 0x92, 0xa8, 0x3f, 0xf9,
    0x2a, 0x20, 0xff, 0xe4, 0xcc, 0x1f, 0xfc, 0x1f,
    0xfe, 0x7f, 0xf8, 0x3e, 0xaf, 0xfe, 0x12, 0x1f,
    0xcb, 0xff, 0xc2, 0x83, 0xe5, 0x7, 0xff, 0xd,
    0x41, 0xd4, 0x7a, 0xff, 0x7a, 0xa0, 0xfb, 0x17,
    0xfc, 0x4, 0x3f, 0xaf, 0xf0, 0xff, 0x83, 0xff,
    0xad, 0xe0, 0xff, 0xe4, 0xa1, 0xf3, 0x5e, 0x43,
    0xf6, 0x41, 0xe5, 0xf6, 0x1f, 0x91, 0xe, 0x7f,
    0xd0, 0x7c, 0x82, 0xf, 0xfe, 0x44, 0x6, 0xf,
    0xfe, 0x34, 0x38, 0xe8, 0x7f, 0xf0, 0xd4, 0x46,
    0x96, 0x21, 0xf9, 0x3, 0x10, 0x54, 0xd, 0xff,
    0xc0, 0xc5, 0x6, 0x79, 0xf, 0xe8, 0x17, 0x7,
    0xcd, 0xff, 0xc0,

    /* U+5BB3 "害" */
    0xf, 0xcd, 0x3, 0xff, 0x8c, 0xa0, 0xfe, 0x6b,
    0xec, 0x15, 0xf9, 0x97, 0xf0, 0x17, 0xf4, 0xb,
    0xfd, 0x4f, 0xf8, 0x32, 0x1e, 0xa0, 0x7f, 0x51,
    0xaf, 0x2, 0xbc, 0x32, 0x85, 0xf0, 0x17, 0xc4,
    0x81, 0xff, 0x3, 0xfc, 0x1e, 0xaf, 0x2, 0xbc,
    0x1e, 0x5f, 0x1, 0x7c, 0x1e, 0xff, 0x3, 0xfc,
    0x17, 0xff, 0x3, 0xff, 0x4b, 0xfc, 0x5, 0xfd,
    0xd7, 0xf0, 0x2b, 0xf2, 0x15, 0x78, 0x15, 0xe0,
    0xf2, 0xf8, 0xb, 0xe0, 0xfd, 0xff, 0xe0, 0xff,
    0xe9, 0x57, 0xf8, 0x3f, 0xcb, 0xfe, 0xf, 0xf7,
    0xff, 0x83, 0x80,

    /* U+5BB6 "家" */
    0xf, 0xf3, 0x7, 0xff, 0x21, 0x90, 0xff, 0xe4,
    0x20, 0x43, 0xfe, 0xff, 0xe0, 0x5f, 0xf8, 0x39,
    0x7f, 0xf8, 0x81, 0xf5, 0x7f, 0xf1, 0x3, 0xfa,
    0xbf, 0xf8, 0x8, 0x7f, 0x97, 0xff, 0x81, 0x94,
    0xb, 0xc0, 0xfc, 0xb, 0xfa, 0x14, 0x1f, 0xd6,
    0x48, 0x75, 0x3, 0xfa, 0xd0, 0x41, 0xcb, 0x41,
    0xd7, 0x92, 0xd3, 0xa, 0x85, 0x3, 0x68, 0xda,
    0xc0, 0x9d, 0x5a, 0x1d, 0x3c, 0x9c, 0xe3, 0x1,
    0xf, 0x98, 0x16, 0x50, 0x27, 0x43, 0xf9, 0xf2,
    0xb5, 0x61, 0xa2, 0xf, 0x70, 0xf1, 0x47, 0x10,
    0x2c, 0x1d, 0x3c, 0x3b, 0x40, 0xe8, 0xa0, 0x66,
    0x2e, 0x74, 0x3e, 0x87, 0x40, 0xda, 0x50, 0x24,
    0x39, 0xc1, 0x8c, 0x96, 0x8f, 0xa2, 0xe, 0xd8,
    0x69, 0xa1, 0x20, 0x74, 0x3d, 0x4, 0xa0, 0xf7,
    0xa0, 0xff, 0x80,

    /* U+5BC6 "密" */
    0xf, 0xf9, 0xf, 0xfe, 0x4d, 0x41, 0xff, 0xc8,
    0xc4, 0x3f, 0xf8, 0x1f, 0xfa, 0x7, 0xfe, 0x83,
    0x97, 0xff, 0x88, 0x1f, 0x57, 0x6a, 0xaf, 0xb0,
    0xe4, 0x3c, 0xa3, 0x4, 0x81, 0x41, 0xae, 0x4b,
    0x21, 0x26, 0x41, 0x40, 0xd3, 0x88, 0x5d, 0x13,
    0x57, 0x83, 0x92, 0xf, 0x6a, 0xc0, 0x82, 0x9,
    0xf, 0xac, 0xa0, 0xa3, 0x10, 0x9b, 0xd, 0xab,
    0x41, 0xd0, 0xb0, 0xc8, 0xc1, 0xd5, 0x69, 0x8,
    0x4d, 0xe9, 0xc, 0xb8, 0x10, 0x7b, 0x41, 0x7f,
    0xfc, 0x87, 0xa9, 0xe4, 0x3b, 0xc1, 0xcc, 0x1c,
    0x96, 0x1f, 0xfc, 0x9, 0xf, 0xff, 0xf8, 0x5f,
    0xc0, 0xfe, 0xf, 0xed, 0x7f, 0xf8, 0x21, 0xc0,

    /* U+5BF9 "对" */
    0xf, 0xfe, 0xf7, 0x83, 0xff, 0xd5, 0xd7, 0xc8,
    0x7f, 0xf1, 0x17, 0xe0, 0xff, 0xe2, 0x7f, 0x91,
    0xaf, 0x81, 0x50, 0x7f, 0xf0, 0x17, 0xe0, 0x2c,
    0x1a, 0xc, 0x83, 0xfe, 0x7, 0xc1, 0x4c, 0x19,
    0xf, 0xfe, 0x24, 0xa8, 0x4c, 0x18, 0x7f, 0xf0,
    0xa1, 0xa0, 0x85, 0x87, 0xff, 0xb, 0x11, 0x9,
    0x10, 0xff, 0xe1, 0x60, 0xc2, 0x88, 0x3f, 0xf8,
    0xb0, 0x79, 0xf, 0xfe, 0xe, 0x24, 0x14, 0xa0,
    0xff, 0xe0, 0x43, 0xa, 0x3, 0x7, 0xff, 0x1,
    0x44, 0x64, 0x1f, 0xfc, 0x36, 0x30, 0x91, 0xf,
    0xfe, 0xb, 0x18, 0x69, 0x41, 0xff, 0xc1, 0xc8,
    0x3d, 0x6, 0x68, 0x1f, 0x5a, 0x1f, 0xfc, 0x5,
    0x10, 0x7f, 0xf1, 0xda, 0x68, 0x60,

    /* U+5BFC "导" */
    0xf, 0xfe, 0x77, 0xff, 0xf0, 0xd0, 0xfe, 0xaf,
    0xf9, 0xf, 0xf9, 0x7f, 0xec, 0x3f, 0xfa, 0xdf,
    0xff, 0x41, 0xff, 0x2f, 0xff, 0x8, 0x3f, 0xab,
    0xff, 0x82, 0x48, 0x7f, 0xf2, 0x58, 0x39, 0x3a,
    0xff, 0xe0, 0x62, 0x1d, 0x1, 0x7f, 0xf8, 0x0,
    0x83, 0xdf, 0xff, 0x2b, 0xe0, 0xff, 0xe3, 0x28,
    0x3c, 0xd7, 0xff, 0x8, 0x15, 0xc6, 0xbf, 0xfc,
    0x20, 0x2f, 0x17, 0xff, 0xf0, 0x81, 0xfc, 0x1d,
    0xe0, 0xff, 0xe5, 0xc1, 0xff, 0xc8, 0xc5, 0x7,
    0xff, 0x22, 0x30, 0xf2, 0x1f, 0xfc, 0x16, 0x81,
    0xbd, 0x8, 0x7f, 0xf0, 0x10, 0xfd, 0x40, 0xff,
    0xe3, 0x7c, 0x87, 0xc0,

    /* U+5C06 "将" */
    0xf, 0xfe, 0x8a, 0x1e, 0xe4, 0x3f, 0xf8, 0x36,
    0x19, 0x14, 0x1f, 0xfc, 0x24, 0x34, 0x21, 0xff,
    0xc7, 0x40, 0xff, 0xc0, 0x70, 0xfd, 0xd, 0x70,
    0x10, 0x66, 0x1e, 0xca, 0x2f, 0x2, 0x4, 0x8,
    0x36, 0x2d, 0x85, 0x90, 0x6c, 0x60, 0xba, 0x5,
    0xb9, 0x21, 0xd1, 0x6, 0x40, 0xc4, 0x48, 0x79,
    0xc3, 0xe6, 0x80, 0xc4, 0x3f, 0xf8, 0x3e, 0x92,
    0xca, 0x7, 0xe8, 0x34, 0x5e, 0x43, 0xfe, 0x90,
    0xad, 0xeb, 0x81, 0x50, 0x4a, 0xe, 0x5f, 0xc0,
    0x58, 0xc, 0x61, 0x5f, 0xf8, 0x1f, 0x14, 0x30,
    0xf3, 0xc1, 0xfe, 0xc8, 0x3e, 0x44, 0x3f, 0xce,
    0x87, 0xe8, 0xc3, 0xff, 0x90, 0x90, 0x7f, 0xf2,
    0x74, 0x3f, 0xf9, 0x9e, 0x10, 0xff, 0x21, 0xfe,
    0x60, 0xfe, 0xf0, 0x7e, 0xf4, 0x18,

    /* U+5C0F "小" */
    0xf, 0xf2, 0x83, 0xff, 0x91, 0x40, 0xff, 0xff,
    0x87, 0xff, 0x96, 0xe0, 0xfd, 0xe0, 0xfe, 0x4c,
    0x3f, 0x24, 0x1f, 0xe4, 0x3f, 0x42, 0x1f, 0x42,
    0x1f, 0xe4, 0x83, 0xc9, 0x7, 0xfa, 0x10, 0xe4,
    0x3f, 0xf8, 0x49, 0x6, 0xc8, 0x3f, 0xf8, 0x10,
    0x86, 0x44, 0x3f, 0xf8, 0x29, 0x2, 0x10, 0xff,
    0xe1, 0x42, 0xc, 0x83, 0xff, 0x87, 0x60, 0x70,
    0xff, 0xe2, 0x21, 0xff, 0xe9, 0xbc, 0x1f, 0xfc,
    0x7c, 0x28, 0x3f, 0xf8, 0xaf, 0xc8, 0x7f, 0x80,

    /* U+5C1A "尚" */
    0xf, 0xef, 0x7, 0xfc, 0x87, 0xff, 0xb, 0x41,
    0xd0, 0x3f, 0xf8, 0x19, 0x83, 0x18, 0x3f, 0xd0,
    0xc1, 0x63, 0x7, 0xe9, 0x20, 0xe8, 0xc3, 0xe9,
    0x58, 0x79, 0xd0, 0xfa, 0x60, 0xdf, 0xfc, 0xf,
    0x9f, 0xe0, 0x57, 0xff, 0xd, 0xc, 0xbf, 0xfc,
    0x38, 0x3f, 0xf9, 0x28, 0x77, 0xff, 0x7, 0xff,
    0x5, 0x78, 0x3f, 0xf8, 0x75, 0xc1, 0xff, 0xd7,
    0x5e, 0xf, 0xfe, 0x1d, 0x70, 0x7f, 0xf0, 0x7f,
    0xf8, 0x3f, 0xf9, 0x68, 0x7f, 0xf1, 0x7d, 0x18,
    0x7f, 0xf1, 0xa7, 0xc1, 0xff, 0xc1, 0xf9, 0x0,

    /* U+5C31 "就" */
    0xf, 0xfe, 0x8f, 0x83, 0xf7, 0x83, 0xff, 0x81,
    0x18, 0x7f, 0xc8, 0x7f, 0x30, 0x87, 0xf7, 0x21,
    0x9a, 0xdb, 0xd6, 0xe, 0xc8, 0x36, 0xbf, 0xf0,
    0x7a, 0x20, 0xaf, 0xff, 0x83, 0xca, 0x83, 0xab,
    0xf0, 0xd0, 0x15, 0x12, 0x19, 0x7f, 0xb5, 0x1,
    0x78, 0x3c, 0xfe, 0x81, 0x78, 0x1f, 0xc8, 0x7f,
    0xf1, 0x50, 0xff, 0xe6, 0x78, 0x3e, 0x47, 0xf4,
    0x1f, 0xfc, 0x46, 0xa4, 0x68, 0x81, 0x30, 0xff,
    0x95, 0x90, 0x7c, 0x87, 0xfa, 0xc3, 0x50, 0x28,
    0x3f, 0xe4, 0x43, 0x44, 0x12, 0x1f, 0xe8, 0x83,
    0x22, 0x46, 0x1f, 0xd9, 0x7, 0xb8, 0x44, 0x3a,
    0x80, 0xd4, 0x1f, 0x39, 0x87, 0x94, 0x14, 0x54,
    0x1b, 0x10, 0xef, 0x8, 0x79, 0x10, 0x23, 0x5,
    0x4, 0xc1, 0xd7, 0xa0, 0x3c, 0x19, 0xfa, 0x0,

    /* U+5C40 "局" */
    0xd, 0xff, 0xfc, 0x48, 0x3f, 0x2f, 0xff, 0x4,
    0x3f, 0xd5, 0xff, 0xc1, 0xf, 0xfe, 0xad, 0x7f,
    0xf0, 0x43, 0xfc, 0xbf, 0xfc, 0x10, 0xff, 0x7f,
    0xff, 0xa, 0xf, 0xfe, 0x9d, 0x7f, 0xf1, 0x3,
    0xe5, 0xff, 0xe2, 0x87, 0xbf, 0xff, 0x84, 0x87,
    0xff, 0x49, 0x7, 0xfe, 0x83, 0x90, 0x90, 0xf2,
    0xf0, 0x7f, 0xd9, 0x86, 0xae, 0xf, 0xf9, 0x10,
    0xff, 0xe3, 0xa1, 0xf2, 0xf0, 0x7f, 0xa2, 0xe,
    0xae, 0xe, 0x42, 0x40, 0x85, 0xff, 0xa5, 0x83,
    0x44, 0x1f, 0xfc, 0x1e, 0x82, 0xe, 0x43, 0xff,
    0x83, 0x81, 0x80,

    /* U+5C42 "层" */
    0xb, 0xff, 0xf8, 0x88, 0x7c, 0xbf, 0xfc, 0x10,
    0xfc, 0xd7, 0xff, 0x4, 0x3f, 0xfa, 0x4d, 0x7f,
    0xf0, 0x43, 0xf9, 0x7f, 0xf8, 0x21, 0xf9, 0xff,
    0xfe, 0x12, 0x1f, 0xfe, 0x9f, 0xff, 0xe0, 0x21,
    0xfc, 0xbf, 0xfc, 0x10, 0xf6, 0xa, 0xff, 0xe0,
    0x7, 0x21, 0xff, 0xcc, 0xff, 0xfe, 0x22, 0xc,
    0x5f, 0x1, 0x7f, 0xc0, 0x41, 0x5c, 0xa, 0xfe,
    0xf, 0xf6, 0x61, 0x3c, 0x1c, 0x90, 0x68, 0x83,
    0x23, 0x6, 0x84, 0x25, 0xc1, 0xd0, 0xc0, 0x44,
    0x26, 0x1f, 0xf4, 0x6, 0xb, 0x9, 0x9, 0x6a,
    0xf0, 0x8e, 0x86, 0xfa, 0xa5, 0xf5, 0x80,

    /* U+5C4F "屏" */
    0xb, 0xff, 0xf8, 0xa1, 0xf5, 0x7f, 0xf0, 0x43,
    0xf2, 0xff, 0xf0, 0x83, 0xff, 0xa4, 0xff, 0xff,
    0x4, 0x3f, 0xab, 0xff, 0x86, 0x1e, 0x5c, 0x4b,
    0xe8, 0x50, 0x7f, 0xf0, 0x20, 0xc8, 0x7f, 0xf0,
    0x96, 0xd, 0x8, 0x7f, 0xaa, 0x5, 0x60, 0x56,
    0xf, 0x2f, 0xb, 0x80, 0xb0, 0x64, 0xdf, 0x93,
    0xf2, 0x7d, 0x7, 0xff, 0x37, 0x19, 0x60, 0x2f,
    0xb, 0xc0, 0x40, 0xd4, 0x95, 0x81, 0x5b, 0xe,
    0xfc, 0x9f, 0x93, 0xf4, 0x42, 0x1c, 0x87, 0xff,
    0x5, 0x20, 0xc9, 0x7, 0xfd, 0x7, 0x98, 0x43,
    0xfe, 0x98, 0x2a, 0x18, 0x7f, 0xf0, 0x64, 0x24,
    0x83, 0xff, 0x8f, 0xe4, 0x3d, 0x61, 0xc0,

    /* U+5DF2 "已" */
    0x7e, 0xaf, 0xfe, 0x10, 0x58, 0x4b, 0xff, 0xc2,
    0xa, 0xff, 0xfe, 0x14, 0x21, 0xff, 0xe2, 0xa0,
    0x7f, 0xf1, 0xd6, 0xf, 0xfe, 0xed, 0xff, 0xf4,
    0x1f, 0x97, 0xff, 0x82, 0x21, 0xea, 0xff, 0xe0,
    0x88, 0x7f, 0xf1, 0xf8, 0x3f, 0xfe, 0x68, 0x7f,
    0xf2, 0x2c, 0x3f, 0xf8, 0xc8, 0x7a, 0xf, 0xfe,
    0xe, 0x19, 0x1f, 0xff, 0xe0, 0xa4, 0x9, 0xf,
    0xfe, 0x1c, 0x80,

    /* U+5E27 "帧" */
    0xd, 0x21, 0xfa, 0x43, 0xfe, 0x70, 0xfc, 0xc1,
    0xff, 0xcb, 0x5f, 0x7, 0xff, 0x16, 0xbc, 0x1f,
    0xfc, 0x47, 0xfc, 0x5f, 0xf, 0xc1, 0xff, 0xc4,
    0xf0, 0xe1, 0xff, 0xcc, 0x4f, 0xc3, 0xfa, 0xf,
    0xfe, 0x15, 0x7c, 0x1f, 0xfc, 0x45, 0xf8, 0x3f,
    0xf8, 0xde, 0xf, 0xff, 0xf8, 0x7f, 0xf4, 0x90,
    0xfc, 0x86, 0x43, 0xf4, 0x62, 0x84, 0xc2, 0x60,
    0xfd, 0x69, 0x42, 0x15, 0xd1, 0x5, 0x86, 0x43,
    0xa1, 0x9, 0xc3, 0xff, 0x85, 0xa4, 0x38, 0x34,
    0x3f, 0x9f, 0xe, 0x1b, 0x4, 0x1f, 0xc8, 0x28,
    0x1e, 0xc4, 0x3b, 0x82, 0xf2, 0x1f, 0xb8,

    /* U+5E38 "常" */
    0xf, 0xf5, 0x3, 0xff, 0x85, 0xc1, 0x94, 0x1b,
    0xc1, 0xfc, 0xa0, 0xfc, 0x88, 0x7e, 0xc8, 0x3f,
    0x44, 0x1c, 0xb8, 0x5c, 0x5, 0x42, 0xf0, 0x2b,
    0xd, 0x40, 0xa2, 0x35, 0x83, 0x7f, 0xff, 0x11,
    0xf, 0xfe, 0x85, 0xff, 0xfc, 0x8, 0x3a, 0xc2,
    0xaf, 0xf0, 0x56, 0x4, 0x32, 0xff, 0x83, 0xff,
    0x81, 0x5f, 0xe0, 0xff, 0xe0, 0x2f, 0xf8, 0x3f,
    0xd7, 0xf0, 0x3f, 0xa0, 0xf2, 0xfe, 0x2, 0xfe,
    0xd, 0xd7, 0xc0, 0xaf, 0xb0, 0xf5, 0xfc, 0xf,
    0xf0, 0x7f, 0xfc, 0xe9, 0x87, 0xb5, 0x7, 0xf9,
    0x43, 0x6, 0x60, 0xff, 0xbe, 0x82,

    /* U+5E55 "幕" */
    0xf, 0xfe, 0x9b, 0xa1, 0xbc, 0x1f, 0xe5, 0xec,
    0xd7, 0x1, 0x78, 0x3a, 0xb9, 0x1a, 0xc0, 0xae,
    0x43, 0x7f, 0x45, 0xf8, 0x1f, 0xc8, 0x79, 0xf4,
    0x5f, 0x81, 0xf0, 0x7f, 0xcf, 0xff, 0x83, 0xff,
    0xb2, 0xff, 0xf8, 0x3f, 0xf8, 0x37, 0xff, 0x83,
    0xff, 0x83, 0x7f, 0xf8, 0x3f, 0xe7, 0xf0, 0x3f,
    0xf0, 0x7a, 0xff, 0x81, 0xff, 0xf0, 0x55, 0xe0,
    0x35, 0x91, 0xae, 0xc, 0xb1, 0xc, 0x81, 0x87,
    0x5c, 0x1c, 0xf0, 0xc0, 0xa0, 0x21, 0xe4, 0x37,
    0xa0, 0x9f, 0x81, 0xe8, 0x26, 0xe0, 0x45, 0xc5,
    0xf0, 0x3f, 0xf, 0x30, 0x1d, 0xf, 0xfe, 0x23,
    0x7, 0xff, 0x19, 0xf, 0xfe, 0x57, 0x18, 0x7f,
    0x9d, 0xf, 0xbb, 0x43, 0x80,

    /* U+5E73 "平" */
    0xf, 0xfe, 0x65, 0xff, 0xfc, 0x44, 0x36, 0xbf,
    0x1, 0x7e, 0xe, 0x6b, 0xe0, 0x57, 0xc8, 0x73,
    0x87, 0xff, 0x3, 0xc1, 0xec, 0xc3, 0xfd, 0x8,
    0x7a, 0x4, 0x1f, 0x94, 0x41, 0xf6, 0x28, 0x3e,
    0x88, 0x3f, 0x92, 0xf, 0x42, 0x83, 0xfa, 0x20,
    0xf2, 0x41, 0xff, 0x68, 0x7b, 0xc1, 0xe6, 0xbf,
    0x81, 0x5f, 0xce, 0xbf, 0xc0, 0x5f, 0xee, 0xff,
    0xe0, 0x7f, 0xf4, 0x1f, 0xff, 0xf0, 0xff, 0xff,
    0x86,

    /* U+5E76 "并" */
    0xf, 0xfe, 0x14, 0x1f, 0xfc, 0xf, 0x7, 0xce,
    0x87, 0xff, 0x2, 0xe, 0x40, 0x87, 0xfa, 0x10,
    0xec, 0x83, 0xfe, 0x50, 0x86, 0x44, 0x3e, 0x7d,
    0x44, 0xea, 0xc1, 0x4f, 0x41, 0xe5, 0x1, 0x70,
    0x4a, 0xf, 0x3f, 0x93, 0xf9, 0x3f, 0x41, 0xff,
    0xff, 0xf, 0xfe, 0x1f, 0xf9, 0x3f, 0x93, 0xfc,
    0x81, 0x70, 0x17, 0x80, 0xb8, 0x2f, 0x56, 0x5,
    0x72, 0x56, 0xf2, 0x1c, 0x88, 0x7f, 0xf1, 0xf3,
    0xf, 0xfe, 0x32, 0x84, 0x3f, 0xf8, 0xd1, 0x7,
    0xff, 0x15, 0xc5, 0x7, 0xff, 0x13, 0x86, 0xf,
    0xfe, 0x2c, 0x30, 0x7e, 0x43, 0xf9, 0xe0, 0xfe,
    0xf0, 0x7c,

    /* U+5E8F "序" */
    0xf, 0xfe, 0x3, 0x7, 0xff, 0x26, 0x43, 0xff,
    0x96, 0x87, 0xfd, 0xff, 0xc0, 0xbf, 0xe8, 0x39,
    0xaf, 0xfe, 0x1b, 0x87, 0x4b, 0xff, 0xc3, 0x90,
    0x90, 0xab, 0xff, 0x82, 0x1f, 0xe5, 0xff, 0xe0,
    0x87, 0xfb, 0xff, 0x82, 0x83, 0xff, 0x85, 0xe6,
    0xcb, 0x43, 0xc8, 0x7d, 0x13, 0x68, 0x7f, 0xf1,
    0x1c, 0x3f, 0xf8, 0x97, 0xf8, 0x17, 0xf8, 0x3e,
    0xda, 0xe0, 0x56, 0x43, 0xf9, 0x97, 0x80, 0xbc,
    0x41, 0x22, 0x1f, 0xfc, 0x24, 0x42, 0xcc, 0x3f,
    0xf8, 0x56, 0x19, 0x10, 0xff, 0xef, 0x42, 0x1f,
    0xfc, 0xa8, 0x3d, 0x78, 0x3f, 0xeb, 0xf, 0xb0,
    0x38, 0x7e,

    /* U+5E94 "应" */
    0xf, 0xfa, 0x43, 0xff, 0x8e, 0xac, 0x3f, 0xf8,
    0xe8, 0x87, 0xff, 0x2, 0xbf, 0x2, 0xbf, 0x6,
    0x5f, 0xc0, 0x5f, 0xc1, 0xcf, 0xff, 0xf1, 0x3,
    0xff, 0xaa, 0xc1, 0xe4, 0x3f, 0xf8, 0x32, 0x1c,
    0xd8, 0x7e, 0x42, 0x88, 0x36, 0x21, 0x93, 0x68,
    0x4, 0x43, 0x24, 0x1f, 0x22, 0x14, 0x41, 0xff,
    0xc2, 0x8c, 0x8, 0x82, 0x20, 0xfe, 0x50, 0x81,
    0x11, 0x10, 0xec, 0x41, 0x10, 0x2d, 0x2, 0x1e,
    0x43, 0x91, 0xd, 0x10, 0x7f, 0xf0, 0x35, 0x6,
    0x43, 0xe4, 0x43, 0x30, 0x64, 0x83, 0xd9, 0x87,
    0xfa, 0x10, 0xf2, 0x37, 0xff, 0x3, 0xf8, 0x84,
    0x3f, 0xf8, 0xf1, 0x17, 0xff, 0xf1, 0x1, 0x87,
    0xff, 0x20,

    /* U+5E95 "底" */
    0xf, 0xf9, 0x90, 0xff, 0xe4, 0x6c, 0x1f, 0xfc,
    0x88, 0x8, 0x7f, 0xf0, 0x3f, 0xf0, 0x2f, 0xf9,
    0xf, 0x2f, 0xff, 0x14, 0x3d, 0x5f, 0xfc, 0x40,
    0xff, 0xe1, 0xaa, 0xf8, 0x3f, 0xef, 0xf5, 0x10,
    0xa0, 0xff, 0xe0, 0x56, 0x7, 0xe8, 0x3f, 0xf8,
    0xb, 0x83, 0xff, 0xc4, 0x87, 0xff, 0x5, 0xd,
    0xf9, 0x3f, 0xc1, 0x90, 0xf2, 0xe0, 0x97, 0x83,
    0xd8, 0x6a, 0xd8, 0xd7, 0x6, 0xc3, 0xff, 0x80,
    0x87, 0xf2, 0x21, 0xec, 0x8, 0x7f, 0x21, 0xf3,
    0x89, 0x10, 0x7d, 0x88, 0x74, 0x48, 0x16, 0x1e,
    0x14, 0x40, 0x42, 0xa6, 0x8, 0xa6, 0x14, 0x21,
    0x23, 0xa0, 0x81, 0x8a, 0x23, 0x20, 0xdc, 0xc,
    0xc2, 0xd2, 0xb, 0xf, 0xf6, 0x86, 0xb4,

    /* U+5EAD "庭" */
    0xf, 0xfe, 0x2, 0x1f, 0xfc, 0x9e, 0xf, 0xfe,
    0x4a, 0x41, 0xff, 0xc0, 0xff, 0xc8, 0xff, 0xc8,
    0x79, 0x7f, 0xf8, 0xa1, 0xcd, 0x7f, 0xf0, 0x7d,
    0x7, 0xcd, 0x70, 0xd5, 0xea, 0x21, 0xf6, 0xb8,
    0x12, 0xc2, 0xa0, 0xfd, 0x7a, 0x22, 0xf2, 0x51,
    0x41, 0xfe, 0x82, 0x43, 0xff, 0x8a, 0x90, 0x7f,
    0xf0, 0xd0, 0xd0, 0x83, 0xe4, 0xfa, 0xf, 0x66,
    0xf, 0xb, 0x1, 0x60, 0xfe, 0x98, 0x2a, 0x92,
    0xb0, 0x6c, 0x46, 0x44, 0x3f, 0xf8, 0x48, 0x28,
    0x16, 0x1f, 0xfc, 0x64, 0x86, 0xf9, 0x3b, 0xc8,
    0x64, 0x8d, 0xf, 0xe4, 0x3a, 0x30, 0x20, 0x8b,
    0xff, 0x90, 0x22, 0xc, 0x14, 0x43, 0xfe, 0x84,
    0x68, 0x43, 0x7f, 0xf4, 0x64, 0x4, 0xdf, 0x4a,
    0xf, 0xb1, 0xc0, 0xd8, 0x66, 0x9f, 0xf2, 0x0,

    /* U+5EFA "建" */
    0xf, 0xfe, 0xc, 0x87, 0xff, 0x25, 0xc3, 0xf9,
    0x7c, 0x3d, 0x43, 0x59, 0xd, 0x5d, 0x8a, 0xf,
    0xce, 0x1b, 0xe4, 0x81, 0x58, 0x6a, 0xf, 0xe5,
    0xb, 0xe1, 0x70, 0xb0, 0x64, 0xce, 0xb8, 0x15,
    0x2, 0x81, 0xb1, 0x2f, 0xe1, 0xf8, 0x7c, 0x12,
    0xa0, 0xff, 0xe4, 0x47, 0x40, 0x7e, 0x1f, 0x83,
    0xc8, 0x16, 0x5, 0x61, 0xae, 0xc, 0xde, 0xc,
    0xb8, 0xb, 0x83, 0xfc, 0x97, 0xe1, 0xfd, 0x6,
    0xe0, 0xee, 0xb0, 0x2b, 0x61, 0xa1, 0x46, 0x2f,
    0xb, 0xe0, 0xc9, 0x41, 0x55, 0xc3, 0x5c, 0x86,
    0x80, 0x81, 0x78, 0xb, 0xd8, 0x64, 0x33, 0xfc,
    0x3f, 0xd0, 0x64, 0xe, 0x87, 0xff, 0x11, 0x8e,
    0x2e, 0x9, 0xc3, 0xf3, 0x18, 0xe8, 0xfc, 0xdd,
    0xfc, 0x14, 0x1a, 0xe5, 0x6, 0x43, 0x23, 0xa1,
    0xe6, 0x9f, 0xfd, 0x0,

    /* U+5F00 "开" */
    0xf, 0xfe, 0x67, 0xff, 0xf1, 0xa0, 0x97, 0x80,
    0xbc, 0x5, 0xd8, 0x55, 0xc0, 0xae, 0x5, 0x64,
    0x3f, 0xff, 0xe1, 0xff, 0xd8, 0x6b, 0xc0, 0xae,
    0x5, 0x7b, 0x5f, 0x1, 0x78, 0xb, 0xc5, 0xfe,
    0x7, 0xf0, 0x3f, 0xa0, 0xff, 0xe8, 0x22, 0x1f,
    0xfc, 0x78, 0xc3, 0xff, 0x8c, 0x81, 0xf, 0xfe,
    0x34, 0x41, 0xff, 0xc6, 0xc0, 0x87, 0xff, 0x11,
    0xc1, 0x87, 0xff, 0x12, 0x80, 0xc3, 0xff, 0x8b,
    0x47, 0xf, 0xfe, 0x28,

    /* U+5F03 "弃" */
    0xf, 0xf2, 0x83, 0xff, 0x8e, 0xd0, 0x3f, 0xf8,
    0xe8, 0x7f, 0xf0, 0x1a, 0xfe, 0x5, 0x7f, 0x1a,
    0xff, 0x1, 0x7f, 0x8b, 0xfd, 0x3, 0xff, 0xe0,
    0xf9, 0x8c, 0x37, 0x7, 0xfc, 0xc6, 0x1c, 0xa8,
    0x3f, 0x5c, 0x4a, 0xa7, 0x91, 0x83, 0xfe, 0xa9,
    0x15, 0x41, 0x83, 0xdd, 0x3f, 0xaa, 0x56, 0xc1,
    0xe5, 0xd2, 0x1d, 0xe2, 0xf, 0xf6, 0xe1, 0xff,
    0xc7, 0xcc, 0x3f, 0xf8, 0x3f, 0xe8, 0xbf, 0x81,
    0xfd, 0x45, 0xe0, 0x2f, 0x80, 0xbd, 0xb5, 0xc9,
    0x5e, 0x5, 0x72, 0x1e, 0x43, 0xff, 0x91, 0x10,
    0x7f, 0xf1, 0xa4, 0x43, 0xff, 0x89, 0x6a, 0xc3,
    0xff, 0x8a, 0x94, 0xf, 0xfe, 0x37, 0x90, 0xfe,
    0xf0, 0x78,

    /* U+5F15 "引" */
    0xf, 0xfe, 0xbf, 0x81, 0xff, 0xe0, 0xfe, 0x5f,
    0xc1, 0xff, 0x57, 0xe0, 0xff, 0xf2, 0xdf, 0xf0,
    0x7f, 0xf0, 0x57, 0xf0, 0x7f, 0x25, 0x7e, 0xf,
    0xff, 0x2f, 0xfe, 0xf, 0xe5, 0xfc, 0x1f, 0xf5,
    0x7e, 0xf, 0xfe, 0x32, 0x21, 0xff, 0xd7, 0xcc,
    0x3f, 0xfa, 0xca, 0x10, 0xff, 0xaf, 0xa0, 0xff,
    0xe1, 0x41, 0x36, 0x1f, 0xfc, 0x1f, 0xa4, 0x3e,
    0xf0,

    /* U+5F39 "弹" */
    0xf, 0xfe, 0x2, 0x19, 0xf, 0xfe, 0x27, 0x4,
    0xd8, 0x6b, 0xfc, 0x1e, 0x41, 0x90, 0x6d, 0xa8,
    0x3d, 0x6, 0x44, 0x33, 0x2c, 0x19, 0x5a, 0x30,
    0x16, 0xf, 0xfa, 0x8a, 0xa2, 0xa, 0x61, 0xff,
    0xc0, 0x7e, 0x1f, 0x83, 0xbf, 0x7, 0xff, 0x21,
    0xac, 0x13, 0x50, 0xd4, 0x1f, 0x2e, 0xc, 0xb0,
    0x16, 0xf, 0xfe, 0x13, 0xf0, 0xfc, 0x1f, 0x2e,
    0xf, 0xfe, 0x22, 0x35, 0x82, 0x5c, 0x2e, 0xc,
    0xfe, 0xf, 0x54, 0xa, 0x83, 0xff, 0x83, 0xfc,
    0x3f, 0xa0, 0xfc, 0x87, 0xff, 0x2d, 0x97, 0x85,
    0xf4, 0x1f, 0xcd, 0x70, 0x2b, 0x90, 0xe8, 0xdf,
    0xf0, 0xff, 0x81, 0x79, 0x10, 0xff, 0xe2, 0xe1,
    0x41, 0xff, 0xc6, 0x7e, 0x43, 0xff, 0x8a,

    /* U+5F53 "当" */
    0xf, 0xfe, 0x8f, 0x83, 0xfe, 0x90, 0xff, 0xe0,
    0xe8, 0x26, 0xf, 0xfe, 0x4, 0x40, 0x81, 0x87,
    0xf9, 0x46, 0x16, 0x8, 0x3f, 0xa2, 0xe, 0x84,
    0x3f, 0x62, 0x83, 0x95, 0x87, 0xed, 0x83, 0xe8,
    0x3f, 0xd0, 0x67, 0xff, 0x3, 0xff, 0xb, 0xff,
    0xc5, 0xd, 0x5f, 0xfc, 0x40, 0xff, 0xf0, 0x5f,
    0xff, 0xc3, 0xe, 0x5f, 0xfe, 0x18, 0x6a, 0xff,
    0xe2, 0x7, 0xff, 0x7e, 0xff, 0xfe, 0x20, 0x5a,
    0xff, 0xf1, 0x2, 0x6b, 0xff, 0x88, 0x10,

    /* U+5F55 "录" */
    0xf, 0xfe, 0x63, 0xff, 0xfc, 0x34, 0x39, 0x6a,
    0xff, 0x83, 0xfa, 0x8b, 0xff, 0xc0, 0x10, 0xf3,
    0x5f, 0xfc, 0x4, 0x3f, 0x97, 0xff, 0x80, 0x1f,
    0xcf, 0xff, 0xf0, 0x3, 0xff, 0xa1, 0x7f, 0xff,
    0xc, 0x1f, 0x5a, 0xff, 0x1, 0x7f, 0xb6, 0x9d,
    0x78, 0x15, 0xfc, 0x81, 0xa0, 0x7f, 0xcf, 0x7,
    0x2d, 0x87, 0xa0, 0x30, 0x7e, 0xa1, 0x87, 0x35,
    0x14, 0xf, 0x9b, 0x78, 0xb, 0xb4, 0x3f, 0xdc,
    0x60, 0x90, 0xff, 0x9e, 0x1d, 0xa, 0x56, 0x1c,
    0xdc, 0x3c, 0x1e, 0x93, 0x90, 0x91, 0xe0, 0xfe,
    0xb1, 0xb5, 0x5c, 0x1a, 0xc3, 0xee, 0x2, 0x21,
    0xe4, 0x10, 0x79, 0xf0, 0x7f, 0x53, 0x43, 0xfc,

    /* U+5F85 "待" */
    0xf, 0xfe, 0xd, 0x3, 0xff, 0x81, 0xe4, 0x39,
    0x41, 0xff, 0x42, 0x83, 0xff, 0x8a, 0xa2, 0xf,
    0xfe, 0x2b, 0x18, 0x1f, 0xc0, 0xfe, 0x9, 0x8c,
    0x25, 0xd0, 0x2b, 0x82, 0x88, 0x1a, 0x54, 0x81,
    0x78, 0x2a, 0x24, 0x61, 0xff, 0xc3, 0x50, 0xa2,
    0xbc, 0xa, 0xf2, 0x1a, 0x35, 0xf0, 0x17, 0xd0,
    0x50, 0x8f, 0xfe, 0x4f, 0xc0, 0x50, 0x7f, 0xf1,
    0xd8, 0x3f, 0xf8, 0xec, 0x61, 0x5f, 0xf9, 0x3e,
    0x81, 0x86, 0xd7, 0xf0, 0x16, 0xdc, 0x39, 0xa1,
    0xd6, 0x4a, 0x90, 0xfe, 0x54, 0x1f, 0xfc, 0x75,
    0x18, 0x7f, 0xf1, 0xe2, 0xf, 0xfe, 0x46, 0x8b,
    0x7, 0xff, 0x1e, 0x81, 0xff, 0x21, 0xfa, 0x6c,
    0x30,

    /* U+5FAE "微" */
    0xf, 0xfe, 0x7d, 0x3, 0x70, 0x77, 0x7, 0xcb,
    0x7, 0xf9, 0x30, 0xfa, 0x33, 0x83, 0x71, 0x88,
    0x7b, 0x20, 0xfe, 0xc3, 0xfa, 0x24, 0x3f, 0xe4,
    0x5c, 0xa, 0x27, 0xa, 0x2, 0x1d, 0x5c, 0x4,
    0x8c, 0x10, 0xc7, 0x1e, 0x4e, 0xc, 0xb7, 0xfd,
    0x21, 0xfe, 0xc8, 0x5f, 0xc2, 0x1f, 0xa0, 0xd5,
    0xf6, 0x20, 0x43, 0x28, 0x37, 0xfc, 0x87, 0x21,
    0x44, 0x19, 0x78, 0xf0, 0x87, 0xbc, 0x1d, 0x5c,
    0x1b, 0x6, 0x1f, 0xf5, 0xa1, 0x95, 0x8, 0x7f,
    0x22, 0x1e, 0xc5, 0x7, 0xff, 0x11, 0x84, 0x18,
    0x7f, 0xb0, 0xe9, 0x10, 0xff, 0xe0, 0xa8, 0x8,
    0xec, 0x8, 0x3f, 0xa3, 0x5, 0x71, 0xe3, 0x43,
    0xe9, 0x40, 0x7c, 0x98, 0x22, 0x43, 0xe8, 0x36,
    0x38, 0x4e, 0xa0, 0x9c, 0x3e, 0x78, 0x3d, 0x0,

    /* U+5FC3 "心" */
    0xf, 0xfe, 0xa5, 0x87, 0xff, 0x25, 0x20, 0xff,
    0xe4, 0x62, 0x1f, 0xfc, 0x94, 0xc3, 0xff, 0x91,
    0x1, 0xf, 0xfe, 0x45, 0x10, 0xff, 0xe2, 0x28,
    0xa, 0xf, 0xfe, 0x2, 0x82, 0xa0, 0x7e, 0x90,
    0xf5, 0x10, 0xff, 0x95, 0x7, 0xe4, 0x3f, 0xe5,
    0x10, 0x64, 0x3f, 0xf8, 0x70, 0xa0, 0xb1, 0xf,
    0xfe, 0x14, 0x41, 0x26, 0x1f, 0xfc, 0x24, 0x18,
    0x64, 0x3f, 0xf8, 0x71, 0x8, 0x7f, 0xf1, 0x9d,
    0x31, 0xf, 0xfe, 0x45, 0x30, 0xff, 0xe0, 0xd0,
    0x3c, 0xa0, 0xff, 0xe0, 0xac, 0x1f, 0xfc, 0xa4,
    0x3f, 0xf8, 0x3f, 0xf0, 0x7f, 0xf0, 0xa0, 0xfe,
    0xc3, 0xff, 0x80, 0xff, 0xf0, 0x78,

    /* U+5FC5 "必" */
    0xf, 0xfe, 0xa7, 0x83, 0xff, 0x97, 0x6, 0x90,
    0xff, 0xe1, 0x62, 0x82, 0x68, 0x1f, 0xfc, 0x28,
    0x80, 0x82, 0xf, 0xfe, 0x12, 0xb0, 0x62, 0x1f,
    0xfc, 0x6, 0x4, 0x12, 0x41, 0xff, 0xc0, 0x94,
    0x1a, 0x10, 0xfe, 0xe0, 0xfe, 0x48, 0xd0, 0xe4,
    0x40, 0x88, 0x50, 0x91, 0x7, 0x62, 0x1f, 0x28,
    0x88, 0x18, 0x64, 0x83, 0xe8, 0x82, 0xc1, 0x1,
    0xf, 0xec, 0x50, 0x68, 0x51, 0x90, 0x73, 0x82,
    0xe, 0x51, 0x88, 0x87, 0x40, 0xc3, 0xea, 0x8e,
    0xc, 0x85, 0x87, 0xf2, 0x12, 0x16, 0x7, 0xf,
    0x68, 0x7e, 0xb0, 0xa0, 0xf2, 0x41, 0xcf, 0x92,
    0x44, 0x3d, 0x88, 0x72, 0x7, 0x41, 0x7f, 0x93,
    0xf, 0x5c, 0x9, 0xf, 0xd2, 0x1e, 0x43, 0xaf,
    0xfc, 0x87, 0x0,

    /* U+5FD9 "忙" */
    0xc, 0x87, 0xf2, 0x1f, 0xf5, 0x87, 0xd5, 0x7,
    0xfc, 0x87, 0xd0, 0xa0, 0xff, 0xe3, 0xc4, 0x1f,
    0xfc, 0x75, 0x41, 0xf2, 0x17, 0x8a, 0xf1, 0xd7,
    0x14, 0x40, 0x8b, 0xff, 0xc2, 0x11, 0x4, 0x7c,
    0xf, 0xfe, 0xf, 0xc8, 0x7f, 0xf0, 0x51, 0xd,
    0x21, 0xff, 0xc1, 0xcc, 0x33, 0x7, 0xff, 0x5,
    0x10, 0xff, 0xe3, 0xf0, 0x7f, 0xf2, 0x50, 0xff,
    0xff, 0x87, 0xff, 0xe3, 0xff, 0x7, 0xff, 0x1,
    0x7f, 0xc1, 0xe4, 0x3a, 0xbf, 0xc0,

    /* U+6001 "态" */
    0xf, 0xe4, 0x3f, 0xf9, 0x36, 0x87, 0xff, 0x25,
    0xf, 0xfe, 0xaf, 0xfe, 0x7, 0xff, 0x80, 0xbf,
    0x1, 0x40, 0x5f, 0x81, 0x5e, 0xc1, 0x51, 0xd7,
    0x83, 0xf4, 0x60, 0x48, 0x3f, 0xf8, 0x30, 0x86,
    0x8c, 0x3f, 0xe9, 0x6, 0x12, 0x8c, 0x3f, 0xb4,
    0xc1, 0x85, 0x26, 0x87, 0x58, 0xe5, 0xc, 0x2a,
    0x17, 0x2b, 0x4a, 0x4, 0xd8, 0x67, 0x45, 0xed,
    0xe, 0x43, 0xeb, 0x81, 0x40, 0xfa, 0xc3, 0xf2,
    0x15, 0x1, 0x69, 0x90, 0x6b, 0xe, 0x50, 0x79,
    0x10, 0xd9, 0x87, 0xff, 0x6, 0x81, 0x94, 0x40,
    0x88, 0x3e, 0x50, 0x28, 0x42, 0x84, 0x41, 0x98,
    0x79, 0x62, 0x14, 0x21, 0xcf, 0xf8, 0x8, 0xe3,
    0xc1, 0x28, 0x3f, 0x41, 0xc0,

    /* U+601D "思" */
    0xd, 0x5f, 0xfc, 0x40, 0xf9, 0x7f, 0xf8, 0x81,
    0xfd, 0xfc, 0x9f, 0xc8, 0x7f, 0xfb, 0x3f, 0x93,
    0xf9, 0xf, 0xf2, 0xf0, 0x17, 0x83, 0xfe, 0xae,
    0x4a, 0xe4, 0x3f, 0xfa, 0xb5, 0xc9, 0x5c, 0x87,
    0xf9, 0x78, 0xb, 0xc1, 0xfd, 0xff, 0xfc, 0x40,
    0xff, 0xe1, 0xc1, 0xff, 0xc1, 0xb4, 0x8, 0x26,
    0xd, 0x61, 0xe4, 0x2e, 0x4, 0x21, 0x92, 0xc,
    0x81, 0x10, 0xd1, 0x5, 0x8c, 0x14, 0x41, 0xf2,
    0xa0, 0xd8, 0xa1, 0x2, 0x1f, 0xa0, 0xb4, 0x82,
    0x88, 0x3f, 0xf8, 0x9, 0x8c, 0x9c, 0x87, 0x75,
    0xf1, 0x81, 0x9, 0xd, 0x1, 0x7c, 0x48, 0x60,

    /* U+6027 "性" */
    0xd, 0x40, 0xfe, 0x50, 0x7f, 0x94, 0x1f, 0xd4,
    0xf, 0xf2, 0x1e, 0x43, 0xff, 0x92, 0xd0, 0x3f,
    0xf9, 0x58, 0x7f, 0xf1, 0x1c, 0x18, 0x87, 0xfc,
    0xe8, 0x64, 0x4f, 0x81, 0xfa, 0xc, 0x81, 0x20,
    0x96, 0x2, 0xec, 0x18, 0x72, 0x45, 0x60, 0x56,
    0x40, 0x87, 0x5a, 0x21, 0xff, 0xc1, 0x43, 0x91,
    0xf, 0xfe, 0xb, 0x87, 0x3c, 0x1f, 0xfc, 0x19,
    0xf, 0x9a, 0xc0, 0xac, 0x1f, 0xfc, 0x15, 0xc0,
    0x5e, 0xf, 0xf9, 0xfc, 0xf, 0xc8, 0x7f, 0xff,
    0xc3, 0xff, 0xc2, 0x86, 0xff, 0x3, 0xf9, 0xf,
    0xe5, 0x57, 0xf9, 0x40,

    /* U+602A "怪" */
    0xc, 0xc1, 0xff, 0xc9, 0xd0, 0xff, 0xe6, 0xbf,
    0xff, 0xc0, 0xf, 0xf2, 0x80, 0xbe, 0x6, 0x1f,
    0xc9, 0x63, 0x5b, 0x10, 0xe9, 0x3, 0x40, 0x44,
    0x14, 0x41, 0x94, 0x12, 0x20, 0x5c, 0x64, 0x1f,
    0xf4, 0x40, 0x8b, 0x24, 0x3b, 0x10, 0x9a, 0x5,
    0x4, 0x87, 0x90, 0xf2, 0x6, 0x82, 0x79, 0xf,
    0xf9, 0xb9, 0x5d, 0x1, 0x79, 0x28, 0x1d, 0x23,
    0xd3, 0x7c, 0x81, 0x14, 0x1d, 0x4e, 0x2, 0x1a,
    0xf0, 0x7f, 0x28, 0x32, 0x1f, 0xfc, 0x5f, 0xe4,
    0xfe, 0xf, 0xfa, 0x5c, 0x5, 0xe0, 0xff, 0x9a,
    0xc9, 0x5c, 0x1f, 0xfe, 0xca, 0xf2, 0x57, 0x83,
    0xf2, 0xfc, 0x5, 0xf8, 0x3e, 0x7f, 0xff, 0x84,
    0x80,

    /* U+6062 "恢" */
    0xf, 0xfe, 0x7b, 0x87, 0xac, 0x3f, 0xf8, 0x38,
    0x7c, 0x87, 0xff, 0x2d, 0xf, 0xfe, 0x2b, 0xf0,
    0xff, 0xe0, 0xff, 0x28, 0xb, 0xfc, 0x7, 0x80,
    0xe5, 0x12, 0xbf, 0x83, 0x60, 0x48, 0xa, 0x5,
    0xa1, 0xec, 0x42, 0x45, 0x18, 0x7f, 0xf1, 0x65,
    0x62, 0x1f, 0x48, 0x10, 0xf4, 0x2d, 0xa0, 0x49,
    0xc2, 0x43, 0xd1, 0x41, 0xc, 0x90, 0x2c, 0x3c,
    0x87, 0x20, 0x44, 0x25, 0x7, 0x46, 0x90, 0x4c,
    0x41, 0xfc, 0xb0, 0x16, 0x7, 0xa0, 0xfe, 0x62,
    0x18, 0x80, 0x88, 0x7f, 0x44, 0x19, 0x18, 0x83,
    0xfd, 0xc8, 0x68, 0x97, 0x7, 0xf9, 0x9, 0xc8,
    0x11, 0x21, 0xff, 0xc0, 0xa1, 0x21, 0x45, 0x3,
    0xfa, 0xd3, 0x43, 0x30, 0xa0, 0xfd, 0xe, 0x1f,
    0x3c, 0x86, 0xb0, 0xb8, 0x3f, 0xc8,

    /* U+606F "息" */
    0xf, 0xd2, 0x1f, 0xfc, 0x86, 0xf, 0xfe, 0x4a,
    0x1f, 0xfc, 0x3f, 0xe1, 0xff, 0xe0, 0xf2, 0x57,
    0xff, 0x0, 0x43, 0xf2, 0xff, 0xf0, 0x3, 0xfd,
    0xff, 0xfc, 0x0, 0xff, 0x57, 0xff, 0x0, 0x3f,
    0xcb, 0xff, 0xc0, 0xf, 0xf7, 0xff, 0xf0, 0x3,
    0xfd, 0x5f, 0xfc, 0x0, 0xff, 0x2f, 0xff, 0x0,
    0x3f, 0x27, 0xff, 0xf0, 0x4, 0x3d, 0x5f, 0xfc,
    0x40, 0xf2, 0xff, 0xf1, 0x3, 0xfa, 0x41, 0x61,
    0xe8, 0x33, 0xa0, 0x70, 0xd0, 0x69, 0x82, 0xc3,
    0xf4, 0x21, 0xa1, 0x80, 0x88, 0x7d, 0x60, 0x41,
    0x8b, 0x8, 0x7e, 0x42, 0xb0, 0x40, 0xc8, 0x32,
    0xfd, 0x6, 0x76, 0xc3, 0x25, 0x79, 0x20, 0xe0,

    /* U+60C5 "情" */
    0xd, 0x61, 0xfd, 0xc1, 0xff, 0xdc, 0x6b, 0x86,
    0xb8, 0x3f, 0xed, 0x78, 0xb, 0xc1, 0xff, 0x5f,
    0xc3, 0xfc, 0x1b, 0x80, 0xe9, 0xfc, 0x3f, 0xa0,
    0xfc, 0x91, 0x5c, 0xa, 0xd8, 0x49, 0x87, 0x97,
    0x85, 0xf0, 0x72, 0x17, 0xfe, 0x1f, 0xf0, 0x30,
    0xfa, 0xbf, 0xf8, 0x40, 0x43, 0xe4, 0x3f, 0xe5,
    0x2, 0x81, 0xf5, 0x7f, 0xb0, 0xca, 0xf, 0x93,
    0xfe, 0xf, 0xfe, 0x2a, 0xfc, 0x1f, 0xfc, 0x5a,
    0xf8, 0x3f, 0xf8, 0xbf, 0xf0, 0x7f, 0xf7, 0x7f,
    0xe0, 0xff, 0xe2, 0xff, 0xc1, 0xff, 0xe3, 0x83,
    0xff, 0x86, 0x87, 0xca, 0x82,

    /* U+60CA "惊" */
    0xf, 0xfe, 0xcb, 0x87, 0xfd, 0xe0, 0xff, 0x41,
    0xff, 0xc8, 0x44, 0x3f, 0xf8, 0x6d, 0x70, 0xd7,
    0x83, 0xfb, 0x5e, 0x17, 0xe0, 0x28, 0x28, 0xbf,
    0xff, 0x82, 0xa, 0x2, 0x60, 0xff, 0xe1, 0xa2,
    0x8, 0x40, 0xbf, 0xe0, 0xec, 0x24, 0x6b, 0xfe,
    0xa, 0x10, 0xad, 0xcb, 0xfc, 0x1c, 0xa0, 0xfe,
    0x43, 0xfe, 0xa0, 0x7f, 0xf4, 0xb2, 0xbe, 0xf,
    0xfe, 0x22, 0xfc, 0x1f, 0xfc, 0x2b, 0xf0, 0xfe,
    0xf, 0xfe, 0xa, 0x1f, 0x21, 0xff, 0xc1, 0xa2,
    0x1d, 0x50, 0x7f, 0xca, 0x10, 0xe8, 0x50, 0x7f,
    0xa2, 0xf, 0xb2, 0x43, 0xf6, 0x28, 0x3f, 0x41,
    0xfe, 0x88, 0x1e, 0x30, 0x9d, 0xf, 0xce, 0x1c,
    0xa0, 0xff, 0x78, 0x3e, 0xf4, 0x1f, 0x0,

    /* U+60D1 "惑" */
    0xf, 0xf9, 0x40, 0x50, 0x7f, 0xf1, 0x38, 0x14,
    0x43, 0xff, 0x8f, 0x90, 0x74, 0xbf, 0xe2, 0x5f,
    0x80, 0xd7, 0xf0, 0x1a, 0x2a, 0x98, 0x3f, 0xfd,
    0x17, 0xfa, 0x9, 0x7f, 0x9, 0x86, 0x43, 0xba,
    0xf8, 0x24, 0x2a, 0x21, 0xef, 0xd0, 0x48, 0x64,
    0x43, 0xcb, 0xb0, 0xa2, 0x33, 0xf, 0xab, 0x21,
    0xce, 0x41, 0xeb, 0xfe, 0x41, 0x1, 0x41, 0xfc,
    0xdf, 0x40, 0xc3, 0x9d, 0x5f, 0xa5, 0x5e, 0x75,
    0xdb, 0x1, 0x15, 0x7a, 0x41, 0x95, 0x24, 0x28,
    0xe8, 0x86, 0x7b, 0x41, 0x6a, 0x82, 0x74, 0xf0,
    0x98, 0x73, 0xc1, 0xb0, 0x90, 0xa2, 0xd, 0x44,
    0x32, 0x21, 0xca, 0x81, 0x4c, 0x90, 0x44, 0x1f,
    0x41, 0x28, 0xc9, 0x11, 0xd, 0x5f, 0x6, 0xc4,
    0xa0, 0x50, 0xbf, 0x18, 0x58,

    /* U+610F "意" */
    0xf, 0xfa, 0x81, 0xff, 0xc9, 0x50, 0x7f, 0xf0,
    0x17, 0xf8, 0x12, 0xfa, 0xd, 0x5f, 0xc0, 0x6b,
    0xc8, 0x6f, 0xe5, 0x7f, 0x9b, 0xf0, 0x7f, 0x94,
    0x19, 0x58, 0x7d, 0x5e, 0x7, 0x5c, 0xa, 0xe4,
    0x5f, 0x85, 0xe0, 0x2f, 0xb3, 0xff, 0xf9, 0x30,
    0x6b, 0xff, 0xf8, 0x41, 0xfe, 0x6b, 0xfc, 0x1f,
    0xfc, 0xd, 0x7f, 0xe0, 0xff, 0xaf, 0xff, 0x21,
    0xff, 0x35, 0xfe, 0xf, 0xfe, 0xbb, 0x5f, 0xe0,
    0xff, 0x5f, 0xf5, 0xfe, 0xf, 0x90, 0x32, 0xe,
    0xf, 0x50, 0x33, 0x20, 0x70, 0x46, 0x1c, 0xb0,
    0x50, 0x87, 0x95, 0x8f, 0x19, 0x1, 0x10, 0xcb,
    0xb5, 0x41, 0xa2, 0x32, 0x2, 0xa, 0xf0, 0x20,
    0x34, 0x2c, 0x37, 0xff, 0x83, 0x20,

    /* U+6210 "成" */
    0xf, 0xfe, 0xc, 0x81, 0xf, 0xfe, 0x3b, 0x2,
    0xc3, 0xff, 0x95, 0x18, 0x7f, 0xf2, 0x58, 0xc3,
    0xff, 0x92, 0xd8, 0x7a, 0xff, 0xe0, 0x7e, 0xbc,
    0x1f, 0x2f, 0xe0, 0x2f, 0xc1, 0xf5, 0x7e, 0x4a,
    0xf8, 0x3f, 0xf9, 0x30, 0x7f, 0x21, 0xf6, 0x20,
    0x56, 0x1f, 0xaf, 0xe4, 0x3d, 0x8, 0x7e, 0x5c,
    0x4, 0x4c, 0x34, 0x1f, 0xab, 0x21, 0xc9, 0x10,
    0x7f, 0xf2, 0x14, 0x21, 0xf2, 0x1c, 0x86, 0x48,
    0x83, 0xff, 0x8f, 0x1, 0x41, 0xff, 0xc7, 0x41,
    0x87, 0xe4, 0x42, 0x44, 0x28, 0x10, 0x5a, 0x16,
    0x65, 0xc6, 0x39, 0x1, 0xa, 0x9, 0x13, 0x19,
    0xa1, 0x39, 0x28, 0x41, 0x88, 0x1e, 0x34, 0xd0,
    0x45, 0xc, 0x9, 0x7, 0x63, 0x86, 0x60, 0x90,
    0x58, 0x7a, 0xa0, 0xf3, 0xf0, 0x0,

    /* U+6211 "我" */
    0xf, 0xfe, 0xb7, 0x83, 0xff, 0x86, 0xf8, 0x3d,
    0x7, 0xca, 0xbd, 0x1, 0xd, 0x38, 0x77, 0x44,
    0x17, 0x90, 0xd2, 0x61, 0xa9, 0xe4, 0x43, 0xf4,
    0x90, 0x4a, 0xf, 0xfe, 0x15, 0x41, 0xff, 0xc8,
    0x42, 0xbf, 0x27, 0xf0, 0x3f, 0xe7, 0xac, 0x6,
    0xb0, 0x2b, 0xcb, 0xf8, 0x97, 0x1, 0x70, 0xc1,
    0xff, 0xc1, 0x43, 0xac, 0x3f, 0xe9, 0xf, 0x22,
    0x1e, 0x51, 0xe7, 0x31, 0x4, 0x40, 0xbe, 0x80,
    0xdc, 0x26, 0x44, 0x1e, 0x60, 0x48, 0x73, 0x2c,
    0x15, 0x39, 0x41, 0xf2, 0x24, 0x1c, 0x87, 0xff,
    0xb, 0xf, 0xfe, 0x23, 0xa0, 0x82, 0xd0, 0xff,
    0x50, 0x71, 0x84, 0x80, 0xd1, 0x3, 0xa5, 0xc,
    0x78, 0x80, 0xb1, 0xa, 0xb4, 0x2d, 0x9, 0x9,
    0xb4, 0x12, 0x1e, 0xbb, 0x0,

    /* U+6216 "或" */
    0xf, 0xfe, 0x5, 0x0, 0x87, 0xff, 0x19, 0x43,
    0x40, 0xff, 0xe4, 0x2d, 0x7, 0xff, 0x22, 0x43,
    0xd5, 0xff, 0x2, 0xa0, 0x50, 0x25, 0xff, 0x80,
    0xbf, 0x5, 0xff, 0xf0, 0x3f, 0xe0, 0xff, 0xe7,
    0xb5, 0xe4, 0x8, 0x7f, 0xf0, 0x25, 0xf6, 0x1f,
    0xb8, 0x3e, 0xfc, 0x1b, 0x10, 0x21, 0xff, 0xc7,
    0xc1, 0x10, 0x7f, 0xf0, 0xd0, 0x91, 0xf, 0xcb,
    0x83, 0xc9, 0x10, 0x7e, 0xac, 0x1c, 0x99, 0x7,
    0xdf, 0xf4, 0x16, 0x12, 0x1f, 0xfc, 0x16, 0xc0,
    0x82, 0xf, 0xf3, 0x7a, 0x42, 0xc1, 0x84, 0x85,
    0xf4, 0x8d, 0xe7, 0x25, 0x81, 0x40, 0xcd, 0xe9,
    0x28, 0x4c, 0x42, 0x1b, 0xd2, 0x15, 0xa6, 0x82,
    0x38, 0x83, 0xfe, 0xb0, 0xcc, 0x8, 0x3f, 0xd6,
    0x87, 0x9f, 0x20,

    /* U+6237 "户" */
    0xf, 0xf9, 0xf, 0xfe, 0x3d, 0x41, 0xff, 0xc6,
    0x84, 0x3f, 0xf8, 0xe8, 0x87, 0xff, 0x1a, 0x88,
    0x7f, 0xdf, 0xfa, 0xff, 0xc1, 0xe5, 0xff, 0xe0,
    0x87, 0xcd, 0x7f, 0xf0, 0x43, 0xff, 0xf4, 0xd7,
    0xff, 0x3, 0xf, 0xcb, 0xff, 0xc0, 0xf, 0x23,
    0xff, 0xfc, 0x10, 0xff, 0xe4, 0xa8, 0x2c, 0xc3,
    0xff, 0x83, 0x40, 0x91, 0xf, 0xfe, 0xd4, 0x41,
    0xff, 0xc5, 0x50, 0x87, 0xff, 0x16, 0x20, 0xff,
    0xe2, 0xa0, 0x43, 0xff, 0x8a, 0xf8, 0x3f, 0xf8,
    0xc0,

    /* U+623F "房" */
    0xf, 0xf3, 0x7, 0xff, 0x22, 0x43, 0xff, 0x90,
    0x88, 0x7f, 0xf0, 0x3f, 0xe4, 0xbf, 0xd0, 0x7c,
    0xbf, 0xfc, 0x10, 0xfe, 0xaf, 0xfe, 0x8, 0x7f,
    0xf4, 0xd7, 0xff, 0x82, 0x1f, 0xd5, 0xff, 0xc1,
    0xf, 0xef, 0xf2, 0x7f, 0xa0, 0xff, 0xe1, 0xa1,
    0xff, 0xc1, 0xaf, 0x25, 0x7e, 0x43, 0x97, 0xc1,
    0x2f, 0xc1, 0xcf, 0xe0, 0x7f, 0xf9, 0xf, 0xfe,
    0x62, 0x61, 0xef, 0xfc, 0x86, 0xc4, 0x24, 0xb,
    0xe0, 0xf9, 0xe, 0x8e, 0xbc, 0x88, 0x48, 0x84,
    0x88, 0x7c, 0x87, 0x44, 0x6, 0x20, 0xff, 0xe0,
    0x41, 0xa8, 0x41, 0xa9, 0xe1, 0xa, 0x21, 0x44,
    0x86, 0xd0, 0x30, 0x6d, 0x1b, 0x43, 0x9f, 0xa0,
    0xc0,

    /* U+6240 "所" */
    0xf, 0x98, 0x3f, 0x98, 0x33, 0x4f, 0x4c, 0x2a,
    0x9f, 0x48, 0x69, 0x75, 0x47, 0x28, 0x55, 0x3,
    0xdd, 0x14, 0x1b, 0xea, 0x28, 0x32, 0x1f, 0xfe,
    0x1f, 0xe0, 0xff, 0xe2, 0xac, 0x1e, 0xaf, 0xc1,
    0xd5, 0x21, 0xcb, 0xf8, 0x3f, 0xf8, 0x5f, 0x27,
    0xc1, 0xff, 0xc0, 0x43, 0xff, 0x80, 0x87, 0xff,
    0x2e, 0xa4, 0x3f, 0xf8, 0xcb, 0x7, 0x21, 0xff,
    0xc1, 0xfe, 0xb, 0xf, 0xfe, 0x3c, 0x21, 0xfe,
    0x44, 0x3c, 0x87, 0xff, 0x3, 0x30, 0xe4, 0x43,
    0xfe, 0x44, 0x3a, 0x20, 0xff, 0x22, 0x1d, 0x8,
    0x7f, 0xf0, 0x60, 0xe4, 0x83, 0xe4, 0x27, 0xf,
    0x78, 0x3d, 0x68, 0x40,

    /* U+624B "手" */
    0xf, 0xfe, 0x2a, 0x83, 0xfc, 0xba, 0x9f, 0xa8,
    0x1d, 0xfd, 0x59, 0x41, 0x2c, 0x1d, 0x2d, 0x58,
    0x1f, 0xaa, 0xe, 0x6a, 0x5c, 0x1f, 0xfe, 0xe7,
    0xfe, 0x7, 0xfd, 0x7, 0x2f, 0xc0, 0x5f, 0xb0,
    0xcd, 0x7c, 0xa, 0xf9, 0xf, 0xff, 0x17, 0xff,
    0x81, 0xff, 0xd2, 0xff, 0x80, 0xbf, 0xdd, 0x7f,
    0x81, 0x5f, 0xc8, 0x7f, 0xff, 0xc3, 0xff, 0x91,
    0x78, 0x3f, 0xf8, 0xf8, 0x50, 0x7f, 0xf1, 0x5b,
    0xc8, 0x7f, 0x80,

    /* U+6253 "打" */
    0xe, 0xa0, 0x7f, 0xf2, 0x54, 0x1f, 0xfc, 0xf4,
    0x3f, 0xc8, 0x7f, 0x9b, 0xff, 0xd0, 0x7f, 0x97,
    0xc0, 0x5d, 0xd, 0x40, 0xa9, 0xae, 0x5, 0x64,
    0xd6, 0x2, 0xd8, 0x7f, 0xf0, 0x6f, 0x81, 0xf4,
    0x1f, 0xff, 0x66, 0x43, 0xff, 0x8f, 0xc8, 0x7f,
    0xf0, 0xdb, 0x3, 0x68, 0x7f, 0xf0, 0x79, 0xa,
    0x43, 0xff, 0x87, 0x3e, 0xf, 0xfe, 0x3b, 0x7,
    0xff, 0xfc, 0x3f, 0xfb, 0x9e, 0xf, 0xd7, 0x83,
    0xff, 0x80, 0xe1, 0xec, 0xe, 0x1f, 0xbd, 0x7,
    0xcf, 0xa0, 0xf0,

    /* U+6267 "执" */
    0xc, 0xa0, 0xfa, 0x43, 0xff, 0x81, 0xc1, 0xf3,
    0x7, 0xff, 0xfc, 0x3f, 0xf8, 0x1d, 0x1, 0x58,
    0x3b, 0xe4, 0xf2, 0x85, 0x1, 0x70, 0x72, 0xc0,
    0x50, 0xfc, 0xf, 0x21, 0xea, 0x92, 0x88, 0x72,
    0x1f, 0xfd, 0xa9, 0x11, 0xf, 0xfe, 0x26, 0x82,
    0xf1, 0x87, 0xf3, 0x68, 0xe9, 0x8, 0x7f, 0xd2,
    0x14, 0x13, 0x82, 0xf, 0xe5, 0x68, 0x7f, 0xb4,
    0x3e, 0xa0, 0x7e, 0x45, 0x8, 0x7f, 0xf1, 0x62,
    0x99, 0x87, 0xff, 0xe, 0x10, 0xf2, 0x1f, 0xfc,
    0x9, 0x20, 0xc9, 0x1a, 0x1f, 0xa4, 0xc3, 0xc9,
    0x18, 0x2d, 0x6, 0x90, 0x7d, 0x9, 0x7, 0x46,
    0x48, 0x7e, 0x44, 0x2b, 0xc8, 0x34, 0x3f, 0xae,
    0x0,

    /* U+626B "扫" */
    0xe, 0x50, 0x7f, 0xf2, 0x68, 0x1f, 0xfc, 0xff,
    0xff, 0x83, 0xff, 0xaf, 0xff, 0xc1, 0xaf, 0x40,
    0xf9, 0xf, 0xfe, 0xa, 0x4, 0x3b, 0xf, 0xfe,
    0xf, 0xe0, 0x7d, 0x7, 0xff, 0x81, 0xf, 0xfe,
    0x43, 0x40, 0x7f, 0xe0, 0xff, 0x4a, 0x2, 0xfe,
    0xf, 0x38, 0x1e, 0x5, 0x7e, 0xd, 0x70, 0x50,
    0x7f, 0xf1, 0x32, 0xc3, 0xff, 0x8e, 0xe8, 0x7f,
    0xff, 0xff, 0xfc, 0x1f, 0xfc, 0x15, 0xff, 0x7,
    0x34, 0xe, 0xaf, 0xf0, 0x79, 0x44, 0x1f, 0xfc,
    0x66, 0xf2, 0x1f, 0xfc, 0x1f, 0x0,

    /* U+626C "扬" */
    0xd, 0x21, 0xff, 0xc9, 0x60, 0xdf, 0xfe, 0x83,
    0xff, 0x94, 0x87, 0xc8, 0x6f, 0xf4, 0xb, 0xf,
    0xfe, 0x2d, 0xd, 0xf, 0xfe, 0x2c, 0x98, 0x75,
    0xf0, 0xf8, 0x3a, 0x4c, 0x3d, 0xd4, 0xa, 0x6,
    0xd5, 0x87, 0xcb, 0x85, 0x81, 0xe0, 0xab, 0xe0,
    0xff, 0xe1, 0xaf, 0xe0, 0xfd, 0x3, 0xe0, 0x71,
    0x61, 0xf9, 0xd0, 0xc8, 0x98, 0x86, 0x6f, 0x2,
    0xc3, 0x44, 0x21, 0xed, 0x11, 0x41, 0xa1, 0xf,
    0xea, 0x70, 0x79, 0x44, 0x22, 0x1e, 0x43, 0xea,
    0x18, 0x22, 0xf, 0xfe, 0x3, 0xa6, 0x4, 0x43,
    0x21, 0xf9, 0x6, 0x6, 0x20, 0xff, 0xe1, 0x78,
    0xc, 0x41, 0x21, 0xe4, 0x3e, 0xa1, 0x21, 0x66,
    0x17, 0x7, 0x5a, 0x48, 0xf9, 0x10, 0x95, 0x40,
    0xb1, 0xd0, 0x20, 0x70, 0xd4, 0x43, 0x3c, 0x1d,
    0xe8, 0x20,

    /* U+6295 "投" */
    0xc, 0xc1, 0xff, 0xca, 0xd0, 0xf5, 0x79, 0xf,
    0xfe, 0x2a, 0xfb, 0xf, 0xfe, 0x33, 0xf0, 0x7f,
    0xf1, 0x90, 0xff, 0xe3, 0x22, 0x1f, 0xfc, 0x4f,
    0x92, 0xe0, 0x66, 0x19, 0xf, 0x54, 0xa, 0x85,
    0x8, 0x77, 0xc1, 0x2e, 0x17, 0x44, 0x1a, 0x8a,
    0x83, 0xfe, 0x68, 0x86, 0x55, 0x10, 0xfe, 0x51,
    0xea, 0xfc, 0x87, 0xf7, 0x41, 0x7f, 0xe0, 0xcd,
    0xa0, 0x73, 0x8f, 0xe0, 0xfa, 0x42, 0xe0, 0x92,
    0x9, 0x20, 0xe6, 0xd0, 0xfc, 0x85, 0x8, 0x74,
    0x87, 0xf4, 0x24, 0x41, 0xff, 0xc5, 0x49, 0x70,
    0x7f, 0xf1, 0xa2, 0x20, 0xff, 0xe3, 0xe1, 0x21,
    0xff, 0xc5, 0x74, 0x8b, 0x90, 0xef, 0x21, 0x5e,
    0x8b, 0x74, 0x6f, 0x7, 0xa0, 0xeb, 0x42, 0xb9,
    0x30, 0xbe, 0x41, 0x4d, 0xf, 0x9b, 0x0,

    /* U+62A2 "抢" */
    0xc, 0xc1, 0xfa, 0x43, 0xfe, 0xd0, 0xf9, 0x50,
    0x7f, 0xf2, 0x20, 0xff, 0xe4, 0xa1, 0x41, 0xff,
    0xc6, 0x8d, 0x60, 0xff, 0xe2, 0x22, 0x44, 0x1e,
    0xbc, 0x9f, 0x2, 0x20, 0x46, 0x1d, 0xd1, 0x1a,
    0x19, 0x4, 0xa3, 0xc, 0xb0, 0x25, 0x60, 0x43,
    0x49, 0xc1, 0xfc, 0x85, 0xfe, 0x50, 0xa0, 0xfa,
    0x7c, 0x95, 0x81, 0x52, 0x1e, 0xd0, 0xe5, 0xe0,
    0x28, 0x27, 0x47, 0xf, 0xfe, 0x27, 0x5, 0x7,
    0xff, 0x16, 0x74, 0x3f, 0xe5, 0x7, 0x98, 0x3f,
    0xf8, 0x14, 0xf, 0xfe, 0x4e, 0xd8, 0x7f, 0xf1,
    0xd9, 0xf, 0xfe, 0x62, 0x83, 0xff, 0x93, 0xd0,
    0x2b, 0x43, 0xd9, 0xd7, 0x26, 0x14, 0x4, 0x39,
    0x2, 0xf0, 0xa0, 0xde, 0x83, 0xdf, 0xfa, 0x0,

    /* U+62A5 "报" */
    0xe, 0x50, 0x7f, 0xf2, 0xb8, 0x35, 0x7f, 0x21,
    0xff, 0xc2, 0x5f, 0xec, 0x3f, 0xf8, 0x6f, 0xf8,
    0x3f, 0xfc, 0x68, 0x7a, 0xf9, 0x3e, 0xf, 0xf6,
    0x1b, 0x58, 0xb, 0x7, 0x3e, 0x84, 0x33, 0x52,
    0x54, 0x1c, 0x8a, 0xc3, 0xff, 0x88, 0xd4, 0x82,
    0x81, 0xff, 0x38, 0x4b, 0xf8, 0x3e, 0x51, 0xc1,
    0x31, 0x7c, 0x1e, 0xbd, 0x1, 0xf0, 0x49, 0x81,
    0x10, 0xc8, 0x10, 0x41, 0xe5, 0x3, 0x30, 0xd4,
    0xe4, 0x3f, 0x64, 0x22, 0x19, 0x41, 0xff, 0x23,
    0x10, 0x7f, 0xf1, 0xe1, 0x10, 0xff, 0xe3, 0xa1,
    0xff, 0xcb, 0x82, 0xc3, 0xf9, 0xf, 0xd2, 0x69,
    0xa1, 0xd6, 0x1f, 0xb4, 0xc9, 0x2c, 0x32, 0x38,
    0x79, 0x58, 0x54, 0x20, 0xde, 0x83, 0xba, 0x83,
    0x9d, 0x0,

    /* U+62C9 "拉" */
    0xe, 0x50, 0x7f, 0xf2, 0xa8, 0x1e, 0x78, 0x3f,
    0xf9, 0x28, 0x87, 0xff, 0x2a, 0x20, 0xff, 0xe4,
    0xa6, 0x1f, 0x9a, 0x81, 0x43, 0xac, 0xf5, 0xb0,
    0xb5, 0x80, 0xa0, 0x2f, 0xf8, 0x35, 0xf0, 0x3c,
    0x7f, 0xff, 0x0, 0x3f, 0xf9, 0x3a, 0x1f, 0xfc,
    0x2f, 0x7, 0x24, 0x1f, 0xeb, 0x43, 0xfd, 0x7,
    0xf9, 0x61, 0x10, 0xd8, 0x87, 0x3e, 0x7, 0x2,
    0x20, 0xc8, 0x7a, 0x82, 0x1f, 0xfc, 0x24, 0x3a,
    0x78, 0x3e, 0x44, 0x9, 0x87, 0xa0, 0xfe, 0x88,
    0x10, 0x87, 0xff, 0x29, 0xf, 0xfe, 0x32, 0x84,
    0xc3, 0xff, 0x8d, 0x43, 0x10, 0xff, 0xe0, 0xb5,
    0xf2, 0x57, 0x5, 0x78, 0x4d, 0x7e, 0x2, 0xf0,
    0x58, 0x18, 0xbf, 0xff, 0x84, 0x13, 0xe8, 0x3f,
    0xf8, 0xc0,

    /* U+62D2 "拒" */
    0xd, 0x21, 0xff, 0xc7, 0x54, 0x1a, 0xff, 0xf2,
    0x12, 0x21, 0x90, 0xff, 0x61, 0xfe, 0x4f, 0xfe,
    0x83, 0xff, 0x94, 0xd4, 0x35, 0x7, 0xff, 0x7,
    0x58, 0xb, 0x7, 0xff, 0x6, 0xf8, 0x7e, 0xa,
    0xbf, 0x7, 0xff, 0x9, 0x7f, 0x7, 0xff, 0xb,
    0xfc, 0x87, 0xfc, 0x87, 0xff, 0x19, 0xf8, 0x3f,
    0xf8, 0x4d, 0x84, 0xc1, 0xff, 0xc1, 0xa2, 0x7,
    0x83, 0x57, 0x90, 0xa7, 0xc1, 0xf9, 0x7c, 0x4,
    0x10, 0x7f, 0xbf, 0xf2, 0x1f, 0xff, 0xa4, 0x3c,
    0x9d, 0x7d, 0xc5, 0xc6, 0x1f, 0x2f, 0xc2, 0x60,
    0x50, 0x6f, 0xff, 0xe0, 0xf, 0xa0, 0xff, 0xe2,
    0x80,

    /* U+62E8 "拨" */
    0xe, 0x43, 0xf2, 0x83, 0xff, 0x81, 0x40, 0xc8,
    0x54, 0x40, 0x87, 0xff, 0xa, 0xc3, 0x27, 0x7,
    0xff, 0xd, 0xf, 0x46, 0x1f, 0xfc, 0x4, 0xc3,
    0xc8, 0x10, 0xff, 0xa1, 0x9, 0xb, 0x90, 0xbe,
    0x4f, 0x40, 0xf8, 0x7f, 0x58, 0x48, 0x86, 0xc0,
    0xa0, 0x2f, 0xc1, 0x5c, 0x9e, 0x7d, 0x40, 0x57,
    0xc1, 0xff, 0xc2, 0x48, 0x3f, 0xf8, 0x8a, 0xa,
    0x3a, 0xf0, 0x7f, 0x76, 0x4, 0xb, 0xe0, 0xf3,
    0x20, 0x60, 0x40, 0xbe, 0x4c, 0x37, 0x20, 0xe0,
    0x41, 0x61, 0x22, 0x1e, 0x90, 0xca, 0x31, 0x2,
    0x21, 0xde, 0x43, 0xa2, 0x22, 0x22, 0xf, 0xfe,
    0x6, 0x48, 0x8e, 0x21, 0xff, 0xc0, 0x45, 0x5,
    0x85, 0x7, 0xff, 0x1, 0xe0, 0x9c, 0x28, 0x3f,
    0xf8, 0x8f, 0xc, 0x3a, 0x1d, 0x68, 0x6b, 0x81,
    0x47, 0x5, 0xc1, 0x60, 0x43, 0xd6, 0x85, 0xc0,
    0x82, 0x6e, 0xa, 0x9a, 0x1e, 0x7c, 0x0,

    /* U+62E9 "择" */
    0xd, 0x40, 0xff, 0xe5, 0x28, 0x37, 0xff, 0xc1,
    0xff, 0xc1, 0x40, 0xbc, 0x4, 0x3f, 0xf8, 0x32,
    0x57, 0x2, 0xf, 0xfe, 0x14, 0x61, 0x44, 0x1d,
    0x78, 0x1f, 0x5, 0x9, 0x2c, 0x1d, 0xa8, 0xa,
    0x82, 0x55, 0xaa, 0xf, 0x34, 0x5, 0x10, 0xd8,
    0x58, 0x7f, 0xf1, 0x6e, 0x12, 0xe5, 0x7, 0xf2,
    0xbc, 0x97, 0x68, 0xd4, 0x1f, 0x73, 0x3e, 0x7c,
    0xde, 0x98, 0x27, 0xa, 0x18, 0x24, 0x42, 0x60,
    0xb8, 0x2d, 0x5, 0x64, 0xac, 0x86, 0x56, 0x1c,
    0xbc, 0x5, 0xd8, 0x6a, 0x7, 0x9f, 0xc9, 0xfa,
    0xf, 0xfe, 0xfa, 0x1f, 0xfc, 0x3f, 0xf2, 0x5f,
    0xc8, 0x7f, 0x35, 0xc0, 0x6b, 0x21, 0xa8, 0x1a,
    0x5f, 0x12, 0xe9, 0x9, 0x42, 0x1f, 0xfc, 0x8a,
    0x70, 0x7e, 0x44, 0x3e,

    /* U+6301 "持" */
    0xe, 0xe0, 0xf9, 0xe0, 0xff, 0xe0, 0x21, 0xff,
    0xca, 0x43, 0xe4, 0x3f, 0xf8, 0xcd, 0x61, 0xac,
    0x1f, 0xfc, 0xd, 0x70, 0x17, 0x81, 0x7c, 0x3e,
    0x6f, 0xc3, 0xf9, 0x6, 0xb0, 0x14, 0x1f, 0xfc,
    0x36, 0xa1, 0xa2, 0x19, 0xf, 0xfe, 0x2d, 0xfa,
    0x1f, 0xf0, 0x7e, 0x7a, 0xf9, 0x19, 0x83, 0xcf,
    0x2f, 0xec, 0xd9, 0x9, 0xc0, 0xc1, 0xff, 0xc3,
    0xb8, 0xc, 0xdf, 0xf4, 0x5e, 0x8c, 0x70, 0xda,
    0xfe, 0x2, 0xb1, 0xe0, 0xe6, 0xeb, 0xb2, 0xa4,
    0x3f, 0xcd, 0x87, 0xff, 0x21, 0x44, 0x1f, 0xfc,
    0x88, 0x43, 0xff, 0x82, 0x87, 0xd6, 0x16, 0x1f,
    0x5c, 0x61, 0xc8, 0x3c, 0x87, 0xd0, 0xc8, 0x7e,
    0x40, 0xa0, 0x80,

    /* U+6302 "挂" */
    0xc, 0xc1, 0xfc, 0xa0, 0xff, 0xb4, 0x3f, 0xac,
    0x3f, 0xfe, 0x8f, 0xf0, 0xff, 0x7, 0xfc, 0xaa,
    0x90, 0x54, 0xa0, 0xbe, 0x4f, 0x44, 0xb4, 0x2e,
    0xa0, 0x4d, 0x1, 0x4c, 0x3f, 0xf8, 0x92, 0xc2,
    0xc1, 0xff, 0xcb, 0x7f, 0xc3, 0xfe, 0xf, 0xf3,
    0x5f, 0xfc, 0x4, 0x3e, 0xf1, 0x2f, 0x62, 0xf4,
    0x15, 0xa3, 0x21, 0xe7, 0xf, 0xda, 0x14, 0x87,
    0xff, 0x16, 0x74, 0x3a, 0xb8, 0x6b, 0x82, 0x60,
    0xf2, 0xf8, 0xb, 0xc1, 0xff, 0x3f, 0xc3, 0xfc,
    0x1f, 0xfe, 0xa4, 0x3f, 0xe4, 0x39, 0xa, 0x81,
    0xbf, 0xe0, 0x7f, 0x48, 0x49, 0x2, 0xff, 0xfe,
    0xc, 0x82, 0xf2, 0x4, 0x3f, 0xf8, 0x28,

    /* U+6307 "指" */
    0xf, 0xfe, 0x87, 0x83, 0x70, 0x7f, 0xf1, 0x10,
    0xff, 0xe0, 0x41, 0xff, 0xc7, 0x6d, 0x41, 0xff,
    0xc2, 0x6f, 0x4a, 0x90, 0xff, 0xe1, 0xaa, 0xf4,
    0x87, 0x7c, 0x3e, 0x9, 0xe4, 0x3f, 0x96, 0x2,
    0x83, 0xfe, 0x74, 0x15, 0xd, 0x2, 0x43, 0xe8,
    0x3f, 0xf8, 0x7f, 0xf0, 0x10, 0xfc, 0x83, 0x97,
    0xeb, 0xf, 0x9e, 0x2, 0x7f, 0xc1, 0xcd, 0x81,
    0xc1, 0x5f, 0xe0, 0xb9, 0x3, 0x6, 0x7f, 0xc8,
    0x68, 0xb0, 0xff, 0xe3, 0xba, 0x1f, 0x97, 0xf0,
    0x7f, 0xf1, 0x2b, 0xc1, 0xff, 0xc4, 0x7f, 0xc8,
    0x7f, 0xf4, 0x90, 0xf9, 0xff, 0x21, 0xde, 0x8c,
    0x3d, 0x5e, 0xf, 0x40, 0x50, 0x72, 0xfe, 0x8,

    /* U+6309 "按" */
    0xf, 0xfe, 0x12, 0x83, 0xfe, 0xb0, 0xfd, 0x40,
    0xff, 0xe4, 0xa2, 0x1f, 0xfc, 0x88, 0x3f, 0xf8,
    0xaf, 0xf1, 0x7f, 0x1, 0x71, 0x40, 0x97, 0xf8,
    0x35, 0x40, 0x50, 0x55, 0xfc, 0x1b, 0xe4, 0xf1,
    0x86, 0xf0, 0x7f, 0xf1, 0x34, 0x8, 0x86, 0xa0,
    0x7f, 0x98, 0x19, 0x6, 0x50, 0x7f, 0xf0, 0x54,
    0x1f, 0xfc, 0x3b, 0x7e, 0x81, 0xff, 0x41, 0x28,
    0x66, 0xe0, 0x7e, 0x7, 0x43, 0xd0, 0x34, 0x4c,
    0x82, 0x44, 0x40, 0xad, 0xf, 0x22, 0x16, 0x41,
    0xa8, 0x1f, 0x42, 0x19, 0x41, 0xff, 0xc2, 0x95,
    0xc6, 0x41, 0xff, 0xc3, 0xb5, 0x62, 0x1f, 0xfc,
    0x68, 0x26, 0xf, 0xfe, 0x1b, 0x65, 0x8f, 0x6,
    0xb4, 0x2a, 0x72, 0xb4, 0xe1, 0xc2, 0xc1, 0x4,
    0x97, 0x6, 0x71, 0x9, 0xf2, 0xb, 0xc8, 0x7e,
    0xe0,

    /* U+6362 "换" */
    0xc, 0xc1, 0xe5, 0x7, 0xff, 0x7, 0x43, 0xd4,
    0x43, 0xff, 0x92, 0xa0, 0xff, 0xe3, 0xe3, 0xfd,
    0x7, 0xff, 0x5, 0x1a, 0x90, 0x41, 0x96, 0x2,
    0x81, 0x12, 0xc0, 0x83, 0xaa, 0x4a, 0xb3, 0xc,
    0xb0, 0x77, 0xc9, 0xe0, 0x97, 0x60, 0x58, 0x3f,
    0xd2, 0x56, 0x3, 0x50, 0x7f, 0xd0, 0xfa, 0x3e,
    0x43, 0xfd, 0x7, 0xb0, 0xff, 0xe1, 0x6a, 0xf,
    0xfe, 0x2c, 0x83, 0x43, 0xff, 0x87, 0x68, 0x30,
    0xff, 0xe3, 0xc8, 0x5e, 0x1f, 0x27, 0xc9, 0xe2,
    0xd0, 0xd5, 0xe0, 0xab, 0xc1, 0xf9, 0x7b, 0xc,
    0xbc, 0x1f, 0xfc, 0x5, 0x19, 0x7, 0xff, 0x11,
    0x8c, 0x8c, 0x3f, 0xf8, 0x54, 0x30, 0x31, 0xa1,
    0xa8, 0x85, 0x6a, 0xc3, 0x31, 0x68, 0x49, 0xa,
    0x28, 0x1e, 0x70, 0x20, 0xbc, 0x8d, 0xa1, 0xfd,
    0xc0,

    /* U+636E "据" */
    0xf, 0xfe, 0x7f, 0x7, 0xff, 0x3b, 0xff, 0xe8,
    0x3f, 0xf8, 0x35, 0xf8, 0x3f, 0xf8, 0x6b, 0xf8,
    0x3f, 0xf9, 0xf7, 0xc3, 0xe8, 0xb, 0xf8, 0x37,
    0x50, 0x2a, 0x5, 0x7e, 0xc, 0xb8, 0x58, 0x2f,
    0xc3, 0xf4, 0x1f, 0xc8, 0x7f, 0xf2, 0x1e, 0x40,
    0xb8, 0x5e, 0x83, 0x21, 0x48, 0x2b, 0x2, 0xb2,
    0x7, 0x87, 0x40, 0xfe, 0x1f, 0xe2, 0x82, 0x1f,
    0xfc, 0x79, 0xe0, 0xf6, 0xb8, 0x5e, 0xa, 0xf,
    0x20, 0xea, 0x5, 0x58, 0x7f, 0xb1, 0x7, 0xf8,
    0x3f, 0xf8, 0x8, 0x7f, 0xf2, 0xd0, 0xff, 0xe4,
    0x44, 0x12, 0xf8, 0x39, 0xb3, 0x10, 0xea, 0xf0,
    0x72, 0xd2, 0x50, 0x37, 0xf8, 0x3d, 0xc8, 0x14,
    0xb, 0xf, 0x70, 0x0,

    /* U+6388 "授" */
    0xc, 0xa0, 0xff, 0xe0, 0xa8, 0x3d, 0x40, 0xab,
    0xdf, 0xa8, 0x87, 0xfc, 0xbf, 0xaa, 0x43, 0xc8,
    0x57, 0xea, 0xc8, 0x87, 0xff, 0x2, 0x46, 0x40,
    0xd8, 0x54, 0x45, 0x40, 0x61, 0x20, 0x64, 0x12,
    0xa0, 0x4a, 0x22, 0x10, 0x91, 0xb, 0xe1, 0xf2,
    0x2a, 0x2c, 0x48, 0x3f, 0xf8, 0x1e, 0x7f, 0xa2,
    0xf4, 0x1f, 0xf2, 0xff, 0x83, 0xe5, 0x80, 0xd7,
    0xf8, 0x3f, 0x59, 0x61, 0xfe, 0xb1, 0xf0, 0x28,
    0x27, 0xff, 0xa, 0x21, 0x14, 0x19, 0x2, 0xe1,
    0xd, 0x70, 0x79, 0x81, 0x50, 0x30, 0xc8, 0x7f,
    0x91, 0x2, 0x21, 0xff, 0xc3, 0x88, 0xcc, 0x3f,
    0xf8, 0xa9, 0x88, 0x7f, 0xf1, 0xa0, 0xa0, 0xff,
    0xe2, 0xd8, 0x5c, 0x1e, 0xf0, 0x66, 0xf2, 0x5c,
    0x3f, 0x20, 0x46, 0x2, 0x81, 0x68, 0xf0, 0x48,
    0x2e, 0xd, 0xf2, 0x1c, 0xfc, 0x0,

    /* U+63A5 "接" */
    0xf, 0xfe, 0x13, 0x7, 0xff, 0x2, 0xc3, 0xf6,
    0xa0, 0xff, 0xe4, 0xe4, 0x1f, 0xfc, 0x4b, 0xf4,
    0xf, 0xe4, 0x3f, 0xdd, 0x7f, 0xf0, 0x10, 0x7c,
    0x9e, 0x5d, 0xae, 0x2d, 0x41, 0xff, 0xc1, 0x98,
    0x2c, 0xc3, 0xbe, 0x4f, 0x20, 0x84, 0x24, 0x43,
    0xff, 0x89, 0x40, 0xc8, 0x7f, 0xf0, 0xbe, 0xa7,
    0xc3, 0xf2, 0x1f, 0x92, 0xb2, 0xab, 0xe4, 0x3e,
    0xe5, 0xe1, 0x17, 0xc1, 0x99, 0x4, 0x86, 0x43,
    0xfe, 0xe4, 0x1a, 0xbf, 0x2, 0xff, 0x80, 0xad,
    0x9, 0xa8, 0x15, 0x23, 0x44, 0x14, 0xf, 0x28,
    0xb, 0x81, 0x2a, 0xf, 0xfe, 0x4, 0x1c, 0xa0,
    0xff, 0xe2, 0x43, 0xd9, 0x7, 0xff, 0x11, 0xf0,
    0x81, 0xf, 0xfe, 0x34, 0x4, 0xb4, 0x3a, 0x88,
    0x66, 0xf2, 0x76, 0x96, 0x84, 0xa2, 0xa, 0x46,
    0xc2, 0xa0, 0x10, 0xbb, 0x42, 0xbd, 0x21, 0xcf,
    0x80,

    /* U+63A7 "控" */
    0xc, 0xa0, 0xfe, 0x43, 0xff, 0x81, 0x40, 0xfd,
    0xc8, 0x7f, 0xf2, 0x63, 0xf, 0xfe, 0x25, 0x78,
    0x6b, 0xc1, 0xfe, 0x5e, 0x9, 0x7c, 0x1f, 0xfc,
    0xf, 0xff, 0x8, 0x3e, 0x7, 0x83, 0xa0, 0xc8,
    0x7a, 0xa0, 0x49, 0x42, 0x70, 0x54, 0x58, 0x16,
    0x3, 0xa, 0x93, 0x4, 0x2e, 0xf, 0xf9, 0x46,
    0x1b, 0x24, 0x3f, 0x91, 0x8c, 0x3d, 0x10, 0x7e,
    0xe1, 0x20, 0xf9, 0x50, 0x67, 0xa, 0x3, 0xd7,
    0xe0, 0xee, 0xb, 0x40, 0xbf, 0xf0, 0x65, 0x61,
    0xef, 0xe1, 0xfc, 0x85, 0x40, 0xff, 0xff, 0x87,
    0xff, 0x82, 0x81, 0xdf, 0xe1, 0xff, 0x6, 0x48,
    0x2a, 0xff, 0xe0, 0xa1, 0x53, 0x42, 0x5f, 0xfe,
    0xc, 0x0,

    /* U+63D0 "提" */
    0xc, 0xc1, 0xff, 0xca, 0x90, 0xd7, 0xff, 0x83,
    0xff, 0x86, 0xbf, 0x7, 0xff, 0x16, 0xbe, 0xf,
    0xfe, 0x2d, 0x7c, 0x1e, 0x58, 0xb, 0x4, 0xbf,
    0x7, 0xba, 0x2, 0xa0, 0xbf, 0xe0, 0xf5, 0xe0,
    0x7c, 0x1f, 0xfc, 0xff, 0xf8, 0x3f, 0xf8, 0x7d,
    0x7f, 0x83, 0xfc, 0x81, 0x7f, 0xe0, 0xfe, 0xe3,
    0xff, 0xf8, 0x41, 0x30, 0x58, 0xbe, 0x2, 0xf8,
    0x1c, 0x83, 0x5, 0x78, 0x6b, 0xc0, 0x56, 0x1e,
    0xb4, 0x3f, 0xf8, 0x14, 0xf, 0x91, 0x9, 0xac,
    0x1f, 0xfc, 0x85, 0xc1, 0xff, 0xc0, 0x43, 0xcf,
    0xe0, 0xff, 0xe0, 0x60, 0x83, 0xff, 0x8e, 0xa1,
    0x5c, 0x1f, 0xf5, 0x3, 0x45, 0x42, 0x3f, 0xe0,
    0xc9, 0x18, 0xa1, 0xe4, 0x3c, 0x85, 0xda, 0x74,
    0xc, 0xdf, 0xe8,

    /* U+641E "搞" */
    0xf, 0xfe, 0x13, 0x7, 0xfd, 0xe0, 0xfd, 0x21,
    0xff, 0xcb, 0x43, 0xff, 0x85, 0xfe, 0x5, 0xfc,
    0x87, 0xea, 0xff, 0xe0, 0xa8, 0xa8, 0x14, 0x5f,
    0xfe, 0xc, 0x5, 0x80, 0xa0, 0x5f, 0xfd, 0x5,
    0xf0, 0x3c, 0x1a, 0xbe, 0x30, 0xff, 0xe1, 0x2f,
    0xc1, 0xff, 0xc4, 0xff, 0x83, 0xfc, 0xe0, 0xeb,
    0xf9, 0xf, 0xd2, 0x5, 0xff, 0x6, 0xbc, 0xe,
    0x9f, 0xff, 0xc1, 0x44, 0x83, 0x63, 0x5f, 0xc8,
    0x5e, 0x43, 0xda, 0xff, 0x61, 0xff, 0xc2, 0xbf,
    0xa0, 0xff, 0xe3, 0x7a, 0xf, 0xfe, 0xff, 0xa0,
    0xfc, 0xa1, 0xf, 0x75, 0xe0, 0xf5, 0xc, 0x3c,
    0xbf, 0x70, 0x6a, 0x68, 0x30, 0xfe, 0x41, 0x20,

    /* U+6444 "摄" */
    0xc, 0xa0, 0xff, 0xe5, 0x50, 0x29, 0x7f, 0xe8,
    0x3f, 0xe6, 0xbf, 0xe4, 0x3f, 0xef, 0xf, 0xf0,
    0x3c, 0x1f, 0xfc, 0x35, 0xe0, 0xfa, 0xf0, 0x3c,
    0x84, 0xd7, 0x7, 0xda, 0x80, 0xb0, 0x4f, 0xf0,
    0x7c, 0xd0, 0x14, 0xc, 0xff, 0x7, 0xff, 0x19,
    0xae, 0xf, 0xfe, 0xa, 0x1c, 0xbc, 0x5, 0x7,
    0xef, 0x1e, 0x1f, 0xe0, 0x51, 0xa, 0xc2, 0xc5,
    0x53, 0xf8, 0x1e, 0x41, 0xa1, 0x69, 0x45, 0x7,
    0x50, 0x3a, 0x70, 0xdf, 0xeb, 0xea, 0x78, 0x26,
    0xe, 0x6a, 0x4, 0xa, 0x22, 0x1f, 0xef, 0x28,
    0x44, 0x56, 0x41, 0xfe, 0xde, 0x32, 0x12, 0xf,
    0xfe, 0x5, 0x4, 0x40, 0xd0, 0x83, 0xff, 0x80,
    0xc0, 0xd2, 0x11, 0xf, 0xfe, 0x3, 0x10, 0x90,
    0x7e, 0x7c, 0x20, 0xa1, 0xbb, 0xab, 0x39, 0x2,
    0x6, 0x14, 0x60, 0x62, 0x86, 0xa0, 0xde, 0x80,
    0xf8, 0x26, 0xd0, 0xad, 0x0,

    /* U+6478 "摸" */
    0xe, 0x43, 0xe4, 0x25, 0x7, 0xf5, 0x3, 0xcc,
    0x15, 0x87, 0xff, 0x6b, 0xe8, 0xf8, 0x7e, 0x83,
    0xfc, 0xb8, 0x58, 0xb, 0x61, 0xfe, 0xab, 0x2a,
    0x1a, 0x90, 0x7c, 0x9e, 0x85, 0x62, 0xc2, 0xc1,
    0xa6, 0x2, 0xb2, 0x89, 0x50, 0x28, 0x84, 0xca,
    0x28, 0x81, 0xff, 0xa0, 0xff, 0xe1, 0xaf, 0xec,
    0x3f, 0xcc, 0x1a, 0xbe, 0x43, 0xfd, 0x21, 0x3f,
    0xf4, 0x1c, 0xda, 0x58, 0x4f, 0xfd, 0x7, 0x48,
    0x48, 0x55, 0x80, 0xd6, 0x42, 0xa6, 0x87, 0x2f,
    0x12, 0xe0, 0xca, 0xe, 0xbf, 0x93, 0xfe, 0xf,
    0xed, 0xa9, 0x9, 0xae, 0xf, 0xe6, 0x5c, 0x20,
    0x5e, 0xf, 0xfe, 0xc, 0x34, 0x60, 0xfc, 0xa0,
    0xe7, 0x54, 0x33, 0xca, 0xb, 0x83, 0x5c, 0x30,
    0x4c, 0x34, 0xe, 0x70, 0x23, 0xc1, 0xcf, 0x30,
    0x5e, 0x82, 0xf4, 0x1f, 0xcc, 0x80,

    /* U+64AD "播" */
    0xc, 0xc1, 0xff, 0xca, 0xd0, 0xfe, 0x55, 0xe8,
    0x3f, 0xf8, 0x1f, 0xea, 0x20, 0x50, 0x7f, 0xd2,
    0xa8, 0xf, 0xad, 0xf, 0xf9, 0x17, 0x4, 0xd0,
    0x32, 0xc0, 0x50, 0x32, 0xe, 0x88, 0x35, 0x49,
    0x40, 0x2b, 0xf, 0x21, 0xd7, 0x93, 0xd7, 0x9b,
    0x4f, 0xf, 0xc0, 0x43, 0xdd, 0x41, 0xe6, 0xb0,
    0x7f, 0x2c, 0x5, 0x10, 0xbc, 0x1f, 0x30, 0x18,
    0x80, 0xc6, 0x87, 0xc9, 0x25, 0xc, 0x33, 0x14,
    0x9, 0xb0, 0x53, 0x49, 0x42, 0xc2, 0x38, 0x25,
    0x84, 0x35, 0x4a, 0xa9, 0x18, 0x17, 0x4, 0xd8,
    0xf9, 0x3e, 0x19, 0x2, 0x1e, 0x43, 0xff, 0x9c,
    0xf9, 0x3e, 0xf, 0xfe, 0x2d, 0x1, 0x50, 0x7f,
    0xf1, 0x17, 0xb, 0x7, 0xff, 0x11, 0x70, 0xb0,
    0x7d, 0x44, 0x3e, 0xa0, 0x2a, 0x10, 0xf2, 0xb0,
    0xe7, 0xfe, 0xe,

    /* U+653E "放" */
    0xe, 0x83, 0xf9, 0xf, 0xfe, 0x4, 0xc1, 0xf3,
    0x61, 0xff, 0x42, 0x1f, 0x64, 0x1f, 0xfc, 0x4,
    0x83, 0xc8, 0x87, 0xff, 0x2, 0xa0, 0xe4, 0x43,
    0xfa, 0xea, 0xe9, 0xe8, 0xc6, 0xbc, 0x86, 0x5f,
    0x6, 0x40, 0xbe, 0xc1, 0x79, 0x3f, 0xa4, 0xbe,
    0x8b, 0x83, 0xff, 0x83, 0x7, 0xff, 0x29, 0x4,
    0x16, 0x1f, 0xf7, 0xf0, 0x11, 0xc, 0x87, 0xf2,
    0xc0, 0x78, 0xc0, 0x87, 0xf2, 0x54, 0x87, 0x21,
    0xff, 0xca, 0x40, 0x88, 0x7f, 0x21, 0xfa, 0x2c,
    0xc3, 0xe4, 0xc2, 0x43, 0xca, 0x10, 0xfb, 0x10,
    0xfe, 0x80, 0x87, 0xe4, 0x3c, 0x87, 0xd8, 0x7c,
    0x88, 0x7f, 0x30, 0x24, 0x3d, 0x10, 0xa8, 0xc1,
    0x43, 0x8a, 0x6, 0xc4, 0x29, 0x1b, 0x4c, 0x61,
    0xe0, 0x44, 0x5, 0x58, 0x56, 0x13, 0xa6, 0x7,
    0xd, 0x20, 0xb4, 0x3d, 0x68,

    /* U+6548 "效" */
    0xf, 0x41, 0xfa, 0x43, 0xff, 0x81, 0x28, 0x3e,
    0x68, 0x1f, 0xf6, 0x41, 0xfd, 0x7, 0xfc, 0xa8,
    0x3c, 0x90, 0x7e, 0xfe, 0x6f, 0xa0, 0x42, 0x1f,
    0x97, 0xfc, 0x1d, 0xff, 0x2, 0xae, 0xb7, 0x42,
    0x1a, 0x86, 0x81, 0x9b, 0x7, 0x4, 0x92, 0xc0,
    0x50, 0x68, 0x80, 0x99, 0x10, 0x49, 0x87, 0x42,
    0x81, 0x2, 0x4, 0x87, 0xf2, 0x88, 0x36, 0x34,
    0x30, 0x62, 0x1a, 0x20, 0xdb, 0xe1, 0x10, 0xfe,
    0xe3, 0x42, 0x83, 0x21, 0x21, 0xf2, 0x9, 0x88,
    0x36, 0x20, 0x43, 0xe7, 0x24, 0x43, 0x27, 0x18,
    0x7f, 0x61, 0xfe, 0x50, 0x87, 0xf2, 0x16, 0x1d,
    0x2, 0xf, 0xe6, 0x30, 0x61, 0xb0, 0xff, 0x98,
    0xcc, 0x42, 0xd0, 0x48, 0x7b, 0x8c, 0x2e, 0x2c,
    0x7c, 0x50, 0x34, 0xc, 0x3a, 0xd2, 0x80, 0xc7,
    0x81, 0x4c, 0x39, 0x43, 0xa1, 0xb4, 0xc2, 0x43,
    0xcd, 0xc1, 0xf5, 0xa0,

    /* U+6570 "数" */
    0xf, 0xfe, 0x74, 0xb, 0x2, 0x80, 0xf0, 0x7e,
    0x94, 0x1d, 0x40, 0x66, 0x1f, 0xa6, 0xc, 0x90,
    0x11, 0xf, 0xea, 0x7, 0x28, 0x3f, 0xf8, 0xf,
    0xad, 0x39, 0xe4, 0xb, 0xd0, 0x17, 0x4, 0xbb,
    0xc0, 0xae, 0x42, 0xa0, 0x6b, 0xa2, 0x8f, 0xc3,
    0x86, 0x96, 0x1a, 0x8, 0x72, 0x61, 0xb5, 0x40,
    0x5d, 0x87, 0xfd, 0xc, 0x1a, 0x44, 0x3e, 0x42,
    0xb8, 0x8c, 0x16, 0x22, 0xc, 0x3f, 0x94, 0x1b,
    0x63, 0x2, 0x1d, 0x7c, 0xf, 0xd4, 0x14, 0x12,
    0x1b, 0x60, 0x34, 0x48, 0x18, 0xa3, 0xc, 0xc8,
    0xca, 0x2, 0x4, 0xb1, 0xf, 0x40, 0x45, 0x83,
    0x22, 0x83, 0xed, 0x57, 0x18, 0x68, 0x18, 0x7c,
    0xdc, 0x15, 0x2, 0xc1, 0x7, 0xf3, 0x16, 0xa1,
    0xc9, 0x30, 0xf3, 0xc6, 0x97, 0x42, 0x64, 0xe0,
    0x3c, 0x58, 0x6d, 0x5a, 0xa, 0x8, 0x1b, 0xc8,
    0x75, 0xc1, 0xcf, 0x80,

    /* U+6587 "文" */
    0xf, 0xcc, 0x1f, 0xfc, 0x89, 0x41, 0xff, 0xc7,
    0xc8, 0x3f, 0xf9, 0x9, 0x7, 0xff, 0x1e, 0x30,
    0xff, 0x7f, 0xf8, 0xbf, 0xf9, 0xf, 0xfe, 0x57,
    0xe8, 0xbf, 0xe0, 0x7f, 0x21, 0x93, 0xf, 0xfe,
    0x4a, 0x1e, 0x44, 0x3f, 0xe4, 0x43, 0xa2, 0xf,
    0xfa, 0x30, 0xff, 0xe4, 0x2c, 0x16, 0x41, 0xff,
    0xc1, 0x88, 0x8, 0x10, 0xff, 0xe1, 0x24, 0x46,
    0x1f, 0xfc, 0x39, 0x58, 0x87, 0xff, 0x16, 0xa,
    0xf, 0xfe, 0x23, 0x85, 0xa1, 0xff, 0xc2, 0xa1,
    0x71, 0x68, 0x7f, 0x3e, 0x56, 0x8e, 0x97, 0x21,
    0x3e, 0x81, 0x40, 0xeb, 0x46, 0xf0, 0x81, 0xf2,
    0x1f, 0xae, 0x48, 0x1e, 0x83, 0xff, 0x82, 0xda,
    0x0,

    /* U+65AD "断" */
    0xf, 0x94, 0x1f, 0xfc, 0x8b, 0xf, 0xfe, 0x12,
    0x89, 0xc, 0xc0, 0x5a, 0xf8, 0x14, 0x1c, 0x36,
    0x95, 0x91, 0x41, 0xff, 0x28, 0x2f, 0xd4, 0xf,
    0x21, 0x46, 0x1f, 0xfc, 0x2a, 0x5, 0x44, 0x3f,
    0xf8, 0x4a, 0xc, 0x87, 0xff, 0x9, 0xf8, 0x7e,
    0x9, 0x7e, 0x9, 0xa0, 0x55, 0x5, 0x5f, 0x6,
    0x50, 0x17, 0x5, 0xf0, 0xf8, 0x3a, 0xb, 0xc1,
    0xff, 0xc4, 0x50, 0x22, 0xf, 0xfe, 0x16, 0x40,
    0x44, 0x3f, 0xf8, 0x30, 0x86, 0x84, 0x3f, 0xf8,
    0x19, 0x6, 0x75, 0x7, 0xfc, 0xe1, 0x21, 0xc8,
    0x7f, 0xf0, 0xac, 0x24, 0xc3, 0xfd, 0xfa, 0xf9,
    0x84, 0x3f, 0x2f, 0xfb, 0x10, 0xfe, 0xaf, 0xf2,
    0x41, 0xff, 0xc8, 0x43, 0xc8, 0x7f, 0xf0, 0x78,
    0x3b, 0xc0,

    /* U+65B0 "新" */
    0xf, 0x30, 0x7f, 0xf0, 0x50, 0xfd, 0xa8, 0x3c,
    0xaa, 0x7a, 0x81, 0xf6, 0x61, 0xdd, 0x14, 0x28,
    0x37, 0xe8, 0x7f, 0x9, 0xfa, 0xa0, 0x97, 0xfe,
    0xf, 0xfe, 0xd, 0xa, 0xc0, 0xa0, 0x7f, 0xf0,
    0xd8, 0x24, 0x3f, 0xf8, 0xe8, 0x22, 0xe, 0x5f,
    0x81, 0x52, 0xa8, 0x95, 0x5, 0x5f, 0x22, 0xfc,
    0x5, 0x82, 0xa8, 0x14, 0x4f, 0xe8, 0xbf, 0x4,
    0xb0, 0x14, 0x1f, 0xfc, 0x34, 0x3f, 0xea, 0xe2,
    0xb8, 0x3f, 0xf8, 0x2b, 0x82, 0x5c, 0x1f, 0xfc,
    0x1f, 0xd1, 0x7e, 0xf, 0xfe, 0x13, 0xa1, 0x38,
    0x64, 0x3f, 0xe8, 0x3b, 0x21, 0x30, 0xff, 0x62,
    0x82, 0x84, 0xc4, 0x3f, 0xa1, 0x83, 0xa4, 0x43,
    0xfe, 0xc8, 0x18, 0x4d, 0x8, 0x3f, 0xce, 0x3a,
    0x21, 0x22, 0x1f, 0xfc, 0x15, 0xa0, 0xca, 0xf,
    0xfe, 0x1d, 0x10, 0xd4, 0xe, 0xf0, 0x40,

    /* U+65B9 "方" */
    0xf, 0xe4, 0x3f, 0xf9, 0xd, 0x87, 0xff, 0x1d,
    0x2, 0x1f, 0xfc, 0x78, 0x83, 0xff, 0x8e, 0xac,
    0x3f, 0xd7, 0x5f, 0x8a, 0xfd, 0xe0, 0x97, 0xff,
    0x8a, 0x6, 0xfe, 0x4f, 0xff, 0xe0, 0xa1, 0xff,
    0xe8, 0xaf, 0xf2, 0x1f, 0xc8, 0xbf, 0xec, 0x3f,
    0xef, 0xfc, 0x98, 0x7f, 0xf4, 0x91, 0xf, 0xf2,
    0x1f, 0xa2, 0xf, 0xc8, 0x7f, 0x21, 0xff, 0xc9,
    0x88, 0x3f, 0xf8, 0xd0, 0xa0, 0xff, 0xe2, 0xc9,
    0x7, 0xf6, 0x21, 0xda, 0x61, 0xe7, 0xe0, 0x41,
    0x90, 0x61, 0xf2, 0x13, 0x87, 0x3e, 0xf, 0xef,
    0xa0, 0xf0,

    /* U+65E0 "无" */
    0xb, 0xd5, 0xff, 0xc0, 0xe0, 0xfc, 0xbf, 0xfc,
    0x1, 0xf, 0x7f, 0x81, 0xff, 0x83, 0xff, 0xfe,
    0x1f, 0xfc, 0x5a, 0xfc, 0xa, 0xff, 0x1, 0x7f,
    0x1, 0x7f, 0xc0, 0xff, 0xa2, 0xc1, 0xff, 0x7,
    0xf6, 0x21, 0xff, 0xc7, 0x43, 0xff, 0x90, 0x88,
    0x7f, 0xf1, 0xe2, 0xf, 0xfe, 0x36, 0x21, 0xff,
    0xc6, 0x81, 0x7, 0xfa, 0xd0, 0xda, 0x61, 0xff,
    0x21, 0x9c, 0x18, 0x7d, 0x5c, 0x4, 0xe1, 0xc3,
    0xd0, 0xbc, 0x40, 0x4a, 0x7, 0xcf, 0xfc, 0x82,
    0xd0, 0xff, 0xe3, 0x0,

    /* U+65F6 "时" */
    0xf, 0xfe, 0x2d, 0x87, 0xff, 0x25, 0xf, 0xfe,
    0x8f, 0xfe, 0xf, 0xfe, 0x2a, 0xe0, 0xff, 0xe3,
    0xd6, 0x3, 0x5f, 0x2, 0xa0, 0xff, 0x6b, 0xf0,
    0x16, 0xf, 0xe6, 0xff, 0x81, 0xf0, 0x7f, 0xf3,
    0xff, 0x7, 0xff, 0x1d, 0x70, 0x6e, 0xf, 0xfe,
    0xd, 0x60, 0xe4, 0x3f, 0xf9, 0x31, 0x87, 0xff,
    0x21, 0x2, 0x1f, 0xfc, 0x8a, 0x21, 0xff, 0x7e,
    0x10, 0x94, 0x1f, 0xfc, 0x5, 0xc1, 0xff, 0xc7,
    0xac, 0x1f, 0xfc, 0xb6, 0xf, 0xfe, 0x4c, 0x87,
    0xff, 0xf, 0xc1, 0xff, 0x5e, 0xf, 0xfe, 0x44,
    0x14, 0x1f, 0xfc, 0x7f, 0x90, 0xc0,

    /* U+660E "明" */
    0xf, 0xf5, 0x7f, 0xbf, 0xe8, 0xb, 0xfe, 0x2,
    0xe0, 0xf7, 0xf8, 0x35, 0x60, 0xff, 0xfb, 0x7f,
    0x83, 0x7e, 0xf, 0x2f, 0x83, 0x56, 0xf, 0x57,
    0x83, 0x2e, 0xf, 0xff, 0x15, 0x78, 0x3f, 0xf8,
    0x4b, 0xe0, 0xdf, 0x83, 0xdf, 0xe0, 0xcb, 0x83,
    0x90, 0xff, 0x56, 0x9, 0xf, 0xfe, 0x27, 0x19,
    0x7, 0xef, 0x7, 0xc8, 0x7f, 0xf1, 0xa1, 0xf,
    0x21, 0xfc, 0xa2, 0xd, 0xe8, 0x43, 0xec, 0x43,
    0xa0, 0x30, 0x7d, 0x50, 0x73, 0xe8,

    /* U+662F "是" */
    0xd, 0x5f, 0xfc, 0x20, 0xfe, 0x5f, 0xfe, 0x10,
    0x7f, 0xdf, 0xfe, 0xf, 0xfe, 0xd, 0x7f, 0x83,
    0xff, 0x82, 0xbf, 0xe0, 0xff, 0xe0, 0xff, 0xf8,
    0x3f, 0xfb, 0x1f, 0xfe, 0xf, 0xf9, 0x7f, 0xf8,
    0x41, 0xfd, 0x5f, 0xfc, 0x20, 0xf5, 0x7f, 0xf2,
    0x11, 0x7f, 0xf9, 0x38, 0xff, 0xf0, 0x3f, 0xfa,
    0xf, 0x70, 0x7f, 0xf2, 0x10, 0xfa, 0xbe, 0xf,
    0xd1, 0x87, 0x2f, 0xc1, 0xf2, 0x8, 0x3b, 0xfe,
    0xf, 0xa1, 0x34, 0x3f, 0xf8, 0x90, 0x28, 0x58,
    0x7f, 0xf0, 0xa4, 0xc7, 0x42, 0xff, 0xf0, 0x12,
    0xd, 0x72, 0x83, 0xf4, 0xe, 0x43, 0xcd, 0x3f,
    0xf2, 0x0,

    /* U+663E "显" */
    0x9, 0xaf, 0xfe, 0x12, 0x1e, 0x97, 0xff, 0x85,
    0x7, 0xef, 0xff, 0xe0, 0x8, 0x7f, 0xf4, 0xab,
    0xff, 0x80, 0x1f, 0xe5, 0xff, 0xe0, 0x7, 0xfb,
    0xff, 0xf8, 0x1, 0xff, 0xd4, 0xaf, 0xfe, 0x0,
    0x87, 0xe5, 0xff, 0xe0, 0x7, 0xef, 0xff, 0xe2,
    0x7, 0xfb, 0xc1, 0x78, 0x3f, 0xc8, 0x7f, 0xf0,
    0xd0, 0xd5, 0x7, 0xff, 0xa, 0xc2, 0x85, 0x7,
    0xc8, 0x64, 0x43, 0x44, 0x1f, 0xfc, 0x8, 0x83,
    0x20, 0x43, 0xfd, 0x8, 0x7a, 0x30, 0xff, 0x24,
    0x1e, 0x68, 0x1f, 0xee, 0xd, 0x5b, 0xa0, 0x2a,
    0x4a, 0xba, 0x60, 0x5f, 0x1, 0x60, 0x2f, 0x84,

    /* U+666E "普" */
    0xf, 0xa0, 0xfa, 0xf, 0xfe, 0xa, 0xb0, 0xe5,
    0x61, 0xff, 0xc0, 0x50, 0x86, 0x8c, 0x3f, 0x35,
    0x81, 0xd6, 0x5, 0x70, 0x69, 0x78, 0x5e, 0x2,
    0xf0, 0x6f, 0xf2, 0x7c, 0x3f, 0x5e, 0xf, 0x78,
    0x3f, 0xea, 0x21, 0xf4, 0x41, 0xfe, 0x44, 0x3e,
    0x44, 0x3f, 0xa2, 0xf, 0xeb, 0xf, 0xe9, 0x41,
    0xdf, 0xaf, 0x27, 0xc3, 0xe7, 0xf4, 0x57, 0xff,
    0x28, 0x5f, 0xfe, 0x48, 0x75, 0xff, 0xfc, 0x20,
    0xff, 0x35, 0xfe, 0xf, 0xfe, 0x4, 0xbf, 0xf0,
    0x7f, 0xd5, 0xff, 0x21, 0xff, 0x2f, 0xfc, 0x1f,
    0xfc, 0xf, 0xff, 0x90, 0xff, 0xeb, 0x7f, 0xfc,
    0x87, 0xfc, 0xd7, 0xf8, 0x3c,

    /* U+667A "智" */
    0xc, 0x87, 0xff, 0x22, 0xc3, 0xff, 0x8d, 0x10,
    0x7f, 0xf1, 0x54, 0x5f, 0xe2, 0xff, 0x40, 0x8a,
    0x1, 0xa8, 0x26, 0x88, 0x49, 0x2c, 0x4b, 0x5,
    0x2b, 0xb, 0x7a, 0x25, 0x64, 0x3f, 0x97, 0x80,
    0xb8, 0x3f, 0xdf, 0xa0, 0x7e, 0x43, 0xff, 0x83,
    0x3, 0x83, 0xaa, 0xc3, 0xd9, 0x41, 0xe0, 0x97,
    0x6, 0x72, 0x57, 0x5, 0x7f, 0xa1, 0x89, 0x9,
    0xe0, 0xff, 0x36, 0x7f, 0xff, 0x4, 0x39, 0x9,
    0xff, 0xe0, 0xff, 0xb0, 0xff, 0xe4, 0x5f, 0xfc,
    0x1f, 0xf3, 0x5f, 0xc1, 0xff, 0x6b, 0xfc, 0x1f,
    0xf6, 0xbf, 0xc1, 0xff, 0x35, 0xfc, 0x1f, 0xf5,
    0xff, 0xc1, 0xc0,

    /* U+6682 "暂" */
    0xe, 0x43, 0xff, 0x91, 0x61, 0xfc, 0xda, 0x1d,
    0x10, 0x77, 0xe9, 0x20, 0x7c, 0x97, 0xe1, 0x2f,
    0xe0, 0x79, 0x3f, 0xc1, 0x21, 0xfc, 0xa2, 0xc3,
    0xcb, 0xf0, 0x33, 0x51, 0x44, 0x4a, 0xf6, 0x1a,
    0x80, 0x56, 0x17, 0x81, 0xe8, 0x1f, 0x93, 0xd0,
    0x7f, 0xf0, 0x17, 0x8b, 0x91, 0xf, 0xdd, 0x60,
    0x9e, 0x20, 0xfd, 0x7e, 0x4a, 0x1, 0xf, 0xe4,
    0x37, 0x1, 0xe0, 0xa8, 0x1f, 0x28, 0xb, 0xf8,
    0x3f, 0x35, 0xff, 0xc2, 0xf, 0xd7, 0xff, 0x90,
    0xfe, 0xd7, 0xfe, 0xf, 0xe6, 0xbf, 0xc1, 0xfe,
    0xbf, 0xfc, 0x87, 0xf6, 0xbf, 0xf0, 0x7f, 0x35,
    0xfe, 0xf, 0xf5, 0xff, 0xe4, 0x30,

    /* U+66F4 "更" */
    0xf, 0xfe, 0x5f, 0xff, 0xf1, 0xe0, 0x4b, 0xf8,
    0xb, 0xfb, 0x3, 0x5f, 0x81, 0x5f, 0x90, 0xcb,
    0xf0, 0x17, 0xe0, 0xf5, 0x7c, 0xa, 0xf8, 0x3f,
    0x7f, 0x3, 0xf8, 0x3f, 0xfa, 0x9f, 0xc0, 0xfe,
    0xf, 0xf2, 0xf0, 0x17, 0x83, 0xfd, 0x5c, 0xa,
    0xe0, 0xff, 0x57, 0x2, 0xb8, 0x3f, 0xcb, 0xc0,
    0x5e, 0xf, 0xde, 0x3f, 0xf, 0xfc, 0x1f, 0x26,
    0x89, 0x87, 0xff, 0x9, 0xca, 0x84, 0x3f, 0xf8,
    0x98, 0x88, 0x7f, 0xf1, 0xa0, 0x3a, 0x1f, 0xfc,
    0x27, 0x8d, 0x2f, 0x48, 0x73, 0x4f, 0x45, 0x97,
    0x23, 0x7e, 0x16, 0x1b, 0x43, 0x37, 0xa4, 0x8,
    0x3e, 0x90, 0xff, 0x37, 0xa0,

    /* U+6700 "最" */
    0xc, 0xbf, 0xfc, 0x20, 0xfd, 0x5f, 0xfc, 0x20,
    0xfe, 0x7f, 0xfc, 0x1f, 0xf3, 0xff, 0xe0, 0xff,
    0x9a, 0xff, 0x7, 0xff, 0x55, 0xaf, 0xf0, 0x7f,
    0xbf, 0xff, 0x84, 0x1d, 0x2f, 0xff, 0x1a, 0x15,
    0x5f, 0xfc, 0x65, 0xbc, 0x3f, 0x87, 0xff, 0xc8,
    0x65, 0xe0, 0x97, 0xe0, 0xfd, 0x58, 0xd, 0x7c,
    0x1f, 0x3f, 0x80, 0xa3, 0xe1, 0xf, 0x9f, 0xc1,
    0x41, 0x24, 0x1f, 0xab, 0x7, 0x44, 0x87, 0xe5,
    0xc0, 0x73, 0x72, 0xe, 0x50, 0xfd, 0x2, 0x2,
    0x1f, 0xa8, 0x6, 0xf0, 0xa1, 0x63, 0x90, 0xa9,
    0xe9, 0xe, 0xa3, 0x73, 0x60, 0x50, 0x7f, 0x34,
    0x3, 0xd0, 0x3f, 0xdc, 0x68, 0x72, 0x80,

    /* U+6709 "有" */
    0xf, 0xfe, 0xaf, 0x83, 0xff, 0xbf, 0x8, 0x7f,
    0xf0, 0x7f, 0xe4, 0x7f, 0xfc, 0x81, 0x7e, 0x2,
    0xff, 0xf0, 0x1, 0x5e, 0x4a, 0xff, 0xe0, 0x7,
    0xe4, 0x25, 0xfe, 0xf, 0xf4, 0xa, 0xff, 0x21,
    0xfb, 0x1f, 0xfe, 0x43, 0xfb, 0xf, 0xfe, 0x12,
    0x1e, 0xc3, 0xff, 0x93, 0x8c, 0x3f, 0xfc, 0x87,
    0x58, 0xc1, 0x57, 0xf0, 0x7b, 0x28, 0x12, 0xff,
    0xc1, 0xce, 0x86, 0x5f, 0xf8, 0x3f, 0xf8, 0x35,
    0xfc, 0x1f, 0xfc, 0x17, 0xff, 0x90, 0xff, 0xf0,
    0xa1, 0xff, 0xc8, 0xf0, 0x7f, 0xf2, 0xdc, 0x3f,
    0x9e, 0xf, 0xbd, 0x6,

    /* U+670D "服" */
    0x9, 0x7e, 0x5, 0x7e, 0x43, 0xab, 0xe0, 0x2f,
    0xec, 0x3e, 0xf8, 0x3d, 0xfc, 0x1f, 0xfe, 0x14,
    0x3f, 0xaa, 0xf, 0xd7, 0x18, 0x7c, 0xb0, 0x7e,
    0xc1, 0x21, 0xf7, 0xc1, 0xf9, 0xf2, 0x1f, 0x21,
    0xfd, 0x5f, 0x21, 0xff, 0xc3, 0x5f, 0x83, 0xff,
    0x89, 0x17, 0x90, 0xf9, 0xf8, 0x3c, 0x98, 0x11,
    0xf, 0x2c, 0x1f, 0x90, 0xff, 0x56, 0xf, 0xa0,
    0x24, 0x19, 0xf, 0xfe, 0x2, 0x50, 0x43, 0x62,
    0x1f, 0xf2, 0x84, 0x39, 0xf, 0xfe, 0xc, 0xc,
    0x3c, 0x87, 0xff, 0x3, 0x4, 0x85, 0x18, 0x14,
    0x1f, 0x43, 0x94, 0x2, 0x20, 0xa0, 0x86, 0x95,
    0x18, 0xc7, 0x5, 0x34, 0xd, 0xb0, 0x5d, 0x0,
    0x84, 0xc8, 0x5e, 0x60, 0xe4,

    /* U+671F "期" */
    0xf, 0xfe, 0x75, 0x86, 0xf0, 0x65, 0xf8, 0x3f,
    0xf8, 0x7d, 0x7c, 0x1f, 0xfc, 0x5f, 0xc1, 0xad,
    0x3f, 0x3, 0xc1, 0xff, 0x50, 0x15, 0x81, 0x40,
    0xff, 0xe0, 0x28, 0x5c, 0x5, 0x7, 0xff, 0xe,
    0x58, 0x3e, 0x5c, 0x1f, 0x9a, 0x83, 0xea, 0xc1,
    0xfb, 0xf0, 0x7d, 0xf8, 0x3f, 0x2e, 0xf, 0xfe,
    0x3d, 0x60, 0xff, 0xe3, 0xfe, 0xf, 0x97, 0x7,
    0xff, 0x1e, 0xb0, 0x6f, 0x27, 0xe0, 0x78, 0x2f,
    0xc1, 0x9a, 0xfe, 0x60, 0x21, 0xfa, 0x4d, 0x63,
    0x66, 0xf, 0xfe, 0x4, 0xa0, 0x6c, 0x4, 0x83,
    0xfa, 0x24, 0x10, 0xb0, 0x7f, 0xd2, 0xc1, 0xb0,
    0x44, 0x1f, 0xf4, 0x1e, 0xe1, 0x41, 0x58, 0x6b,
    0xf, 0xd1, 0x6, 0x87, 0xf, 0xfe, 0x3, 0x87,
    0xb8, 0x0,

    /* U+672A "未" */
    0xf, 0xfa, 0x81, 0xff, 0xca, 0x50, 0x7f, 0xfc,
    0x9a, 0xf8, 0x15, 0xf0, 0x7d, 0xaf, 0xc0, 0x5f,
    0xc1, 0xeb, 0xfe, 0x7, 0xfc, 0x87, 0xff, 0xa1,
    0xaf, 0xe0, 0x57, 0xf0, 0x65, 0xfe, 0x2, 0xff,
    0x4, 0xff, 0xc1, 0xd7, 0xfc, 0x1f, 0xe8, 0x42,
    0x83, 0xff, 0x88, 0xa2, 0x4, 0x61, 0xff, 0xc2,
    0x63, 0x9, 0x46, 0x1f, 0xfc, 0x6, 0x20, 0xe8,
    0x10, 0x7f, 0x98, 0x90, 0xf6, 0x3a, 0x1f, 0x50,
    0x90, 0xfd, 0x82, 0xd0, 0x9d, 0x34, 0x3f, 0xda,
    0xb, 0x2, 0xc, 0x3f, 0xf8, 0x36, 0x98, 0x5e,
    0xf, 0xfe, 0x25, 0x87, 0xff, 0x38,

    /* U+672C "本" */
    0xf, 0xf2, 0x83, 0xff, 0x91, 0x40, 0xff, 0xff,
    0x82, 0xeb, 0xe0, 0x57, 0xdc, 0x4, 0x5f, 0x80,
    0xbf, 0x8, 0x3f, 0xe0, 0xe7, 0xfe, 0xf, 0xf2,
    0x5, 0x7, 0xff, 0xe, 0x30, 0x62, 0x1f, 0xfc,
    0x24, 0x40, 0x90, 0x7f, 0xf0, 0x72, 0xd, 0x10,
    0x7f, 0xc8, 0xa0, 0xc8, 0x87, 0xfd, 0x10, 0x7b,
    0x30, 0xfe, 0xc8, 0x3f, 0x46, 0x1f, 0x62, 0x83,
    0xf2, 0x8d, 0xd, 0x8d, 0xea, 0x2, 0x9e, 0x92,
    0x83, 0x8c, 0x12, 0x80, 0xa0, 0xa8, 0x2c, 0x30,
    0x3f, 0x3, 0xf0, 0x1a, 0x27, 0x7, 0xff, 0x11,
    0x41, 0xff, 0xe1,

    /* U+673A "机" */
    0xf, 0xfe, 0x8f, 0x83, 0xff, 0xa3, 0xff, 0x7,
    0xff, 0x1d, 0x60, 0xff, 0xe4, 0xd4, 0x1f, 0xcb,
    0x1, 0x60, 0xff, 0xe1, 0xb5, 0x2, 0xa4, 0x3f,
    0xf8, 0x4f, 0xa0, 0x7c, 0x87, 0xff, 0x17, 0xf,
    0xfe, 0x5a, 0x1f, 0x90, 0xff, 0xe0, 0xa1, 0x50,
    0x3f, 0xf8, 0xd8, 0x4b, 0x7, 0xff, 0x15, 0xb,
    0x20, 0xff, 0xe2, 0x44, 0x12, 0x4, 0x3f, 0xf8,
    0x48, 0x85, 0x61, 0x61, 0xff, 0x62, 0x1f, 0x62,
    0x1f, 0xf2, 0x41, 0xf2, 0x1f, 0xfc, 0x1b, 0xf,
    0xe4, 0x3f, 0xf9, 0x31, 0x87, 0xea, 0x7, 0xf9,
    0x42, 0x1f, 0x94, 0x1f, 0xcc, 0x41, 0xc9, 0xc1,
    0xff, 0x22, 0x83, 0xb0, 0x24, 0x1e, 0xf0, 0x38,
    0x3c, 0xfe, 0x40,

    /* U+6743 "权" */
    0xe, 0xe0, 0xff, 0xe5, 0xa1, 0xff, 0xe7, 0xff,
    0xf8, 0x3f, 0xf8, 0x32, 0x35, 0xc1, 0xe6, 0xa0,
    0x51, 0x59, 0xaf, 0x7, 0xcb, 0x1, 0x50, 0x7f,
    0xf0, 0xdf, 0x40, 0xf8, 0x4c, 0x32, 0x21, 0xf4,
    0x1f, 0x90, 0xd9, 0x87, 0xff, 0x25, 0x10, 0xf4,
    0x17, 0x82, 0x43, 0x22, 0x1f, 0x21, 0xd0, 0x31,
    0x4, 0x61, 0xe8, 0x81, 0x88, 0x12, 0x10, 0x21,
    0xca, 0x10, 0xa8, 0x1c, 0xc6, 0x1e, 0x88, 0x32,
    0x82, 0x88, 0x43, 0xe8, 0x43, 0xf9, 0xa, 0xf,
    0x9c, 0x3f, 0xc8, 0x48, 0x7f, 0xf1, 0x98, 0x8a,
    0x7, 0xff, 0x12, 0x86, 0xe3, 0xa1, 0xff, 0xc0,
    0x74, 0xc2, 0xc1, 0x68, 0x7f, 0x50, 0x70, 0xee,
    0xf, 0xfe, 0x4, 0x50, 0x3e, 0x79, 0x0,

    /* U+675F "束" */
    0xf, 0xf2, 0x83, 0xff, 0x93, 0x40, 0xff, 0xeb,
    0xd7, 0xf0, 0x2b, 0xfc, 0x5, 0xfe, 0x2, 0xff,
    0x81, 0xff, 0xc0, 0xff, 0xf0, 0x7f, 0xf3, 0xeb,
    0xe0, 0x57, 0xc8, 0x79, 0x7e, 0x2, 0xfd, 0x87,
    0xef, 0xe0, 0x7f, 0x83, 0xff, 0xab, 0x5c, 0xa,
    0xf0, 0x7f, 0x97, 0x80, 0xbe, 0x10, 0xf7, 0xf2,
    0x1d, 0x7f, 0x7, 0xfa, 0x50, 0x22, 0xf, 0xfe,
    0x14, 0x90, 0x14, 0x41, 0xff, 0xc0, 0x93, 0xd,
    0xc, 0x1f, 0xed, 0x30, 0xf6, 0x38, 0x7c, 0xe0,
    0xc3, 0xf6, 0xe, 0xd, 0xc3, 0x87, 0xfb, 0x87,
    0xc0, 0x4a, 0x7, 0xff, 0x1, 0xd2, 0x5, 0xa1,
    0xff, 0xc3, 0xb4,

    /* U+6761 "条" */
    0xf, 0xa4, 0x3f, 0xf9, 0x13, 0x87, 0xff, 0x21,
    0x5, 0x7f, 0x7, 0xfb, 0x2, 0xff, 0x83, 0xfa,
    0xb, 0xfe, 0x6, 0x1f, 0x94, 0x46, 0x1d, 0x90,
    0x7e, 0x63, 0x63, 0xb, 0x24, 0x3f, 0x46, 0x6,
    0x3b, 0x24, 0x3f, 0xbc, 0x19, 0x42, 0x48, 0x7f,
    0xf0, 0xdd, 0x12, 0xd0, 0xff, 0x9b, 0x8b, 0xb4,
    0xbe, 0xa8, 0x7e, 0x95, 0xe7, 0xc5, 0xc8, 0x14,
    0x4, 0xf, 0xa0, 0xfc, 0xde, 0xa8, 0x1a, 0x57,
    0x81, 0x5f, 0x68, 0x65, 0xfc, 0x5, 0xfc, 0x1d,
    0xff, 0x81, 0xff, 0x83, 0xfa, 0xf, 0x94, 0x1f,
    0xf3, 0xb0, 0x7a, 0x98, 0x7f, 0x50, 0xa0, 0x7b,
    0x4e, 0xe, 0x75, 0x68, 0x7e, 0xb1, 0xd0, 0xb2,
    0x80, 0x7c, 0x1f, 0x68, 0x85, 0x68, 0x48, 0x1c,
    0x3d, 0x61, 0xff, 0x7a, 0xf, 0xfe, 0x0,

    /* U+6765 "来" */
    0xf, 0xfe, 0xa7, 0x83, 0xff, 0xd9, 0xff, 0x81,
    0xff, 0x83, 0x2f, 0xe0, 0x2f, 0xe0, 0xd5, 0x15,
    0x81, 0x56, 0x54, 0x1e, 0x98, 0x3f, 0x48, 0x7f,
    0x42, 0x83, 0xc8, 0x87, 0xfb, 0x20, 0xf4, 0x41,
    0xff, 0x58, 0x7a, 0x81, 0xe7, 0xfa, 0xf8, 0x1e,
    0xa7, 0xf2, 0x2f, 0xc1, 0xe5, 0xf8, 0x6b, 0xc0,
    0x83, 0x57, 0xc8, 0x79, 0x42, 0xc, 0xd0, 0xff,
    0x98, 0xc3, 0x44, 0x87, 0xf3, 0x18, 0x73, 0x14,
    0xf, 0xa8, 0x61, 0xf3, 0xf, 0x4, 0xe9, 0x87,
    0xf3, 0x81, 0xe6, 0x6, 0x1f, 0xfc, 0xd, 0x4,
    0xd3, 0xf, 0xfe, 0x15, 0xe0, 0x28, 0x3f, 0xf8,
    0xe0,

    /* U+677E "松" */
    0xe, 0x50, 0x7f, 0xf2, 0xa8, 0x1f, 0xde, 0xf,
    0xfe, 0x35, 0xa1, 0xff, 0xc9, 0x44, 0x44, 0x3f,
    0xf9, 0x31, 0x87, 0xff, 0x11, 0x20, 0xc8, 0x7a,
    0xf8, 0x1e, 0x8c, 0x42, 0x88, 0x3b, 0x64, 0x13,
    0x88, 0x72, 0x28, 0x33, 0x21, 0x33, 0x10, 0x74,
    0x48, 0x79, 0xe, 0x44, 0x42, 0x51, 0x21, 0x90,
    0xb6, 0x20, 0x5a, 0x9, 0xf, 0x61, 0xae, 0x44,
    0x8, 0x56, 0x86, 0x42, 0xc9, 0x6, 0x41, 0xfe,
    0x88, 0x24, 0x40, 0x88, 0x7f, 0x28, 0x42, 0x94,
    0x24, 0x7, 0x43, 0xa2, 0xe, 0x81, 0x88, 0x12,
    0xe, 0x58, 0x3f, 0x28, 0x32, 0x21, 0xa8, 0x1f,
    0xa2, 0xd, 0x10, 0x7f, 0xf0, 0x54, 0x12, 0xa8,
    0x4, 0x3f, 0xf8, 0x10, 0x3d, 0x45, 0x2, 0xf,
    0xfe, 0x6, 0x6, 0xfe, 0xf, 0xfe, 0x1f, 0xa4,
    0x3a, 0xc0,

    /* U+679C "果" */
    0xb, 0xff, 0xf8, 0x70, 0x7e, 0xae, 0x5, 0x70,
    0x7f, 0x97, 0x80, 0xbc, 0x1f, 0xfd, 0x45, 0xe0,
    0x2f, 0x7, 0xfa, 0xb8, 0x15, 0xc1, 0xfe, 0xfe,
    0x7, 0xf0, 0x7f, 0xf5, 0x17, 0x80, 0xbc, 0x21,
    0xfa, 0xb8, 0x15, 0xc2, 0x1e, 0xff, 0x81, 0xfe,
    0x82, 0x6b, 0xf8, 0x15, 0xfc, 0x6b, 0xfc, 0x5,
    0xfe, 0x2f, 0xf2, 0x40, 0xc7, 0xfc, 0x1f, 0x4b,
    0x4, 0xb0, 0x7f, 0xd2, 0x41, 0xa2, 0x81, 0xf9,
    0xd3, 0xf, 0x63, 0xa1, 0x9e, 0x1c, 0x3f, 0x69,
    0x70, 0xc0, 0xa0, 0x7f, 0xa8, 0x4, 0x55, 0xa1,
    0xff, 0xc0, 0x7a, 0x2, 0x43, 0xff, 0x88, 0xa0,

    /* U+67E5 "查" */
    0xf, 0xf4, 0x87, 0xff, 0x21, 0x83, 0xff, 0xab,
    0x5f, 0xc0, 0xaf, 0xe0, 0x2f, 0xf0, 0x17, 0xf8,
    0x1f, 0xe0, 0x60, 0x87, 0xfc, 0x1f, 0x42, 0x12,
    0xd0, 0x7f, 0xd2, 0xa0, 0xd2, 0xa0, 0xfe, 0xd5,
    0x7, 0xa5, 0x70, 0x75, 0x8c, 0x1f, 0xa8, 0x3e,
    0x6d, 0x12, 0xb0, 0x2b, 0x72, 0x6, 0x2c, 0x5e,
    0x2, 0xf7, 0x70, 0x34, 0x2f, 0xff, 0x6, 0x43,
    0xe9, 0x7f, 0x41, 0xff, 0xc0, 0x6b, 0xf2, 0x1f,
    0xfc, 0xf, 0xff, 0x7, 0xff, 0x2, 0x5f, 0xd0,
    0x7f, 0xf0, 0x1a, 0xfc, 0x87, 0xfa, 0xff, 0xfe,
    0x4, 0x1f, 0xfc, 0xfa, 0xff, 0xe4, 0x1, 0x7f,
    0xf9, 0x0,

    /* U+6808 "栈" */
    0xf, 0xfe, 0x8f, 0x83, 0xde, 0x41, 0x7, 0xfc,
    0x87, 0xe4, 0x94, 0x1f, 0xfc, 0x98, 0x83, 0xff,
    0x8a, 0x86, 0xf0, 0x7f, 0xf2, 0x9b, 0x82, 0x7e,
    0x1f, 0x41, 0xd7, 0xa5, 0x61, 0x99, 0x4, 0xed,
    0xa2, 0xaf, 0x48, 0x4c, 0x81, 0x53, 0xac, 0x51,
    0xf, 0xf2, 0x1d, 0x76, 0x1c, 0xda, 0x1f, 0x30,
    0x72, 0x6f, 0xa5, 0x7, 0x41, 0x38, 0x4e, 0x31,
    0x7a, 0x43, 0x28, 0x50, 0xdc, 0x17, 0x96, 0xe,
    0xcc, 0x11, 0x8f, 0xa1, 0x5, 0x3, 0x42, 0x82,
    0xea, 0x2, 0x64, 0x41, 0x92, 0xf, 0xfe, 0x3,
    0x2c, 0x1b, 0x83, 0xff, 0x81, 0x9, 0x7, 0x90,
    0xff, 0xe0, 0x60, 0x81, 0x40, 0xff, 0xe1, 0x3a,
    0x88, 0xa, 0xf, 0xf9, 0xb8, 0xa8, 0xe1, 0xf,
    0xfe, 0x2, 0x5a, 0x30, 0x98, 0x7f, 0xcd, 0xa1,
    0x98, 0x50, 0x7b, 0x83, 0x21, 0xf3, 0xc0,

    /* U+6821 "校" */
    0xf, 0xfe, 0x1a, 0x1f, 0xfc, 0x1e, 0xf, 0x9b,
    0xf, 0xfe, 0x4a, 0x4, 0x3f, 0xf9, 0x34, 0x43,
    0xff, 0x86, 0xff, 0x53, 0xfc, 0x12, 0xc2, 0xc3,
    0x5f, 0xf2, 0x6, 0xa0, 0x51, 0x97, 0xfe, 0x80,
    0xf9, 0x1f, 0x4, 0xf0, 0x56, 0x1f, 0x90, 0xfa,
    0xf, 0xb4, 0x3f, 0xf8, 0x38, 0xc1, 0x49, 0x21,
    0xa0, 0x3a, 0x63, 0x7, 0x49, 0x86, 0x40, 0x91,
    0xb0, 0x72, 0x54, 0x12, 0x20, 0x88, 0xbc, 0x1a,
    0xc4, 0x34, 0x40, 0x54, 0x4, 0x40, 0x88, 0x74,
    0x21, 0xa0, 0xa2, 0x4, 0x41, 0xf4, 0x1f, 0xc8,
    0xc2, 0x1e, 0x90, 0xff, 0x44, 0x90, 0x7d, 0x7,
    0xfc, 0x82, 0xf, 0xfe, 0x3c, 0x82, 0x43, 0xff,
    0x88, 0xe9, 0xc5, 0xa1, 0xff, 0x37, 0xe, 0x3a,
    0x5e, 0xf, 0x91, 0x43, 0xc1, 0xad, 0x20, 0xf7,
    0x81, 0xe8, 0x3f, 0x5a, 0x0,

    /* U+6837 "样" */
    0xf, 0xfe, 0x32, 0x1f, 0xde, 0xe, 0xf0, 0x4d,
    0x87, 0xff, 0xd, 0x10, 0x64, 0x1f, 0xfc, 0x38,
    0xc0, 0x88, 0x7f, 0xf1, 0x38, 0x88, 0x3f, 0xf8,
    0x57, 0xf2, 0x5f, 0x25, 0xf0, 0x3c, 0xf5, 0x81,
    0x5c, 0x9d, 0x10, 0x4b, 0xf8, 0x5e, 0x2, 0xc1,
    0x30, 0x7f, 0xf1, 0x90, 0xff, 0xe4, 0xa1, 0x48,
    0x3f, 0x27, 0xf0, 0x68, 0x26, 0x2, 0xe0, 0x2e,
    0x83, 0x90, 0x44, 0x56, 0x4a, 0xc8, 0x59, 0x1,
    0x10, 0xff, 0xe1, 0x22, 0x1b, 0xc1, 0xff, 0xc2,
    0x88, 0x39, 0xae, 0x4a, 0xf0, 0xc1, 0xf2, 0xf0,
    0x17, 0xc4, 0x87, 0x9f, 0xe4, 0xff, 0x7, 0xff,
    0xfc, 0x3f, 0xf8, 0xa0,

    /* U+683C "格" */
    0xf, 0xfe, 0x8f, 0x83, 0xdc, 0x1f, 0xfc, 0x94,
    0x3f, 0xf9, 0x71, 0xaf, 0x83, 0xff, 0x84, 0x82,
    0xbd, 0x87, 0x2c, 0x5, 0x2, 0x1f, 0xc9, 0x86,
    0x6a, 0x5, 0x18, 0x8, 0x64, 0x43, 0x3e, 0x41,
    0xe1, 0x59, 0x2, 0x20, 0xfc, 0x86, 0x54, 0x4c,
    0xb8, 0x3f, 0xe8, 0x10, 0x16, 0x88, 0x3f, 0x21,
    0x38, 0x72, 0x12, 0x1f, 0xa0, 0x91, 0x5, 0x94,
    0x2e, 0xe, 0x48, 0x12, 0x79, 0x5a, 0xb8, 0x78,
    0x28, 0x42, 0xa0, 0xd0, 0x33, 0xa4, 0x4, 0x83,
    0xbc, 0xdf, 0xf3, 0x85, 0x8, 0x7f, 0x5f, 0xa0,
    0xf7, 0x7, 0xf9, 0xc, 0x87, 0xc8, 0x7f, 0xfb,
    0xbf, 0xc1, 0xff, 0xc6, 0xaf, 0x7, 0xff, 0x19,
    0x7c, 0x1f, 0xef, 0x6, 0xf0, 0x7b, 0xc1, 0x0,

    /* U+6863 "档" */
    0xf, 0xfe, 0x1a, 0x1f, 0xf5, 0x87, 0xea, 0x7,
    0xff, 0x15, 0x41, 0xfa, 0xf, 0xf9, 0xa0, 0x7d,
    0x38, 0x7f, 0x90, 0xfe, 0x48, 0x3f, 0xe8, 0x83,
    0x90, 0x20, 0xf9, 0x3d, 0x9, 0x87, 0x44, 0x15,
    0x40, 0xa8, 0x1a, 0x1d, 0xe4, 0x25, 0x4, 0xa0,
    0xff, 0xe3, 0x61, 0xd7, 0xe4, 0xfe, 0x83, 0x20,
    0xb3, 0x6b, 0xf2, 0x1c, 0x87, 0x4c, 0xbf, 0xa0,
    0xe8, 0x48, 0x43, 0xff, 0x87, 0x10, 0x5a, 0x35,
    0xfc, 0x19, 0x10, 0xd0, 0x17, 0xf8, 0x33, 0x7,
    0xcf, 0xff, 0x6, 0x90, 0xff, 0xf4, 0x35, 0xfe,
    0xf, 0xfe, 0x6, 0xbf, 0xe0, 0xf9, 0xd, 0x7f,
    0xf8, 0x3f, 0xf9, 0xc0,

    /* U+68C0 "检" */
    0xe, 0x43, 0xff, 0x97, 0x40, 0xfb, 0xc8, 0x7f,
    0xf2, 0xf0, 0xff, 0xe4, 0x42, 0x83, 0xff, 0x90,
    0x91, 0x87, 0xea, 0x86, 0xa0, 0x66, 0x66, 0x1f,
    0x2c, 0x5, 0x2, 0x10, 0xa3, 0x43, 0xbd, 0xf,
    0xa5, 0x10, 0x4a, 0x28, 0x1e, 0xc3, 0x50, 0x1f,
    0xc4, 0x38, 0x72, 0x12, 0x89, 0x7d, 0xba, 0x83,
    0x21, 0x9a, 0x35, 0xe4, 0x14, 0xd, 0x1, 0xe5,
    0x5, 0x40, 0xa8, 0x86, 0x44, 0x44, 0xb0, 0x28,
    0x25, 0x7, 0x44, 0x8, 0x40, 0x88, 0x86, 0x42,
    0x88, 0x27, 0x62, 0x23, 0x12, 0xf, 0x21, 0xff,
    0xc0, 0x48, 0x43, 0x58, 0x7e, 0x88, 0x60, 0x21,
    0xff, 0xc3, 0x42, 0x98, 0xc3, 0xff, 0x89, 0xc1,
    0x22, 0x1f, 0xfc, 0x1a, 0xfc, 0xa, 0xc1, 0xfc,
    0xbf, 0xc0, 0x5c, 0x1f, 0xcf, 0xff, 0xf0, 0x80,

    /* U+6A2A "横" */
    0xc, 0x87, 0xc8, 0x4a, 0xf, 0xeb, 0xf, 0x50,
    0x1c, 0x1f, 0xe4, 0x3f, 0xf9, 0xdf, 0xf, 0x93,
    0xe4, 0x3f, 0xd5, 0xd, 0x12, 0xa4, 0xb, 0xb,
    0xb, 0x1, 0x40, 0x58, 0x2e, 0x80, 0xa0, 0x7f,
    0xf1, 0x2e, 0x1f, 0x5f, 0xf, 0x93, 0xf4, 0x1f,
    0xab, 0xc0, 0xaf, 0x61, 0x61, 0xcb, 0xc2, 0xfe,
    0x9, 0x2, 0xb, 0xf0, 0xfe, 0x83, 0x20, 0x68,
    0x15, 0x40, 0xa8, 0x3d, 0x1, 0x70, 0x16, 0x17,
    0x7, 0x44, 0x9, 0x40, 0xf8, 0x7e, 0xe, 0x44,
    0x28, 0x2a, 0x86, 0xa0, 0xf2, 0x1f, 0x96, 0x2,
    0xc1, 0xdc, 0x1f, 0x96, 0x17, 0x7, 0xff, 0xe,
    0xa0, 0x54, 0x1f, 0xfc, 0x1b, 0x9f, 0xc5, 0xc1,
    0xff, 0xc0, 0xa2, 0x80, 0x96, 0x87, 0xfa, 0xd5,
    0xa0, 0x78, 0xb0, 0xf2, 0x13, 0xc1, 0xe7, 0x60,
    0xef, 0x2, 0x81, 0xfe, 0x90,

    /* U+6B21 "次" */
    0xf, 0xfe, 0xbd, 0xa1, 0xff, 0xc1, 0x43, 0xe4,
    0x3f, 0xf8, 0x5c, 0x87, 0xe4, 0x3f, 0xf8, 0x11,
    0x7, 0x44, 0x1f, 0xfc, 0x15, 0x18, 0x64, 0xbf,
    0xf2, 0x1d, 0x2, 0x2, 0x5, 0xf8, 0x8, 0x7b,
    0x10, 0x47, 0x5f, 0x7, 0xfa, 0xc4, 0x40, 0xa0,
    0x91, 0xf, 0xc8, 0x22, 0x7, 0x20, 0x88, 0x3f,
    0xe6, 0xe, 0x40, 0xa0, 0xff, 0xe0, 0x48, 0x48,
    0x6a, 0x7, 0xf5, 0xa1, 0xf2, 0x1f, 0xfc, 0x14,
    0x43, 0xec, 0x3f, 0xf8, 0x10, 0x87, 0x20, 0x43,
    0xff, 0x80, 0x90, 0x74, 0x42, 0x1f, 0xec, 0x83,
    0x91, 0x44, 0x1f, 0xc8, 0xa0, 0xcc, 0x46, 0x61,
    0xfa, 0x20, 0xcc, 0x41, 0x46, 0x87, 0x62, 0x1a,
    0x84, 0x84, 0xa2, 0x81, 0xb6, 0x3, 0xa6, 0x87,
    0x50, 0x78, 0x28, 0x28, 0x70, 0xfc, 0xe0, 0xc3,
    0xee, 0x81, 0xff, 0x72, 0x0,

    /* U+6B62 "止" */
    0xf, 0xfb, 0xc1, 0xff, 0xff, 0xf, 0xfe, 0x77,
    0x83, 0xff, 0xcf, 0xff, 0x7, 0xff, 0xd, 0x7e,
    0xf, 0xfe, 0x1d, 0x7c, 0x1f, 0xff, 0xf0, 0xff,
    0xff, 0x87, 0xff, 0x43, 0xf0, 0x3f, 0x81, 0xff,
    0xc8, 0x4b, 0xff, 0xc3, 0x2,

    /* U+6B63 "正" */
    0xf, 0xfe, 0x5f, 0xff, 0xf1, 0x82, 0x5f, 0xc0,
    0x5f, 0xc1, 0x57, 0xe4, 0xaf, 0xc1, 0xff, 0xe3,
    0xf0, 0x7f, 0xf9, 0x2b, 0xe4, 0x3f, 0xf8, 0x2b,
    0xf6, 0x1f, 0xfc, 0x1f, 0xfa, 0xf, 0xff, 0xf8,
    0x7f, 0xfa, 0x1e, 0x80, 0xac, 0x9d, 0x77, 0xac,
    0x50, 0x17, 0x4, 0xbc, 0x6, 0xff, 0xfe, 0x40,

    /* U+6B64 "此" */
    0xf, 0x30, 0x75, 0x3, 0xff, 0x83, 0xa1, 0xca,
    0xf, 0xff, 0xfc, 0x87, 0xff, 0xe, 0xc2, 0x70,
    0xff, 0xe1, 0x68, 0x87, 0xea, 0x90, 0xce, 0xd,
    0xf, 0xcb, 0x61, 0x71, 0x61, 0xfe, 0xfa, 0xc,
    0xe8, 0x7f, 0xf1, 0xb8, 0x3f, 0xff, 0xe1, 0xff,
    0xe6, 0x50, 0x7e, 0x43, 0xe4, 0xf4, 0x1f, 0x9b,
    0x11, 0xf0, 0x4c, 0x87, 0xd0, 0xa8, 0x26, 0xf4,
    0x86, 0xfc, 0x9, 0x1f, 0x48, 0x7b, 0xf, 0x40,
    0xe0, 0xff, 0xbf, 0xc8,

    /* U+6B65 "步" */
    0xf, 0xfe, 0xaf, 0x83, 0xff, 0x92, 0x87, 0xff,
    0xa, 0x81, 0xff, 0xc9, 0x43, 0x9f, 0xf4, 0x1f,
    0xfc, 0x35, 0xf6, 0x1f, 0xfc, 0x26, 0xbc, 0x87,
    0xff, 0x89, 0xfc, 0x9f, 0x87, 0xff, 0x42, 0xff,
    0xf2, 0x36, 0xbf, 0xc9, 0x5f, 0x90, 0xf5, 0x3,
    0x21, 0xff, 0xc2, 0x58, 0x32, 0x1d, 0x68, 0x73,
    0x18, 0x7f, 0x28, 0x3c, 0xc6, 0x1f, 0xcc, 0x48,
    0x4c, 0x61, 0xfc, 0xc4, 0x86, 0x8c, 0x3f, 0xa8,
    0x68, 0x75, 0x87, 0xe7, 0x4c, 0x3e, 0x43, 0xcc,
    0x15, 0x87, 0xcb, 0xa9, 0xe9, 0x2d, 0xf, 0xd5,
    0x94, 0x37, 0x90, 0xff, 0x6d, 0x3e, 0x90, 0xff,
    0xe0, 0x0,

    /* U+6BB5 "段" */
    0xf, 0xfe, 0x93, 0x84, 0xd7, 0x83, 0xea, 0x7a,
    0x20, 0x6b, 0xe0, 0xf9, 0x6b, 0xd0, 0x6f, 0x90,
    0xff, 0x48, 0x7f, 0xf8, 0x2b, 0x20, 0x43, 0xff,
    0x86, 0xb8, 0x8, 0x87, 0x7c, 0x1e, 0xfc, 0x91,
    0x5, 0x87, 0xff, 0x12, 0x81, 0x9f, 0xc1, 0xff,
    0xc1, 0x43, 0xff, 0x87, 0x4f, 0x25, 0xff, 0x90,
    0xf9, 0x41, 0xa0, 0x7e, 0x2, 0x1f, 0x7e, 0x45,
    0x7, 0xff, 0x2a, 0x20, 0x24, 0x1f, 0xf3, 0x6,
    0x41, 0x8, 0x65, 0x3, 0xe9, 0xa, 0x28, 0x41,
    0xd4, 0x2, 0xaf, 0x4, 0x8a, 0x10, 0xea, 0x2,
    0x88, 0x79, 0x2, 0x1e, 0x50, 0x7f, 0x5a, 0x87,
    0x90, 0xff, 0xaf, 0x2b, 0xb8, 0x6e, 0xf, 0xf9,
    0xe0, 0x9e, 0x48, 0x2f, 0x6, 0xb8, 0x3e, 0x6c,

    /* U+6C14 "气" */
    0xe, 0x50, 0x7f, 0xf2, 0x68, 0x87, 0xff, 0x1e,
    0x14, 0x1f, 0xfc, 0x74, 0x7f, 0xff, 0x82, 0x1e,
    0x86, 0xbf, 0xf8, 0xc, 0x1c, 0xa2, 0x5f, 0xfe,
    0x4, 0x87, 0x44, 0xd7, 0xff, 0x0, 0x3d, 0x8a,
    0x97, 0xff, 0x80, 0x1e, 0x48, 0xff, 0xfe, 0x8,
    0x7a, 0xc3, 0xff, 0x95, 0x5f, 0xfc, 0x34, 0x3e,
    0x5f, 0xfe, 0x1e, 0x1f, 0x7f, 0xff, 0x6, 0xf,
    0xfe, 0x66, 0x1f, 0xfe, 0x1c, 0x3f, 0xfb, 0xe8,
    0x83, 0xf, 0xfe, 0x5e, 0x1f, 0xfc, 0x54, 0xa1,
    0x7, 0xff, 0x16, 0x14, 0x21, 0xff, 0xc6, 0x81,
    0x7, 0xff, 0x1d, 0xf2, 0x0,

    /* U+6C38 "永" */
    0xf, 0xe9, 0xf, 0xfe, 0x44, 0xda, 0x1f, 0xfc,
    0x6a, 0x2, 0xd0, 0xff, 0xe2, 0xbc, 0xc, 0x3f,
    0xf8, 0xee, 0xc1, 0xff, 0xc0, 0x7f, 0xf4, 0x1f,
    0xfc, 0x25, 0xf0, 0x7f, 0xf1, 0x1a, 0xf0, 0x7e,
    0x43, 0xff, 0x93, 0xc8, 0x7f, 0xf0, 0xd0, 0xa0,
    0x61, 0x7f, 0xe4, 0x28, 0x1a, 0x70, 0x55, 0xe0,
    0x21, 0xac, 0x70, 0xe5, 0xf0, 0x7c, 0x94, 0xf,
    0xf9, 0x10, 0xd8, 0x10, 0xff, 0xe0, 0x46, 0x1c,
    0x90, 0x7f, 0xc8, 0x10, 0xe8, 0x60, 0xfe, 0x63,
    0xf, 0xb1, 0x83, 0xe6, 0x10, 0xfe, 0xc7, 0xe,
    0xa0, 0xc1, 0xfe, 0xc1, 0xc0, 0xd1, 0x83, 0xff,
    0x81, 0x87, 0x45, 0x2, 0xf8, 0x43, 0xdd, 0x0,
    0xe8, 0x64, 0xc, 0x1f, 0x21, 0xfe, 0xbd, 0x7,
    0xfc,

    /* U+6C42 "求" */
    0xf, 0xfe, 0xa7, 0x82, 0xb0, 0xff, 0xe5, 0x61,
    0xff, 0xc7, 0xa1, 0x87, 0xff, 0x1d, 0xb0, 0xdf,
    0xfc, 0xf, 0xeb, 0xe4, 0x5f, 0xe0, 0x2f, 0xf0,
    0x2b, 0xf8, 0x15, 0xfc, 0x85, 0x21, 0xf2, 0x1d,
    0x7, 0x2a, 0x81, 0xec, 0x36, 0xc1, 0x98, 0x60,
    0xe4, 0x28, 0x10, 0x73, 0x8a, 0xe, 0x89, 0x58,
    0x7e, 0xe4, 0xc1, 0x3a, 0xa0, 0xff, 0x2b, 0x9,
    0x3, 0x7, 0xfd, 0x43, 0xa, 0xf, 0xfe, 0xe,
    0xac, 0x32, 0xd0, 0x7e, 0x72, 0x81, 0xe8, 0x60,
    0xf5, 0xd, 0xf, 0xd8, 0xe8, 0x1d, 0x30, 0xff,
    0xb0, 0x5a, 0xec, 0x39, 0xf, 0xb4, 0x9, 0x40,
    0xcf, 0x8, 0x7a, 0xf0, 0x7e, 0x41, 0x40, 0xff,
    0x0,

    /* U+6CD5 "法" */
    0xf, 0xfe, 0xa, 0x83, 0xff, 0x91, 0x40, 0xfe,
    0xf2, 0x1f, 0xfc, 0x74, 0xa0, 0x7f, 0xf1, 0xa8,
    0x30, 0x7f, 0xf1, 0x9c, 0x9f, 0xe0, 0x7f, 0x41,
    0xec, 0x5f, 0x1, 0x7b, 0x4, 0x87, 0x57, 0x2,
    0xb9, 0x15, 0x40, 0xff, 0xe3, 0x30, 0xe8, 0x7f,
    0xf1, 0x5c, 0xa, 0xaf, 0x2, 0xbc, 0x85, 0xe3,
    0x5f, 0x1, 0x7d, 0x87, 0xaf, 0xe0, 0x7f, 0xd0,
    0x7f, 0xc8, 0x87, 0xff, 0x7, 0x43, 0x44, 0x1f,
    0xfc, 0xc, 0x39, 0x10, 0xa8, 0x1f, 0x22, 0x82,
    0x88, 0x25, 0x83, 0xd1, 0x5, 0x10, 0x68, 0x83,
    0xa2, 0x9, 0x42, 0x19, 0x46, 0x12, 0x84, 0xc,
    0x42, 0xe8, 0x24, 0x62, 0xa, 0x5, 0xd6, 0x58,
    0x83, 0x21, 0x4a, 0xa7, 0xfa, 0x45, 0x78, 0x33,
    0x45, 0x7, 0xd6, 0x80,

    /* U+6CE3 "泣" */
    0xf, 0xfe, 0xc, 0x1f, 0xf2, 0x1f, 0xd3, 0x7,
    0xfa, 0xd0, 0xfa, 0x14, 0x1f, 0xd1, 0x40, 0xfa,
    0x30, 0xfe, 0x60, 0xfe, 0x68, 0x1f, 0xe7, 0x87,
    0xfd, 0x7f, 0x83, 0xfe, 0x5f, 0xf8, 0x32, 0x1c,
    0xf5, 0xff, 0x60, 0xa8, 0x3f, 0xf8, 0x52, 0x1a,
    0x1d, 0xd, 0xe0, 0xf3, 0x7, 0x69, 0x87, 0xfc,
    0x88, 0x7a, 0xa0, 0xc8, 0x86, 0xcc, 0x3e, 0x43,
    0xb3, 0xf, 0x21, 0xff, 0xc1, 0x44, 0x32, 0x1f,
    0xe7, 0x43, 0xfc, 0x87, 0xf4, 0x21, 0xc8, 0x13,
    0xf, 0xd0, 0x86, 0x4c, 0x18, 0x87, 0xe4, 0x83,
    0x6e, 0x4, 0x3f, 0xb2, 0xe, 0x64, 0x24, 0x3e,
    0x80, 0x9f, 0x57, 0x63, 0x57, 0x85, 0x10, 0x72,
    0xf0, 0x4b, 0x7, 0x90, 0x7f, 0xff, 0x10, 0x7c,
    0x1f, 0xfc, 0x80,

    /* U+6CE8 "注" */
    0xf, 0xfe, 0x2, 0x1f, 0xf2, 0x1f, 0xaa, 0xf,
    0xf5, 0xa1, 0xe8, 0x60, 0xfe, 0x8a, 0x7, 0xb1,
    0xf, 0xe7, 0x10, 0xfa, 0x81, 0xff, 0x78, 0xbf,
    0xa9, 0xfd, 0x7, 0xed, 0x78, 0xb, 0xd8, 0x7e,
    0x6b, 0x81, 0x5c, 0x83, 0xc8, 0x7f, 0xf1, 0xe2,
    0xc3, 0xff, 0x8c, 0xe1, 0xff, 0xca, 0xf0, 0x55,
    0xc0, 0xae, 0xf, 0xf2, 0xf0, 0x17, 0xc1, 0xca,
    0x7, 0xf0, 0x3f, 0x90, 0xee, 0xf, 0xfe, 0x42,
    0x1f, 0xfc, 0x88, 0x83, 0xff, 0x8e, 0x88, 0x7f,
    0xf1, 0xb2, 0xf, 0xfe, 0x32, 0x4, 0x3f, 0xf8,
    0xd1, 0x1, 0xaf, 0x2, 0xbb, 0x90, 0x20, 0xd7,
    0xc0, 0x5e, 0x15, 0xc1, 0x5f, 0xff, 0xc3,

    /* U+6D3B "活" */
    0xf, 0xfe, 0x63, 0x7, 0xff, 0x5, 0x90, 0xd3,
    0x87, 0x2a, 0x9f, 0x4c, 0x1b, 0x4d, 0x3d, 0x45,
    0xd, 0x3c, 0x1d, 0x40, 0x9a, 0x78, 0x12, 0x83,
    0xf3, 0xa4, 0xa0, 0xff, 0xeb, 0x70, 0x4c, 0xbc,
    0x5, 0xe9, 0x43, 0xa0, 0x6b, 0x81, 0x5c, 0xee,
    0x94, 0x7f, 0xc0, 0xff, 0x40, 0xa1, 0x87, 0xff,
    0x1d, 0xd0, 0xff, 0xe4, 0xa1, 0xff, 0xc8, 0x64,
    0xbf, 0x3, 0xf8, 0x3d, 0x8, 0x4b, 0xf8, 0x3e,
    0x44, 0x35, 0x7e, 0xf, 0xa2, 0xf, 0xfe, 0x32,
    0x21, 0xff, 0xc7, 0x88, 0x3f, 0xf8, 0xd0, 0x87,
    0xbf, 0xf0, 0x65, 0x10, 0x7a, 0xbf, 0x6, 0x64,
    0x3e, 0x5f, 0xc1, 0xcc, 0x1d, 0x61, 0xfb, 0xc0,

    /* U+6D4B "测" */
    0xf, 0xfe, 0x6a, 0x83, 0xff, 0x89, 0xe0, 0xa9,
    0x82, 0xbf, 0x7, 0xfb, 0x4c, 0x5f, 0xc1, 0xff,
    0x4c, 0x17, 0xe4, 0x2e, 0xf, 0xd2, 0x1f, 0xfc,
    0xff, 0x7, 0xff, 0x1, 0xc3, 0xe4, 0x3f, 0xf8,
    0x7a, 0x1f, 0xfc, 0x76, 0x24, 0x3f, 0xf8, 0xec,
    0xa0, 0xff, 0xe4, 0x30, 0x72, 0x1f, 0xfd, 0xbb,
    0xf, 0xfe, 0x4a, 0x1e, 0x43, 0xff, 0x85, 0x11,
    0xe8, 0xcb, 0xf, 0xf9, 0x10, 0x91, 0x83, 0xff,
    0x81, 0x10, 0x48, 0x15, 0x85, 0xc1, 0xe4, 0x42,
    0x89, 0x46, 0x1f, 0xd8, 0x85, 0xa, 0x20, 0x41,
    0xf9, 0x20, 0x28, 0x82, 0x84, 0x16, 0x1a, 0xc3,
    0xa0, 0xcd, 0x83, 0x4, 0x1f, 0x3a, 0x1c, 0x84,
    0xf9, 0x0,

    /* U+6D4F "浏" */
    0xf, 0xe6, 0xf, 0xe6, 0xa, 0xd0, 0xda, 0x83,
    0xf6, 0x87, 0x48, 0x59, 0x87, 0xff, 0x6, 0x84,
    0x12, 0x21, 0xac, 0x3f, 0x36, 0x1b, 0xc1, 0x90,
    0xff, 0x27, 0xff, 0x7, 0xff, 0x56, 0xb, 0xfa,
    0x3c, 0x1f, 0xd3, 0xa1, 0xff, 0xc7, 0x92, 0x7,
    0x81, 0x87, 0xff, 0x6, 0xa0, 0xd0, 0x7f, 0xf1,
    0x14, 0xc, 0x65, 0x7, 0xff, 0x1b, 0x10, 0xff,
    0xe1, 0xba, 0x14, 0xc, 0x3f, 0xf8, 0x38, 0x72,
    0x8, 0x3f, 0xf8, 0x28, 0x85, 0x5, 0x7, 0xfc,
    0x88, 0x4a, 0x31, 0x41, 0xfe, 0xc8, 0x28, 0x88,
    0x8f, 0x7, 0xc8, 0x6c, 0x50, 0x90, 0x7f, 0x42,
    0x38, 0x20, 0xb4, 0x3f, 0x93, 0x18, 0xc3, 0xfb,
    0xc8, 0x5c, 0x81, 0xc3, 0xff, 0x82, 0x84, 0x87,
    0xff, 0xf, 0xb8,

    /* U+6D88 "消" */
    0xf, 0xfe, 0x15, 0x3, 0xfe, 0x83, 0x90, 0xcb,
    0x6, 0x43, 0x4e, 0x82, 0xa0, 0xfe, 0xa6, 0x14,
    0x92, 0x42, 0x83, 0xe5, 0x18, 0x69, 0x30, 0x44,
    0x1f, 0x44, 0x1e, 0xa8, 0x8, 0x87, 0x91, 0x41,
    0xf2, 0x1b, 0x83, 0xcf, 0x7, 0x21, 0xea, 0xe0,
    0x75, 0xc1, 0x76, 0x86, 0x5e, 0x2, 0xf8, 0x2d,
    0x2c, 0x3b, 0xff, 0x83, 0xd4, 0x20, 0xff, 0xe4,
    0xba, 0x1d, 0x5f, 0xc1, 0xff, 0xc3, 0x5f, 0xe0,
    0xfd, 0x21, 0xdf, 0xfc, 0x1f, 0x99, 0xf, 0xfe,
    0x5a, 0x1f, 0xfc, 0x84, 0x43, 0xbf, 0xf8, 0x3e,
    0x88, 0x39, 0x7f, 0x83, 0xc8, 0x7e, 0xaf, 0xe0,
    0xf4, 0x21, 0xff, 0xc8, 0x81, 0x7, 0xff, 0x7,
    0xc1, 0xd4, 0x43, 0xff, 0x84, 0x8e, 0x19, 0x83,
    0xbc, 0x1f, 0x5c, 0x10,

    /* U+6DB5 "涵" */
    0xf, 0xfe, 0x5e, 0x85, 0x5f, 0xfc, 0x10, 0x25,
    0x0, 0xbf, 0xfc, 0x21, 0xd5, 0x9f, 0xfa, 0xa,
    0x42, 0x9c, 0x3e, 0xb8, 0xb4, 0x3a, 0xf, 0xc9,
    0x68, 0x64, 0x33, 0x7, 0x94, 0x22, 0xd6, 0x16,
    0x96, 0x1d, 0x46, 0x8a, 0x34, 0x3d, 0x6, 0x58,
    0x29, 0x30, 0xd0, 0x81, 0x88, 0x3a, 0xa0, 0xea,
    0x20, 0x60, 0xf9, 0xf, 0x3c, 0x16, 0x1f, 0xfc,
    0x2d, 0x2, 0xe0, 0xfa, 0x9, 0xc7, 0x4, 0x48,
    0x72, 0xa0, 0x23, 0x6, 0xc4, 0x3a, 0x20, 0xb8,
    0x3d, 0x87, 0x22, 0x1e, 0xb0, 0xff, 0x44, 0x1e,
    0x41, 0x7, 0xc8, 0x87, 0xd4, 0xc3, 0xf4, 0x41,
    0xaa, 0xf5, 0x78, 0x10, 0x87, 0x2f, 0xfc, 0xa,
    0x82, 0xbf, 0xff, 0x80, 0x0,

    /* U+6DFB "添" */
    0xf, 0xfe, 0x7c, 0x19, 0xff, 0xfa, 0xe, 0x9c,
    0x33, 0x44, 0x15, 0xd8, 0x75, 0xd, 0x19, 0x58,
    0xbf, 0x7, 0x98, 0x43, 0xec, 0x3f, 0xf8, 0x2e,
    0x5d, 0x62, 0xbe, 0xc3, 0xf9, 0x16, 0x9, 0x7c,
    0x20, 0x50, 0x6f, 0xd0, 0xf1, 0xfc, 0x82, 0x9a,
    0x1e, 0x88, 0x4c, 0x3e, 0xd2, 0x81, 0xb2, 0xa,
    0x30, 0xfa, 0x86, 0x16, 0x2c, 0x5, 0x1c, 0x1e,
    0x74, 0x71, 0x99, 0x5, 0x7, 0x83, 0xee, 0x18,
    0x3e, 0x74, 0x83, 0xec, 0xa0, 0x7f, 0x53, 0xf,
    0x78, 0xdf, 0x6, 0xb2, 0x50, 0x7f, 0xf0, 0x50,
    0xf3, 0x10, 0x7a, 0x20, 0x44, 0x1b, 0x31, 0x10,
    0xe4, 0x40, 0x87, 0x91, 0x33, 0xd, 0x90, 0x22,
    0xf, 0xe4, 0x42, 0x80, 0x81, 0x10, 0xf4, 0x42,
    0x82, 0x4c, 0x2f, 0xd, 0x2, 0x68, 0x50, 0x2e,
    0xf, 0x94, 0x4, 0x8, 0x7e, 0x43, 0xf5, 0x30,
    0xff, 0x0,

    /* U+6E05 "清" */
    0xf, 0xfe, 0xd, 0x3, 0xf9, 0xf, 0xf2, 0x83,
    0xfa, 0xd0, 0x2f, 0x40, 0x5d, 0x21, 0x45, 0xa,
    0xe4, 0x15, 0x9c, 0x27, 0x13, 0xfc, 0xf, 0xe8,
    0x3b, 0xc0, 0x97, 0x1, 0x74, 0x1f, 0xe6, 0xb0,
    0x2b, 0x28, 0x10, 0x7b, 0xf8, 0x1f, 0xc8, 0xae,
    0x3, 0x2f, 0x1, 0x7a, 0x54, 0x39, 0xb5, 0xc0,
    0xae, 0x71, 0xc4, 0xbf, 0xff, 0x85, 0x5, 0xc1,
    0x2f, 0xff, 0x0, 0x3f, 0xd5, 0xff, 0xc0, 0xf,
    0xfe, 0x7, 0xfe, 0xf, 0xd6, 0x19, 0x7f, 0x7,
    0xe5, 0x6, 0xaf, 0xc1, 0xf6, 0x41, 0xbf, 0xf0,
    0x79, 0x10, 0xef, 0xfc, 0x1e, 0x88, 0x3a, 0xbf,
    0x7, 0x44, 0x1e, 0x5f, 0xc1, 0xc8, 0x87, 0xff,
    0x2, 0xc4, 0x2e, 0xf, 0xfe, 0xc, 0x30, 0x64,
    0x3b, 0xc1, 0xf7, 0x4,

    /* U+6E90 "源" */
    0xf, 0xfe, 0x63, 0xa1, 0x57, 0xff, 0xc, 0x35,
    0x0, 0xbf, 0xfc, 0x20, 0x9c, 0x60, 0xbf, 0xaf,
    0xf4, 0x1b, 0x60, 0xf9, 0x90, 0xff, 0xa0, 0xf2,
    0xa0, 0x2e, 0xd, 0x7, 0xf5, 0x1, 0x5c, 0x14,
    0xe8, 0x7e, 0x7f, 0x90, 0xd4, 0x2c, 0x3f, 0xf8,
    0xee, 0xa0, 0xf9, 0xfe, 0x43, 0xea, 0x7, 0xe5,
    0xe0, 0xff, 0xe2, 0xb5, 0xc8, 0x7c, 0x86, 0x42,
    0x6b, 0x90, 0xfa, 0x82, 0x1e, 0x5e, 0xf, 0x90,
    0xfd, 0xf2, 0x7e, 0xe, 0xcc, 0xcc, 0x3f, 0xf8,
    0x88, 0x88, 0x83, 0xf, 0x68, 0x64, 0x43, 0xd9,
    0x7, 0xa4, 0x28, 0xc8, 0x88, 0x60, 0xe8, 0x91,
    0x2, 0xc2, 0xc4, 0x1e, 0x62, 0x31, 0x21, 0x23,
    0x2, 0x83, 0x2a, 0x29, 0x89, 0x1c, 0x14, 0x21,
    0xa4, 0xa, 0x2c, 0x24, 0x26, 0x81, 0xf0,

    /* U+7075 "灵" */
    0xf, 0xfe, 0x6b, 0xff, 0xfc, 0x40, 0xf9, 0x7f,
    0xf8, 0x42, 0x1e, 0x6b, 0xff, 0x84, 0x1f, 0xfd,
    0x4b, 0xff, 0xf8, 0x21, 0xfd, 0xb5, 0xff, 0xc0,
    0xf, 0xe6, 0x5f, 0xfe, 0x0, 0x7e, 0x6b, 0xff,
    0x84, 0x21, 0xf2, 0xff, 0xf0, 0x84, 0x3c, 0xff,
    0xff, 0xe, 0xf, 0xfe, 0x17, 0x83, 0xff, 0x87,
    0xe0, 0x90, 0xf3, 0xc1, 0xf4, 0x41, 0xfe, 0x8c,
    0x3e, 0x44, 0x2c, 0x3e, 0x50, 0x7a, 0x10, 0xc8,
    0x20, 0x44, 0x1f, 0x5c, 0x14, 0x12, 0x8a, 0x7,
    0xff, 0x5, 0x47, 0x8a, 0x8, 0x7f, 0xf0, 0x28,
    0x40, 0x87, 0x43, 0xf9, 0xb4, 0xd0, 0x38, 0x2e,
    0x50, 0x2f, 0x48, 0xe1, 0xee, 0x3, 0x51, 0x1,
    0xb8, 0x3f, 0x3c, 0x82, 0x5, 0xc8, 0x7f, 0xf0,
    0x1b, 0xc0,

    /* U+70B9 "点" */
    0xf, 0xea, 0x7, 0xff, 0x21, 0x41, 0xff, 0xe0,
    0xaf, 0xe0, 0xff, 0xe0, 0xaf, 0xf0, 0x7f, 0xf0,
    0x7f, 0xf8, 0x3f, 0xfc, 0xbf, 0xe0, 0x7f, 0xc1,
    0xfc, 0xbf, 0xf0, 0x7f, 0xdd, 0x7f, 0x83, 0xf9,
    0xf, 0xff, 0xaa, 0x5f, 0xfe, 0xf, 0xe9, 0x7f,
    0xf8, 0x41, 0xe5, 0x57, 0xff, 0x8, 0x3d, 0x61,
    0x41, 0xb4, 0x27, 0xc, 0x86, 0x94, 0x1a, 0xb,
    0x20, 0xa2, 0x4, 0x41, 0x22, 0x8, 0x50, 0x81,
    0xe, 0x41, 0x10, 0x51, 0x19, 0x6, 0x44, 0x25,
    0x4, 0x85, 0x68, 0x6b, 0xd, 0x40, 0xde, 0x0,

    /* U+70ED "热" */
    0xc, 0xa0, 0xff, 0xe4, 0xf0, 0x7a, 0xd0, 0xff,
    0xf0, 0xa1, 0xfd, 0x2c, 0x2c, 0x51, 0x2a, 0xc3,
    0xcd, 0x1, 0x4c, 0x50, 0x11, 0xf, 0xbe, 0x4f,
    0x47, 0x93, 0x90, 0xff, 0xeb, 0xb4, 0x35, 0x7,
    0xfc, 0xda, 0x4e, 0x90, 0x87, 0xf3, 0x21, 0x79,
    0x58, 0x10, 0xfe, 0x6f, 0x21, 0xe4, 0x1b, 0x84,
    0x84, 0x87, 0xe5, 0xb2, 0x2, 0x58, 0x7f, 0xd1,
    0x1a, 0x89, 0x10, 0xad, 0xd, 0x90, 0x51, 0x11,
    0x7, 0x38, 0x31, 0x41, 0xcc, 0xc1, 0xae, 0xb,
    0xa0, 0x7d, 0xc8, 0x6a, 0x4, 0x88, 0x28, 0x14,
    0xa0, 0xe5, 0x1, 0xa0, 0x4a, 0xa, 0x20, 0xd1,
    0x1, 0x10, 0xa2, 0x9, 0x20, 0x91, 0xa, 0x10,
    0x22, 0x14, 0x20, 0x88, 0x32, 0x1c, 0xc1, 0xa4,
    0x16, 0x87, 0x68, 0x52, 0x19, 0x80,

    /* U+7231 "爱" */
    0xf, 0xfe, 0xba, 0xa9, 0xe8, 0x37, 0xff, 0xd4,
    0x50, 0x7c, 0x84, 0xb8, 0xa7, 0xe7, 0x83, 0x58,
    0xd4, 0x12, 0x14, 0xc1, 0xf2, 0xa0, 0x44, 0x19,
    0x20, 0xfa, 0xe, 0x83, 0x46, 0x1d, 0xf8, 0x7e,
    0x8f, 0x93, 0xf0, 0x6a, 0xe5, 0x57, 0xf0, 0x79,
    0x7b, 0x45, 0xfc, 0x19, 0x41, 0xd8, 0x87, 0xe9,
    0x5, 0x3f, 0x93, 0xff, 0x88, 0x33, 0x50, 0x1a,
    0xfc, 0xa0, 0xe9, 0x40, 0x65, 0xfd, 0x7, 0xe6,
    0x35, 0xfe, 0xf, 0xcc, 0xa, 0xfe, 0xc3, 0xe6,
    0x34, 0xbf, 0x43, 0x7, 0xa8, 0x64, 0xc8, 0x19,
    0x83, 0x9d, 0x58, 0x53, 0x59, 0x83, 0xc9, 0x40,
    0xec, 0x51, 0x87, 0xed, 0x54, 0xfa, 0x24, 0xbf,
    0xa0, 0xda, 0x86, 0xf3, 0x7a, 0x50, 0x30, 0xd7,
    0xd2, 0x1e, 0x69, 0xe4,

    /* U+7238 "爸" */
    0xf, 0xfe, 0xa4, 0x86, 0x60, 0xff, 0xe1, 0xcc,
    0x1b, 0x78, 0x3f, 0xe7, 0x56, 0x1a, 0xc7, 0x43,
    0xf5, 0x8, 0x43, 0xbd, 0x16, 0x1e, 0xd5, 0xaa,
    0x40, 0xe2, 0xb0, 0x41, 0xcd, 0x1, 0x94, 0x63,
    0x41, 0xd0, 0x3a, 0x43, 0x63, 0x18, 0x72, 0x1f,
    0xf3, 0x86, 0xe4, 0x3f, 0xf8, 0xd, 0xc5, 0xe8,
    0x6f, 0x4a, 0xa, 0xfa, 0x57, 0x90, 0x3e, 0x91,
    0xa6, 0xc, 0x50, 0x95, 0xfb, 0x15, 0x30, 0x1e,
    0x82, 0xff, 0xf0, 0x46, 0x43, 0xe7, 0xf2, 0x7f,
    0x7, 0xff, 0xc1, 0xfc, 0x9f, 0xc1, 0xff, 0xc0,
    0x6b, 0xfe, 0xf, 0xfe, 0xa, 0xff, 0xdc, 0x21,
    0xff, 0xca, 0xa8, 0x3e, 0x6b, 0xff, 0x82, 0x90,
    0x7b, 0x5f, 0xfe, 0x11, 0x0,

    /* U+7248 "版" */
    0x4, 0x83, 0x83, 0xfc, 0xc8, 0x4e, 0x1f, 0x56,
    0xfa, 0x60, 0xff, 0x97, 0xf5, 0x30, 0xff, 0x92,
    0xf5, 0x4a, 0xf, 0xff, 0x32, 0x80, 0x85, 0x5f,
    0x83, 0x9a, 0xd, 0x2, 0x50, 0x4a, 0xe, 0x7f,
    0xa0, 0x43, 0x52, 0x1f, 0xfc, 0x54, 0x24, 0x3f,
    0xf8, 0x28, 0x10, 0xe4, 0x39, 0xfc, 0x19, 0xc3,
    0xff, 0x81, 0x40, 0xfe, 0x44, 0xc3, 0x97, 0x5,
    0x81, 0x33, 0x10, 0xec, 0x3f, 0xca, 0x10, 0xe4,
    0x3f, 0x28, 0x19, 0x90, 0x6c, 0x43, 0x93, 0x2,
    0x12, 0x19, 0xf, 0xb1, 0xf, 0xfe, 0x3a, 0x1b,
    0xb, 0x9, 0x20, 0xe4, 0x87, 0x1d, 0x38, 0x24,
    0x39, 0xda, 0x14, 0x28, 0x2d, 0x86, 0xb0, 0xa7,
    0x42, 0x79,

    /* U+72B6 "状" */
    0xf, 0x58, 0x7f, 0xf2, 0x50, 0xfb, 0xc8, 0x7f,
    0xf2, 0x92, 0x43, 0xff, 0x92, 0xc8, 0x5e, 0xf,
    0xfe, 0x1e, 0x48, 0x12, 0xf, 0xfe, 0x1e, 0x20,
    0x96, 0xf, 0xfe, 0x1e, 0x1a, 0x30, 0xcd, 0x60,
    0x57, 0x83, 0x70, 0x69, 0x70, 0x17, 0xc1, 0xfe,
    0xfe, 0x5, 0xfc, 0x1f, 0xfc, 0x5c, 0x3f, 0xec,
    0x3e, 0x40, 0x87, 0xfb, 0xf, 0xd8, 0x7f, 0xf0,
    0x32, 0xf, 0x92, 0x10, 0xfb, 0x24, 0x3f, 0x28,
    0x83, 0xd8, 0xa0, 0xfa, 0x31, 0x10, 0xed, 0x83,
    0xf2, 0x24, 0x41, 0xe8, 0x3f, 0x44, 0x12, 0x41,
    0xff, 0xc1, 0x50, 0x85, 0xc, 0x1f, 0xf3, 0x18,
    0x74, 0x38, 0x7f, 0x50, 0x83, 0xcc, 0x1f, 0xf5,
    0x14, 0x1f, 0x36, 0x0,

    /* U+73B0 "现" */
    0xf, 0xfa, 0xbf, 0xc1, 0x35, 0xf0, 0x17, 0xfc,
    0x16, 0xbf, 0x80, 0xff, 0x90, 0xd7, 0x93, 0xe4,
    0x3f, 0xfa, 0x1c, 0x1f, 0xfc, 0xa4, 0x3f, 0xfc,
    0x28, 0x7c, 0xd1, 0x2a, 0xf, 0xfe, 0x1e, 0xa0,
    0x2c, 0x1f, 0xfc, 0x3b, 0xc9, 0xf0, 0x72, 0x61,
    0xff, 0xdf, 0xcd, 0xf, 0xfe, 0x27, 0x8, 0xc5,
    0x87, 0xff, 0xd, 0x20, 0xff, 0xe0, 0xb6, 0x85,
    0x8, 0x7e, 0x68, 0x92, 0xc0, 0x88, 0x3f, 0xa5,
    0xf, 0xa0, 0x28, 0x43, 0x9d, 0x15, 0xe8, 0x35,
    0xc, 0x3d, 0x85, 0x40, 0xe7, 0x56, 0x1c, 0xb0,
    0x87, 0xe8, 0xa0, 0x68, 0xa1, 0x7, 0xf7, 0x90,
    0xe7, 0xf2, 0x0,

    /* U+7406 "理" */
    0xf, 0xfe, 0xb7, 0xff, 0xf0, 0x2, 0xff, 0xc1,
    0x54, 0xa, 0x83, 0x96, 0x2, 0xc1, 0x2c, 0x2e,
    0xe, 0xa8, 0x6a, 0xf, 0xfe, 0x7a, 0xc2, 0xe0,
    0xff, 0xe2, 0x54, 0xa, 0x83, 0xff, 0x89, 0xf0,
    0xfc, 0x1c, 0xb0, 0xb0, 0x7f, 0xf1, 0x6a, 0x5,
    0x10, 0xff, 0xe2, 0x54, 0xa, 0x21, 0x54, 0x35,
    0x7, 0x2c, 0x2c, 0x19, 0x60, 0x2c, 0x1f, 0xfc,
    0x2f, 0xe1, 0xfe, 0xf, 0xff, 0x74, 0x7f, 0xf,
    0xf0, 0x7c, 0xf9, 0x1a, 0xc0, 0xac, 0x84, 0xd8,
    0x1b, 0x25, 0xc2, 0xf4, 0x14, 0x97, 0x21, 0xff,
    0xc5, 0xa6, 0x84, 0xd7, 0x86, 0xbc, 0x5, 0x7,
    0x6b, 0xe0, 0x2f, 0x83, 0xfa, 0xff, 0xfe, 0x10,

    /* U+751F "生" */
    0xf, 0xf9, 0x41, 0xff, 0xc9, 0xa0, 0x7f, 0xf0,
    0xae, 0xf, 0xfe, 0x42, 0x61, 0xff, 0xca, 0x43,
    0xff, 0x8e, 0x88, 0x7f, 0xf2, 0x21, 0xfe, 0x7,
    0xfc, 0x86, 0x43, 0xff, 0x95, 0x17, 0xf8, 0x1f,
    0xf2, 0x12, 0x4, 0x3f, 0xf8, 0xf9, 0x7, 0xff,
    0x22, 0xd0, 0xff, 0xe6, 0x7f, 0x81, 0xfe, 0xf,
    0xf9, 0x70, 0x17, 0x7, 0xfd, 0xea, 0xc0, 0xad,
    0xe0, 0xff, 0xff, 0x87, 0xff, 0x2e, 0xbf, 0x81,
    0x5f, 0xc1, 0x2f, 0xf0, 0x17, 0xf8, 0x2f, 0xff,
    0xe4, 0x0,

    /* U+7528 "用" */
    0xa, 0xbf, 0xf8, 0x88, 0x4b, 0xff, 0xc4, 0x83,
    0xbf, 0x81, 0xfe, 0xf, 0xff, 0xbf, 0xf0, 0x3f,
    0xc1, 0xf5, 0x70, 0x2b, 0xc1, 0xf2, 0xf0, 0x17,
    0xc1, 0xff, 0xe3, 0xae, 0x5, 0x78, 0x3e, 0x5e,
    0x2, 0xf8, 0x3c, 0xff, 0x3, 0xfc, 0x19, 0xf,
    0xfe, 0x4e, 0x1f, 0xfc, 0x58, 0x43, 0xff, 0xb1,
    0x10, 0x7f, 0xf0, 0x18, 0x44, 0x43, 0xfe, 0x64,
    0xc5, 0x7, 0xd4, 0x9, 0x6d, 0x28, 0x1f, 0x28,
    0x35, 0x0,

    /* U+7531 "由" */
    0xf, 0xe6, 0xf, 0xfe, 0x36, 0x87, 0xff, 0xe9,
    0x7f, 0x85, 0xfc, 0xa, 0xfc, 0xa, 0xfc, 0x13,
    0xfe, 0x4f, 0xf0, 0x7f, 0xff, 0xc3, 0xfc, 0xd7,
    0x92, 0xbc, 0x1e, 0x5f, 0x1, 0x7c, 0x1c, 0xff,
    0x93, 0xfc, 0x1f, 0xff, 0xf0, 0xff, 0x3f, 0xe4,
    0xff, 0x7, 0x97, 0xff, 0x84, 0x1c, 0xd7, 0xff,
    0x9, 0xb, 0x83, 0xff, 0x85, 0x60,

    /* U+7535 "电" */
    0xf, 0xcc, 0x1f, 0xfc, 0x89, 0xf, 0xff, 0x6d,
    0x7c, 0xa, 0xf9, 0xc, 0xbf, 0x80, 0xbf, 0x61,
    0xf7, 0xf0, 0x3f, 0xa0, 0xff, 0xf4, 0xd7, 0x2,
    0xbb, 0xf, 0xe5, 0xe0, 0x2f, 0x83, 0xfb, 0xf8,
    0x1f, 0xd0, 0x7f, 0xff, 0xff, 0x81, 0xfd, 0x7,
    0xf2, 0xf0, 0x17, 0xec, 0x3e, 0xae, 0x5, 0x7c,
    0x86, 0x7c, 0x1f, 0xfc, 0x4e, 0xf, 0xf9, 0xf,
    0x91, 0xf, 0xe4, 0xaf, 0xe1, 0xf, 0xe9, 0x17,
    0xe1, 0x80,

    /* U+7537 "男" */
    0x3, 0x5f, 0xfc, 0x40, 0xd2, 0xff, 0xf1, 0x3,
    0xdf, 0xe0, 0x7f, 0x7, 0xff, 0x46, 0xbc, 0xa,
    0xe0, 0xfc, 0xbe, 0x2, 0xf0, 0x7e, 0xff, 0x3,
    0xf8, 0x3f, 0xfa, 0x28, 0x64, 0x3f, 0xf8, 0x77,
    0xe8, 0x1f, 0xc0, 0x42, 0xff, 0x95, 0xff, 0x90,
    0xff, 0x28, 0x3f, 0xea, 0xfc, 0xa, 0xfe, 0x2,
    0xfe, 0x2, 0xff, 0x3, 0xfe, 0x87, 0xfe, 0xf,
    0xfa, 0x30, 0xff, 0xe2, 0xa0, 0x43, 0xf2, 0x1f,
    0x31, 0x7, 0xc8, 0x7c, 0xd0, 0x50, 0x7d, 0x98,
    0xab, 0x92, 0x81, 0xcd, 0x11, 0x19, 0x1b, 0x43,
    0xe5, 0x10, 0x54, 0xe4, 0x3f, 0x34, 0xd0, 0x0,

    /* U+754C "界" */
    0xf, 0xfe, 0x77, 0xff, 0xf1, 0x3, 0xfa, 0xb8,
    0x15, 0xc1, 0xff, 0x2f, 0x1, 0x7c, 0x1f, 0xe5,
    0xe0, 0x2f, 0x83, 0xfd, 0x5c, 0xa, 0xe0, 0xff,
    0xbf, 0x81, 0xfc, 0x87, 0xff, 0x57, 0xf8, 0x1f,
    0xc8, 0x7e, 0xff, 0x9b, 0xfe, 0xf, 0xfe, 0xc,
    0xc1, 0xff, 0xc7, 0xd0, 0x68, 0x7f, 0xf0, 0xec,
    0xbc, 0x5a, 0x1f, 0xe7, 0xca, 0xd0, 0x71, 0x72,
    0x19, 0xf4, 0x28, 0x3c, 0xa0, 0x37, 0xa1, 0x6b,
    0x84, 0x3c, 0x9c, 0x82, 0x5, 0x10, 0x21, 0xfe,
    0x6f, 0x7, 0xff, 0x49, 0x20, 0xff, 0xe3, 0xb0,
    0x87, 0xff, 0x19, 0x8c, 0x3f, 0xf8, 0xf9, 0x7,
    0xff, 0x22, 0xd0, 0xfd, 0xe0, 0xf8,

    /* U+7559 "留" */
    0xf, 0xfe, 0x6a, 0xaf, 0x83, 0xff, 0x85, 0x74,
    0x40, 0xa3, 0xff, 0xc1, 0xaf, 0xd2, 0x54, 0xa,
    0x83, 0xc8, 0x18, 0x25, 0x1, 0x70, 0x7f, 0x4a,
    0xd, 0x98, 0x7f, 0xf0, 0x22, 0xc, 0x88, 0x64,
    0x3d, 0x40, 0x40, 0xc4, 0x24, 0x32, 0x79, 0xb7,
    0x31, 0x8f, 0x46, 0x1d, 0x69, 0x38, 0x20, 0x40,
    0x50, 0x15, 0xa1, 0xdb, 0x84, 0xfa, 0xa, 0xeb,
    0xf1, 0x5f, 0x21, 0xb5, 0xff, 0xe2, 0x41, 0xb2,
    0xfe, 0x4f, 0xf0, 0x7f, 0xf4, 0xaf, 0xe4, 0xff,
    0x7, 0xe5, 0xf0, 0x17, 0xc1, 0xfb, 0xae, 0x4a,
    0xf0, 0x7f, 0xf4, 0xaf, 0xe4, 0xff, 0x7, 0xb1,
    0x7f, 0xf8, 0x41, 0xfb, 0xaf, 0xfe, 0x8, 0x60,

    /* U+767B "登" */
    0xf, 0xfe, 0xcf, 0x3, 0xc1, 0xf3, 0xff, 0x82,
    0x4c, 0x83, 0xe6, 0xb9, 0x10, 0x26, 0xe8, 0x7e,
    0x5f, 0x10, 0x20, 0x40, 0xb0, 0xf5, 0x0, 0x88,
    0x64, 0x29, 0x10, 0xe5, 0x44, 0x41, 0xa3, 0xca,
    0xd0, 0xec, 0x72, 0xf, 0x20, 0xe0, 0xfd, 0x85,
    0x7f, 0x90, 0x61, 0xfd, 0x8c, 0xbf, 0xa4, 0xf2,
    0x1a, 0xca, 0x35, 0xf9, 0xa0, 0x28, 0x5, 0x1b,
    0xff, 0xfc, 0x3, 0xcc, 0x6, 0xc3, 0x2f, 0xe0,
    0xe8, 0x32, 0x1d, 0x5f, 0x90, 0xff, 0xed, 0xd7,
    0xe4, 0x3f, 0xf8, 0x6b, 0xf8, 0x3f, 0xf8, 0x5e,
    0x7f, 0xc3, 0xa1, 0xff, 0xc0, 0xd4, 0x19, 0x10,
    0xff, 0xe1, 0x64, 0x1b, 0x20, 0xfe, 0xaf, 0x3,
    0xf2, 0x75, 0xb0, 0xcb, 0xe0, 0xfc, 0xbc, 0x10,

    /* U+7684 "的" */
    0xf, 0xfe, 0x5b, 0xc1, 0xeb, 0x83, 0xf6, 0x61,
    0xe4, 0x83, 0xf2, 0x21, 0xf2, 0x1f, 0xe4, 0x3d,
    0x1, 0x7d, 0x78, 0x7e, 0x80, 0x8d, 0x78, 0xb,
    0xc1, 0x23, 0x5c, 0x1a, 0xb8, 0x28, 0x97, 0x83,
    0xfe, 0x44, 0x3f, 0xf8, 0xb1, 0x7, 0xff, 0x17,
    0x89, 0xe, 0x41, 0x5c, 0x12, 0x30, 0x7e, 0x5e,
    0xe, 0x44, 0x3e, 0xfe, 0xe, 0x88, 0x3f, 0xf9,
    0x8, 0x7f, 0xf1, 0x61, 0xf, 0xfe, 0x2b, 0x86,
    0xc3, 0xff, 0x8a, 0x86, 0xfe, 0xf, 0xfe, 0x1a,
    0xf0, 0x7f, 0xa0, 0x25, 0x70, 0x86, 0xbe, 0x3,
    0x21, 0xd4, 0xd, 0x5, 0x63, 0x7, 0x28, 0x3b,
    0xe4, 0x0,

    /* U+76D1 "监" */
    0xf, 0xd4, 0xc, 0xc1, 0xff, 0x30, 0x4a, 0xd,
    0x30, 0x7f, 0xa4, 0x3f, 0xe8, 0x3f, 0xc8, 0x7f,
    0x22, 0x1f, 0xfc, 0x98, 0x6b, 0xe0, 0xff, 0xe2,
    0xaf, 0xc1, 0xff, 0xc1, 0x87, 0xff, 0x7, 0xff,
    0x5, 0x23, 0xc1, 0xff, 0xc5, 0x84, 0x36, 0x1f,
    0xfc, 0x44, 0x81, 0xa6, 0x1f, 0x21, 0xf7, 0x6,
    0x93, 0xf, 0x78, 0x3e, 0x43, 0xa7, 0xf, 0xfb,
    0xc1, 0xfd, 0x7, 0xd5, 0xff, 0xc5, 0x43, 0xcb,
    0xff, 0xc5, 0xc3, 0xc9, 0xf2, 0x7c, 0x9f, 0x83,
    0xff, 0xfe, 0x1f, 0xfc, 0xe6, 0x89, 0x52, 0x54,
    0x95, 0x86, 0x80, 0x50, 0x16, 0x2, 0xc0, 0x5c,
    0x5, 0xf, 0xff, 0xf2, 0x80,

    /* U+76D6 "盖" */
    0xf, 0xfe, 0xa4, 0x87, 0x68, 0x7f, 0xf0, 0xd8,
    0x32, 0x41, 0xff, 0xc3, 0x43, 0xb3, 0xf, 0xe6,
    0xb8, 0x6b, 0x25, 0x70, 0x79, 0x7f, 0xe0, 0x2f,
    0x83, 0x3f, 0xf9, 0x3f, 0xf2, 0x1f, 0xfd, 0x2a,
    0xf9, 0x2b, 0xe0, 0xfc, 0xbf, 0x1, 0x7e, 0xf,
    0xdf, 0xf2, 0x7f, 0xc1, 0xff, 0xc5, 0x43, 0xff,
    0x81, 0xff, 0xc9, 0x7f, 0xe0, 0xd5, 0xff, 0xc8,
    0xc, 0xbf, 0xfc, 0x80, 0xf7, 0xff, 0xf1, 0x3,
    0xfc, 0xb0, 0x16, 0x2, 0x83, 0xff, 0x81, 0x50,
    0x2a, 0x1a, 0x21, 0xff, 0xff, 0xb, 0xa0, 0x2a,
    0x5, 0x43, 0x44, 0xa8, 0x25, 0x1, 0x60, 0x2c,
    0x5, 0x1, 0x60,

    /* U+76F4 "直" */
    0xf, 0xfe, 0x9b, 0xe0, 0xff, 0xe4, 0xa1, 0xff,
    0x7f, 0xe8, 0x7f, 0xf2, 0x5, 0xfc, 0x5, 0xfe,
    0xa, 0xbf, 0x27, 0x5f, 0x90, 0xff, 0xe0, 0x21,
    0xff, 0xc2, 0xfe, 0x4f, 0xf8, 0x3f, 0xd5, 0xfe,
    0xf, 0xfe, 0x2, 0xff, 0x83, 0xff, 0x81, 0xff,
    0xe0, 0xff, 0xe0, 0x57, 0xf8, 0x3f, 0xf8, 0xb,
    0xfe, 0xf, 0xfe, 0x7, 0xff, 0x83, 0xff, 0x81,
    0x5f, 0xe0, 0xff, 0xe0, 0x2f, 0xf8, 0x3f, 0xf8,
    0x15, 0xfe, 0xf, 0xfe, 0x2, 0xff, 0x83, 0xff,
    0x81, 0xff, 0xe0, 0xf5, 0x60, 0x57, 0xf8, 0x15,
    0x97, 0x1, 0x7f, 0xc0, 0x5d, 0xff, 0xfc, 0xa0,

    /* U+770B "看" */
    0xf, 0xfe, 0x3a, 0x83, 0x97, 0xf5, 0x6f, 0xd4,
    0xe, 0xaf, 0xcb, 0xfa, 0x81, 0xd5, 0xbe, 0x7,
    0xd5, 0x94, 0x1c, 0xb8, 0x3f, 0xf9, 0x1f, 0xe0,
    0x7f, 0xe4, 0x3d, 0x5c, 0xa, 0xfe, 0x43, 0xcb,
    0xc0, 0x5f, 0xe0, 0xd7, 0xfc, 0xf, 0xff, 0xe0,
    0x1d, 0x72, 0xa, 0xff, 0xe0, 0x8b, 0xf1, 0x2f,
    0xff, 0x4, 0x3d, 0x2, 0xff, 0xf0, 0x7e, 0x91,
    0xaf, 0xe0, 0xfe, 0xd0, 0x6b, 0xfe, 0xf, 0x38,
    0xc5, 0xff, 0xc8, 0x77, 0xc, 0x6, 0xbf, 0x90,
    0xec, 0xa0, 0x65, 0xfe, 0xf, 0xb4, 0x33, 0xff,
    0xc8, 0x7f, 0xf0, 0x1f, 0xfe, 0x43, 0xff, 0x82,
    0xbf, 0xe0, 0xff, 0xe0, 0x35, 0xfc, 0x1f, 0xfc,
    0x1b, 0xff, 0x90, 0xc0,

    /* U+7720 "眠" */
    0xf, 0xef, 0xff, 0x82, 0xbf, 0xc1, 0x97, 0xe0,
    0xfa, 0xa0, 0xe6, 0xbe, 0x43, 0xcb, 0x83, 0xff,
    0xcc, 0xbf, 0xc1, 0xef, 0x90, 0xea, 0xf8, 0x3e,
    0xa9, 0xc, 0xfc, 0x3f, 0x83, 0x96, 0xf, 0xf2,
    0x1f, 0xfd, 0x45, 0xc1, 0x97, 0x1, 0x74, 0x1a,
    0xa0, 0xf5, 0x40, 0xac, 0x86, 0xf9, 0xc, 0xfd,
    0x17, 0xe0, 0xff, 0xed, 0xa6, 0x1f, 0xfc, 0x95,
    0x7, 0xef, 0x90, 0xfa, 0x32, 0xf, 0x96, 0xf,
    0xb4, 0x44, 0x8, 0x6a, 0xc0, 0x47, 0x10, 0x44,
    0x59, 0xa1, 0x39, 0x85, 0x40, 0x2d, 0x88, 0xc1,
    0xf9, 0xd0, 0xd2, 0x8, 0x3f, 0xaa, 0xf, 0xa9,
    0x87, 0xfc, 0x87, 0xf2, 0x10,

    /* U+7728 "眨" */
    0xf, 0xfe, 0x33, 0x1, 0x7f, 0x7, 0xcd, 0xcc,
    0x57, 0xe0, 0x53, 0xe9, 0x57, 0x9, 0xf8, 0x39,
    0x1b, 0xd2, 0x1f, 0xfc, 0x1b, 0xd2, 0x83, 0xff,
    0x91, 0xc1, 0xf9, 0x70, 0x7e, 0x8c, 0x3e, 0xac,
    0x1f, 0x90, 0xfe, 0xfc, 0x1f, 0xde, 0xf, 0xfe,
    0x13, 0xff, 0xf0, 0x7f, 0xcb, 0xf8, 0x10, 0x4b,
    0x82, 0x6b, 0xec, 0x8, 0x55, 0x83, 0xfe, 0x8c,
    0x37, 0xe0, 0xff, 0x64, 0x1f, 0xfc, 0x6c, 0x50,
    0x7f, 0xf1, 0x71, 0x83, 0xff, 0x88, 0xe3, 0x7,
    0xdf, 0x83, 0xa8, 0x50, 0x3f, 0x2e, 0xd, 0xa4,
    0x87, 0xf5, 0x60, 0x38, 0x94, 0x43, 0xc8, 0x77,
    0xc3, 0x6a, 0xbf, 0xaf, 0x7, 0xaa, 0x5, 0xc8,
    0x6c,

    /* U+773C "眼" */
    0xf, 0xf5, 0x7f, 0x6, 0xff, 0x80, 0xa0, 0xe5,
    0x7, 0xaa, 0xe, 0x6b, 0x90, 0xf9, 0x60, 0xff,
    0xe5, 0xa1, 0x35, 0xc8, 0x7d, 0x50, 0x79, 0x78,
    0x3f, 0x2c, 0x1c, 0xff, 0x21, 0xf7, 0xc1, 0xff,
    0xd0, 0x5f, 0x7, 0xff, 0xd, 0xae, 0xf, 0xdf,
    0x7, 0x3a, 0x7e, 0xf, 0x54, 0x1f, 0x62, 0x16,
    0x86, 0x58, 0x3e, 0x4c, 0x19, 0x87, 0xff, 0x11,
    0x32, 0x81, 0xff, 0xc3, 0x8c, 0x90, 0xef, 0x83,
    0xf2, 0x9, 0xf, 0x54, 0x21, 0xf4, 0x41, 0xf2,
    0xd4, 0xd, 0x62, 0x88, 0x32, 0x82, 0x50, 0x4b,
    0x2, 0x1d, 0x5, 0x3, 0xd0, 0x18, 0x2d, 0x20,
    0xff, 0x65, 0x3, 0xa7, 0xf, 0xf3, 0xa1, 0xf4,
    0x0,

    /* U+77E5 "知" */
    0xf, 0xfe, 0x6d, 0xc1, 0xff, 0xc7, 0x48, 0x3f,
    0xf9, 0x8, 0x7c, 0xbf, 0xc1, 0x23, 0x5e, 0x2b,
    0xf8, 0x28, 0xb, 0xe0, 0xbf, 0x83, 0xcf, 0x81,
    0xf0, 0x7f, 0xf0, 0x23, 0xf, 0xfe, 0x3a, 0x21,
    0xff, 0xc7, 0xf0, 0x64, 0x3f, 0xfb, 0xf, 0xf0,
    0xfc, 0x87, 0xfc, 0xb8, 0xb, 0x83, 0xfe, 0x6b,
    0x25, 0x64, 0x3f, 0xf8, 0x68, 0x7f, 0xf2, 0x10,
    0x68, 0x7f, 0xf1, 0x62, 0x24, 0x35, 0x70, 0x79,
    0x15, 0x92, 0x12, 0xf0, 0x7a, 0x20, 0x64, 0x17,
    0xf0, 0x74, 0x41, 0xa8, 0x1f, 0xfc, 0x9, 0x60,
    0xca, 0x10, 0xf5, 0x1, 0x90, 0x7e, 0xb0, 0xe5,
    0x1, 0xc3, 0xff, 0x8e,

    /* U+7801 "码" */
    0xf, 0xfa, 0x8b, 0xf0, 0x6f, 0xfe, 0x15, 0x5f,
    0x21, 0x4c, 0x8d, 0x13, 0xfe, 0x44, 0x26, 0x41,
    0x2a, 0x2, 0x83, 0xff, 0x82, 0x87, 0xdc, 0x19,
    0xf, 0xe4, 0x3c, 0x87, 0xff, 0x5, 0x30, 0xff,
    0xe0, 0xa1, 0xec, 0xd7, 0x4, 0x87, 0xff, 0x1,
    0x1a, 0xb0, 0xf9, 0x30, 0xe8, 0x1f, 0x7, 0xff,
    0x15, 0xf, 0xc8, 0xfd, 0x17, 0x81, 0x7, 0xf3,
    0x5f, 0x83, 0x22, 0x1f, 0x97, 0xf0, 0x66, 0xf,
    0xfe, 0x4c, 0x87, 0xcf, 0xfe, 0x83, 0xf5, 0x41,
    0x97, 0x83, 0x21, 0xe5, 0x80, 0xf5, 0xde, 0x83,
    0xf7, 0xc1, 0xff, 0x26, 0x1f, 0xd6, 0x1f, 0xd8,
    0x86, 0xa0, 0x4a, 0xf, 0x5e, 0x43, 0xe4, 0x3f,
    0xf8, 0x4e, 0x1f, 0xfc, 0x6b, 0xd0, 0x40,

    /* U+786C "硬" */
    0xf, 0xf2, 0xff, 0xf0, 0x2, 0xff, 0x9a, 0xff,
    0xe0, 0x4, 0xb0, 0x16, 0xfe, 0x4f, 0xe0, 0xa9,
    0x95, 0x7, 0xff, 0x1b, 0x10, 0x9a, 0xc9, 0x59,
    0xe, 0x50, 0x6d, 0x70, 0x17, 0x61, 0x93, 0xf,
    0x7c, 0x9f, 0x7, 0xa3, 0xa9, 0xf, 0xfe, 0x1a,
    0x5, 0xd8, 0x3e, 0x4f, 0x83, 0xa0, 0x7c, 0x1a,
    0xa0, 0x54, 0x1b, 0x10, 0xfc, 0xb8, 0x58, 0x34,
    0xe1, 0xfa, 0xa4, 0xa8, 0x33, 0x7, 0xf2, 0xc0,
    0x58, 0x3f, 0xf8, 0x37, 0xe4, 0xfd, 0x7, 0xff,
    0x2, 0x80, 0x50, 0x7f, 0xd5, 0x6, 0x60, 0xff,
    0xe1, 0x2c, 0x14, 0xac, 0x83, 0xfe, 0xf8, 0x34,
    0x12, 0x1f, 0xfc, 0x27, 0x4, 0x6, 0xe4, 0x3e,
    0x42, 0x95, 0xab, 0xb5, 0x5e, 0x42, 0x60, 0xe8,
    0xa0, 0x57, 0x22, 0x1f, 0xef, 0x21, 0xe6, 0xc0,

    /* U+786E "确" */
    0xf, 0xfe, 0xb, 0x7, 0xff, 0x26, 0x50, 0x7f,
    0x2f, 0xe0, 0x42, 0x83, 0xfa, 0xbf, 0x1, 0x1f,
    0xd0, 0x77, 0xa1, 0xf8, 0xcb, 0xe4, 0x83, 0xfb,
    0xa, 0x24, 0x25, 0x7, 0xec, 0x41, 0x2c, 0x14,
    0x41, 0xf9, 0xd, 0x43, 0xf2, 0x7e, 0xc, 0x90,
    0x67, 0x2a, 0x1a, 0x21, 0xd1, 0x7c, 0x84, 0xb0,
    0x14, 0x1d, 0x2, 0xe0, 0xff, 0xe2, 0x28, 0x8,
    0x87, 0x7c, 0x3e, 0x42, 0x84, 0x3f, 0xaa, 0x1a,
    0x21, 0x70, 0x7e, 0xc5, 0x80, 0xa0, 0xe4, 0x3f,
    0xfa, 0xbf, 0xf, 0x90, 0xf9, 0x50, 0x48, 0xb0,
    0x14, 0x1f, 0xa8, 0x87, 0x54, 0x34, 0x43, 0xef,
    0x80, 0x88, 0x7f, 0xf1, 0x92, 0x20, 0xff, 0xe3,
    0x58, 0x87, 0xca, 0xe, 0xb0, 0xd9, 0x6, 0xa1,
    0x8, 0x7f, 0x9c, 0x39, 0x7, 0xa0,

    /* U+793A "示" */
    0xf, 0xfe, 0x6b, 0xff, 0xfc, 0x30, 0xf2, 0xff,
    0xf1, 0x3, 0xea, 0xff, 0xe1, 0x87, 0xff, 0xea,
    0xbf, 0xf9, 0x8, 0xbf, 0xfc, 0x80, 0x7f, 0xf4,
    0x5f, 0xf9, 0xf, 0xfe, 0x7a, 0x83, 0xf9, 0xf,
    0xf5, 0x10, 0xfb, 0x83, 0xfa, 0x14, 0x1f, 0x46,
    0x1f, 0x92, 0xf, 0xca, 0x20, 0xf6, 0x41, 0xfe,
    0x85, 0x6, 0x85, 0x7, 0xfd, 0x90, 0x4a, 0x20,
    0xff, 0xe0, 0xc6, 0xc, 0x83, 0xd8, 0x7c, 0xa8,
    0x16, 0x84, 0xda, 0x1f, 0xa4, 0x3f, 0x28, 0xa,
    0xf, 0xfe, 0x2d, 0xe8, 0x3f, 0xc0,

    /* U+79BB "离" */
    0xf, 0xf4, 0x87, 0xff, 0x21, 0x83, 0xfe, 0x97,
    0xf0, 0x25, 0xfc, 0x6, 0xbf, 0x1, 0xaf, 0xc9,
    0xfe, 0xbf, 0xc5, 0xfc, 0x84, 0x82, 0x9c, 0x8e,
    0x61, 0xfd, 0x65, 0xc5, 0xc7, 0x3, 0xc1, 0xff,
    0x22, 0xd, 0xf, 0xfe, 0x5, 0xcf, 0x71, 0x40,
    0xff, 0xa9, 0xc1, 0x3d, 0x3, 0xfd, 0xeb, 0xfe,
    0xbc, 0x1f, 0x57, 0xc5, 0x7f, 0x7, 0x2f, 0x81,
    0xaf, 0xe0, 0xcb, 0xf4, 0x5, 0xfe, 0x3, 0x5f,
    0x1, 0xaf, 0xe0, 0xd7, 0xe0, 0x7e, 0xbf, 0x21,
    0xfd, 0x98, 0x6b, 0xf, 0xf9, 0xc8, 0x5a, 0x4,
    0x1f, 0xfc, 0x1b, 0xa8, 0x44, 0x3f, 0xc8, 0xdf,
    0xa9, 0xe0, 0x21, 0xfb, 0x90, 0xfd, 0xe0, 0xff,
    0xe5, 0xc0, 0x74, 0x3f, 0xf8, 0x3f, 0x20,

    /* U+79C1 "私" */
    0xf, 0xfe, 0x7b, 0x4f, 0x7, 0xff, 0x7, 0xf4,
    0xa0, 0x21, 0x3c, 0x1e, 0x46, 0x7, 0xc8, 0x58,
    0x7e, 0xb9, 0xf, 0xe4, 0xc3, 0xff, 0x92, 0x87,
    0xff, 0x19, 0xf, 0xcd, 0x60, 0x56, 0x6, 0x21,
    0xed, 0x70, 0x17, 0x1, 0x20, 0xf5, 0xf2, 0xf,
    0xc1, 0xff, 0xc3, 0x43, 0xe4, 0x43, 0xfc, 0x85,
    0x61, 0x66, 0x3a, 0x1e, 0x82, 0xcc, 0x8, 0x89,
    0x7, 0x42, 0x4, 0x10, 0x10, 0xe4, 0x32, 0x41,
    0x4c, 0x98, 0x51, 0x85, 0x90, 0x66, 0x21, 0x9,
    0x10, 0x42, 0x83, 0xff, 0x84, 0x91, 0x10, 0x7d,
    0x10, 0x4a, 0x2, 0xc, 0x3e, 0x51, 0x7d, 0x44,
    0x8, 0x7f, 0x21, 0x9a, 0x7a, 0x30, 0xff, 0x5f,
    0x4a, 0x2, 0xa0, 0xff, 0x21, 0xfd, 0x0,

    /* U+7A0B "程" */
    0xf, 0x94, 0x1f, 0xfc, 0x56, 0xf5, 0x0, 0xd7,
    0xf8, 0xf, 0x20, 0xa0, 0x35, 0xff, 0x1, 0xa6,
    0x5, 0x6, 0xff, 0x83, 0x94, 0x1f, 0xfe, 0xb5,
    0xf8, 0x33, 0xd0, 0x1e, 0x42, 0xaf, 0x83, 0xca,
    0xd, 0x9d, 0x7f, 0x80, 0xfc, 0xf, 0x42, 0xff,
    0xc1, 0xd0, 0x7a, 0xbf, 0xe0, 0xe4, 0xe, 0x2f,
    0xff, 0x0, 0x32, 0x1c, 0xaf, 0xc9, 0xfc, 0x1a,
    0x9, 0x20, 0xff, 0xe1, 0xe4, 0x14, 0x1f, 0xfc,
    0x38, 0x8, 0x4e, 0x5f, 0x27, 0xf0, 0x13, 0xf,
    0xf2, 0x12, 0x84, 0x1c, 0x1f, 0xaf, 0x49, 0xd3,
    0x82, 0x43, 0xff, 0xd0, 0xd7, 0x25, 0x78, 0x3f,
    0xcb, 0xc0, 0x5f, 0x0,

    /* U+7A7A "空" */
    0xf, 0xfe, 0xa3, 0xc1, 0xff, 0xca, 0x43, 0xff,
    0x90, 0x81, 0xf, 0xfa, 0xbf, 0x81, 0xd7, 0xc1,
    0x97, 0xf8, 0xb, 0xfc, 0x1d, 0xff, 0xfc, 0x30,
    0xff, 0x94, 0x1f, 0xfc, 0x86, 0xa0, 0xde, 0x81,
    0x28, 0x2f, 0x14, 0x18, 0x32, 0x3c, 0xc1, 0xed,
    0x28, 0x1d, 0x68, 0xe8, 0x6b, 0x6, 0x87, 0xea,
    0x2, 0x81, 0x23, 0x87, 0xfc, 0xe9, 0x5, 0xd0,
    0x3f, 0xf8, 0x56, 0x1c, 0xff, 0xff, 0xd, 0xf,
    0x97, 0xe0, 0x2f, 0x83, 0xf5, 0x7c, 0xa, 0xf2,
    0x1f, 0xff, 0xf0, 0xff, 0xe4, 0xd7, 0xf8, 0x15,
    0xfe, 0x17, 0xfc, 0x5, 0xff, 0x1f, 0xff, 0xca,
    0x0,

    /* U+7ACB "立" */
    0xf, 0xfe, 0x9f, 0x83, 0xff, 0x95, 0x7, 0xff,
    0x1f, 0x10, 0xff, 0xe4, 0x30, 0x7f, 0xf0, 0x2e,
    0xbc, 0x75, 0xef, 0x21, 0x22, 0xff, 0xf0, 0x83,
    0xdf, 0xff, 0xc6, 0x43, 0xff, 0x8b, 0x7, 0xf5,
    0x87, 0xf9, 0xc3, 0xfd, 0x7, 0xe4, 0x43, 0xf4,
    0x21, 0xfa, 0x30, 0xfe, 0x48, 0x3f, 0x90, 0xfe,
    0xc4, 0x3c, 0x88, 0x7f, 0x90, 0x41, 0xd9, 0x7,
    0xfd, 0x8, 0x72, 0x1f, 0xfc, 0x14, 0x8, 0x49,
    0x7, 0xff, 0x5, 0x30, 0xa1, 0xf, 0xfe, 0xd,
    0x40, 0x44, 0x3e, 0x7a, 0xf7, 0x58, 0x6b, 0xe0,
    0x2f, 0xf8, 0x25, 0xfd, 0xff, 0xfc, 0x90,

    /* U+7ADE "竞" */
    0xf, 0xfa, 0xc3, 0xff, 0x94, 0x88, 0x7f, 0xf0,
    0x2b, 0xf8, 0x15, 0xf9, 0xc, 0xbf, 0xc1, 0x2f,
    0xd8, 0x6f, 0xe7, 0xfd, 0x37, 0xe8, 0x3f, 0x4c,
    0x1d, 0xb8, 0x7f, 0xf0, 0x61, 0xe, 0x48, 0x3f,
    0x57, 0x86, 0xb8, 0x15, 0xf0, 0x17, 0xc2, 0xf8,
    0xb, 0xf0, 0x3f, 0xff, 0x94, 0x1c, 0xbf, 0xfc,
    0x40, 0xfd, 0x5f, 0xfc, 0x40, 0xfc, 0x9f, 0xff,
    0xc0, 0xf, 0xfe, 0xc4, 0xbf, 0xe8, 0x3f, 0xc8,
    0xd7, 0xf9, 0xf, 0xf7, 0xe8, 0x7c, 0x97, 0xe0,
    0xff, 0xe0, 0x46, 0x1f, 0xfc, 0x84, 0x8, 0x7f,
    0xb4, 0x3e, 0xa1, 0x7, 0xf9, 0x20, 0x9b, 0xc9,
    0x21, 0x65, 0x78, 0x82, 0x90, 0x5a, 0x19, 0x2,
    0xe1, 0x41, 0x53, 0xc8, 0x7d, 0xff, 0x40,

    /* U+7AEF "端" */
    0xf, 0xfe, 0x1c, 0x87, 0xfb, 0x83, 0x30, 0x4e,
    0x14, 0x87, 0x94, 0x19, 0xf, 0xce, 0x1d, 0x90,
    0x7f, 0xf2, 0x6c, 0x3f, 0xf8, 0xd2, 0x86, 0x81,
    0x54, 0x35, 0x6, 0x55, 0x65, 0x1, 0x9, 0x41,
    0x38, 0x1f, 0xf8, 0x6b, 0xfc, 0x87, 0xcc, 0x1f,
    0xfc, 0x59, 0x6, 0xa3, 0xff, 0xf8, 0x10, 0x1c,
    0x32, 0x35, 0x23, 0x59, 0xc2, 0x40, 0x85, 0x2c,
    0x9, 0x74, 0x81, 0xc, 0x81, 0x78, 0x5f, 0x5,
    0x88, 0x30, 0x56, 0x5, 0x79, 0x2, 0x68, 0x85,
    0x63, 0xa7, 0xa1, 0xa, 0x98, 0x7f, 0xf2, 0x11,
    0x18, 0x3f, 0xf8, 0x8a, 0x81, 0x21, 0xff, 0xc3,
    0xe8, 0xab, 0xc1, 0xff, 0xc3, 0x55, 0xc8, 0x7f,
    0xf0, 0x70, 0xa8, 0x87, 0xf7, 0x16, 0x28, 0x3f,
    0xf9, 0x31, 0x7, 0xfd, 0xa1, 0xf7, 0x90,

    /* U+7B11 "笑" */
    0xc, 0x87, 0xe4, 0x3f, 0xcd, 0x87, 0xd6, 0x1f,
    0xd9, 0x7, 0x91, 0xf, 0xe4, 0xbf, 0x88, 0x7f,
    0xa0, 0x63, 0x2, 0x8a, 0x5, 0x1, 0x39, 0xc,
    0xa0, 0x34, 0x35, 0x86, 0x58, 0x81, 0x10, 0x88,
    0x59, 0x1, 0xb0, 0xcc, 0x34, 0x9, 0x58, 0x48,
    0x74, 0x81, 0x9, 0xa2, 0x1c, 0xd7, 0xbf, 0xa6,
    0xf, 0x97, 0xc0, 0x55, 0x60, 0xf3, 0xfe, 0x1a,
    0x2c, 0x1f, 0xfc, 0x14, 0x3f, 0xf8, 0xd, 0x7d,
    0x8d, 0x7e, 0x6, 0xbf, 0x80, 0xbf, 0x81, 0x7f,
    0xc1, 0x3f, 0xf0, 0x7f, 0x22, 0xd0, 0x7f, 0xf0,
    0xe2, 0x83, 0x7, 0xff, 0x1, 0xc8, 0x18, 0xf0,
    0x7e, 0x78, 0x90, 0xb4, 0x7d, 0x23, 0xe8, 0x74,
    0x3a, 0xd0, 0x28, 0x40, 0xd0, 0x3f, 0xae, 0x42,
    0xf4, 0x87, 0xff, 0x1, 0x80,

    /* U+7B49 "等" */
    0xf, 0xfe, 0x85, 0xa1, 0xfb, 0x43, 0xfe, 0x44,
    0x3e, 0x8c, 0x3f, 0xd0, 0x3f, 0xc8, 0x8f, 0xf8,
    0x32, 0x48, 0x2a, 0x71, 0xa0, 0x25, 0x5, 0x93,
    0x1, 0x68, 0x65, 0x86, 0x80, 0x45, 0x1, 0x13,
    0x78, 0x2c, 0xc3, 0x3c, 0x15, 0xa1, 0xf9, 0xb0,
    0xfb, 0xfe, 0x7, 0xfa, 0xf, 0xcd, 0x78, 0x15,
    0xe4, 0x3f, 0x4b, 0xe0, 0x2f, 0xa0, 0xff, 0xe8,
    0x3f, 0xfe, 0x7, 0xff, 0x85, 0xff, 0xe2, 0x1,
    0x78, 0x15, 0xff, 0xc3, 0x5, 0x70, 0x7f, 0xf4,
    0x3f, 0xff, 0x82, 0xf, 0xc1, 0xcd, 0x4d, 0x7c,
    0x82, 0x8c, 0x1d, 0x2a, 0x5f, 0xd0, 0x15, 0x21,
    0xf9, 0x30, 0xff, 0xe4, 0xc0, 0x43, 0xff, 0x93,
    0xc8, 0x54, 0xc4, 0x3f, 0xf8, 0x48, 0x65, 0xc,
    0x1f, 0xfc, 0x7f, 0xa0, 0xf8,

    /* U+7BA1 "管" */
    0xe, 0x90, 0xfd, 0x21, 0xff, 0x32, 0x1e, 0x56,
    0x1f, 0xec, 0x1d, 0x60, 0x40, 0xae, 0x42, 0x82,
    0x5e, 0x20, 0x2f, 0xb0, 0x49, 0xe0, 0x7c, 0xa3,
    0xc9, 0x7a, 0x24, 0xc3, 0xad, 0x50, 0x22, 0xd,
    0x38, 0x5e, 0xa, 0x88, 0x56, 0x19, 0x2b, 0xe0,
    0x35, 0xdd, 0x40, 0x97, 0xf8, 0xb, 0xfc, 0x4,
    0xbf, 0xff, 0x88, 0x19, 0x9, 0x7f, 0xf8, 0x21,
    0xef, 0x25, 0x7f, 0xf0, 0x41, 0xe0, 0xfd, 0xff,
    0xc8, 0x7f, 0xf0, 0x57, 0xfc, 0x1f, 0xfc, 0x1a,
    0xfe, 0xf, 0xfe, 0x17, 0xff, 0xc1, 0xff, 0xc0,
    0xaf, 0xfe, 0x0, 0x7f, 0xcb, 0xff, 0xc0, 0xf,
    0xfb, 0xff, 0xc8, 0x7f, 0xf0, 0x17, 0xfe, 0xf,
    0xfe, 0x5, 0x7f, 0x83, 0xff, 0x83, 0xff, 0xe0,
    0xf0,

    /* U+7CFB "系" */
    0xf, 0xfe, 0x32, 0x1f, 0xfc, 0x25, 0x53, 0xea,
    0x6, 0xff, 0xea, 0x28, 0x5b, 0xd, 0x2f, 0x40,
    0xbf, 0x54, 0x86, 0x6b, 0x82, 0xc3, 0xff, 0x8a,
    0xc5, 0x2, 0xb4, 0x3f, 0xcc, 0x68, 0x1d, 0x30,
    0xfd, 0x71, 0x2d, 0x41, 0xe0, 0xfc, 0x85, 0x59,
    0x38, 0x3f, 0xd5, 0x79, 0x5, 0x82, 0xf, 0xe5,
    0x8d, 0x5a, 0x9, 0xc3, 0xfd, 0x65, 0x3, 0x49,
    0x87, 0xaf, 0x24, 0x2e, 0xa0, 0x5a, 0x19, 0xd,
    0x5e, 0x58, 0x29, 0xa, 0x9f, 0xe1, 0xff, 0x21,
    0xca, 0xf, 0xfe, 0x15, 0xa1, 0x9e, 0xf, 0xcf,
    0x7, 0xcc, 0x61, 0xf9, 0x1c, 0x39, 0x89, 0xf,
    0xed, 0x34, 0x14, 0x34, 0x3f, 0xe9, 0x24, 0x4c,
    0x35, 0x30, 0xfa, 0x8a, 0x3c, 0x1e, 0x41, 0x7,
    0x98, 0x3f, 0xa9, 0xe0, 0xff, 0x0,

    /* U+7D2F "累" */
    0x7, 0xff, 0xf1, 0x20, 0xf5, 0x70, 0x2b, 0xc1,
    0xf2, 0xf8, 0xb, 0xe0, 0xf9, 0x7c, 0x5, 0xf0,
    0x7e, 0xae, 0x5, 0x78, 0x3e, 0x7f, 0x81, 0xfe,
    0xf, 0xcb, 0xc0, 0x5f, 0x7, 0xcd, 0x70, 0x2b,
    0xc1, 0xef, 0xd0, 0x2f, 0xc9, 0x70, 0x79, 0xe7,
    0x40, 0xe9, 0x87, 0x9e, 0x3, 0xfa, 0x2e, 0xf,
    0x22, 0xa8, 0x85, 0x66, 0x1f, 0xba, 0x12, 0xbc,
    0x99, 0xc1, 0xe6, 0xe2, 0xd6, 0x82, 0x70, 0xbd,
    0x21, 0x57, 0x2f, 0x18, 0x11, 0x55, 0x60, 0xfd,
    0x5c, 0xb, 0xb8, 0x44, 0x36, 0x81, 0x41, 0xa8,
    0x61, 0xe4, 0xb4, 0x33, 0xa5, 0x3, 0xce, 0x96,
    0x94, 0x1d, 0x19, 0xe, 0xb4, 0x89, 0xe0, 0xc8,
    0x87, 0xaf, 0x2, 0xe, 0x6e, 0xf, 0xf0,

    /* U+7E41 "繁" */
    0x9, 0xf, 0xfe, 0x4d, 0x3, 0xfb, 0xc1, 0xfa,
    0x1f, 0xf4, 0x22, 0xf8, 0xb, 0x57, 0xd9, 0xd,
    0x70, 0x23, 0xf, 0x2c, 0x3e, 0x8b, 0x9, 0xaf,
    0xb2, 0x30, 0x62, 0x17, 0x8f, 0x16, 0x28, 0x60,
    0x21, 0x9e, 0x3c, 0x58, 0xdc, 0x49, 0x4, 0xc0,
    0x92, 0x83, 0x2, 0x61, 0xc, 0xa1, 0xc5, 0x1,
    0xe, 0x43, 0xc9, 0xc7, 0x86, 0x78, 0x57, 0x21,
    0x7e, 0x8d, 0xa8, 0xbb, 0x56, 0x1e, 0x61, 0x92,
    0x20, 0xae, 0xd, 0x71, 0xa, 0xa0, 0x10, 0xff,
    0xe0, 0xd6, 0x57, 0x8d, 0xf, 0xaf, 0x90, 0x3c,
    0x1a, 0x81, 0xca, 0xbc, 0xab, 0xae, 0x3, 0x6,
    0xe4, 0x26, 0x8f, 0xf8, 0x3d, 0x5d, 0xf2, 0x2e,
    0x7, 0x7, 0x3d, 0x3, 0xee, 0xe0, 0xf5, 0xab,
    0x9, 0xb, 0x95, 0xe0, 0xca, 0xe0, 0x58, 0x84,
    0xdb, 0x6, 0xe0, 0xd4, 0xe0, 0xf4, 0x80,

    /* U+7EA7 "级" */
    0xf, 0xfe, 0x7f, 0x7, 0xff, 0x21, 0xc, 0xff,
    0xf8, 0x3e, 0xc8, 0x25, 0x1, 0x70, 0x7f, 0x28,
    0xa, 0xa0, 0xd5, 0x88, 0x7a, 0x20, 0x50, 0x3f,
    0xb0, 0xe5, 0x40, 0x8c, 0x3e, 0xc4, 0x33, 0xb,
    0x84, 0x3e, 0x43, 0xd8, 0x3a, 0x18, 0x7f, 0x21,
    0xd3, 0x44, 0x43, 0xf2, 0x3e, 0x82, 0x96, 0x20,
    0xe4, 0x2a, 0x26, 0x1d, 0x18, 0x64, 0x8, 0xb0,
    0x10, 0xca, 0x83, 0xf4, 0x19, 0xe, 0xa0, 0x2f,
    0x3, 0x21, 0xc, 0x86, 0x41, 0x22, 0x4, 0x48,
    0x11, 0x6, 0x55, 0xf4, 0x24, 0x44, 0x21, 0xea,
    0x21, 0x24, 0x22, 0xd9, 0x7, 0x9a, 0x7a, 0x44,
    0x28, 0xa, 0xc, 0xf2, 0xd5, 0x10, 0x48, 0x10,
    0xe4, 0x7d, 0x31, 0x5, 0x42, 0x34, 0x37, 0x5,
    0x92, 0x3a, 0xb7, 0x2d, 0xf, 0xa8, 0x9c, 0x50,
    0x2c, 0x18, 0x7c, 0xa0, 0x53, 0x43, 0xba, 0x0,

    /* U+7EBF "线" */
    0xf, 0xfe, 0x8f, 0x7, 0x3e, 0xf, 0xfe, 0xc,
    0x1f, 0x21, 0x3c, 0x1f, 0xc9, 0x7, 0xf2, 0x28,
    0x3e, 0x88, 0x3f, 0xed, 0x41, 0xf2, 0xc5, 0xa1,
    0xfa, 0x64, 0x36, 0x40, 0x44, 0x3a, 0xfa, 0x43,
    0x44, 0x8, 0x9b, 0xc0, 0x55, 0x3c, 0x84, 0x97,
    0x96, 0x16, 0x7, 0x28, 0x3c, 0xaa, 0x2, 0x1e,
    0x81, 0xf3, 0xa0, 0xa2, 0x88, 0x3c, 0x8d, 0xf4,
    0x1f, 0x62, 0x6, 0xf2, 0x4b, 0x5e, 0x43, 0x46,
    0x19, 0x14, 0x5d, 0x30, 0xf4, 0xba, 0x8f, 0xa8,
    0x60, 0x9c, 0x39, 0x1a, 0x21, 0xf2, 0x28, 0x83,
    0x9a, 0x7d, 0x7, 0x25, 0xd, 0xe, 0x94, 0x1f,
    0xd0, 0x98, 0x7f, 0x9b, 0xd0, 0x6c, 0x8, 0x7d,
    0x7d, 0x23, 0x1, 0xc4, 0x50, 0x38, 0x18, 0x1f,
    0xa1, 0xe2, 0xa2, 0x50, 0x81, 0xf4, 0x1b, 0x87,
    0x46, 0x28, 0x41, 0xfe, 0x8a, 0x6, 0x70, 0x28,
    0x3f, 0xce, 0x87, 0xde, 0x80,

    /* U+7ECF "经" */
    0xc, 0xa0, 0xff, 0xe4, 0x51, 0x3, 0x5f, 0xc8,
    0x72, 0x28, 0x25, 0xff, 0x7, 0x44, 0x13, 0xfe,
    0x48, 0x39, 0x20, 0x90, 0xf2, 0xe0, 0xe8, 0x41,
    0x44, 0x33, 0x10, 0x74, 0x60, 0x50, 0x84, 0xc1,
    0xf2, 0x85, 0x50, 0xc2, 0x61, 0x34, 0x3d, 0x44,
    0x82, 0xa1, 0xd9, 0x60, 0x6f, 0x42, 0x8b, 0x56,
    0x16, 0x9a, 0x20, 0x98, 0x9, 0x40, 0xea, 0x7,
    0x64, 0x15, 0xa1, 0xf3, 0xa0, 0x8c, 0xb, 0x7f,
    0xf9, 0x6, 0x9f, 0x58, 0xaa, 0x1, 0xa2, 0x83,
    0x95, 0x51, 0x45, 0x89, 0x50, 0x5f, 0x51, 0x41,
    0xff, 0xdc, 0x6f, 0x83, 0xff, 0x82, 0xfd, 0x20,
    0x43, 0xff, 0x82, 0x81, 0xbf, 0x57, 0x25, 0x72,
    0x7a, 0x42, 0xd7, 0x80, 0xbd, 0x80,

    /* U+7ED1 "绑" */
    0xf, 0xf9, 0xf, 0xfe, 0x15, 0x3, 0x51, 0xf,
    0xfe, 0xa, 0x83, 0xc8, 0x1a, 0xe4, 0x24, 0x83,
    0x61, 0xb5, 0xe0, 0xd2, 0x81, 0x51, 0x44, 0x1e,
    0x44, 0x9, 0x4, 0xa0, 0x2b, 0xc, 0x86, 0x90,
    0x77, 0xa3, 0xd0, 0x72, 0x8, 0x88, 0xc3, 0xfc,
    0x98, 0xa2, 0xd1, 0xf, 0xf6, 0x22, 0x21, 0x67,
    0xa3, 0xc8, 0x4a, 0xb, 0xa0, 0x81, 0x40, 0x50,
    0x72, 0x1d, 0x10, 0x28, 0x94, 0x42, 0x84, 0x32,
    0x83, 0xff, 0x82, 0x90, 0x59, 0x8, 0x7f, 0xf0,
    0x21, 0x30, 0x7a, 0x7c, 0x9f, 0x6, 0x4c, 0x86,
    0xf2, 0xc0, 0x54, 0x1e, 0x47, 0x90, 0xa8, 0x34,
    0x43, 0xfe, 0x55, 0x89, 0x87, 0xac, 0x8b, 0xd4,
    0x22, 0x10, 0xf2, 0x48, 0x1b, 0xd3, 0x10, 0x7d,
    0xe4, 0x14, 0x42, 0x96, 0xf, 0xfe, 0x36, 0x41,
    0xff, 0xc7, 0x70, 0xf5, 0x87, 0x0,

    /* U+7ED3 "结" */
    0xf, 0xfe, 0x1a, 0x83, 0xfd, 0x68, 0x7e, 0xa0,
    0x7f, 0x93, 0xf, 0xfe, 0x54, 0x1f, 0xfc, 0x78,
    0x83, 0x57, 0x2, 0xbc, 0x12, 0xc3, 0xb, 0xc0,
    0x5f, 0x3, 0x20, 0x4a, 0xfe, 0x7, 0xf8, 0x84,
    0x8, 0xa0, 0xff, 0xe1, 0x23, 0xe8, 0x83, 0xff,
    0x88, 0xa8, 0x10, 0x1f, 0xc0, 0xfd, 0x3, 0xa2,
    0x28, 0xa, 0xaf, 0xec, 0x3b, 0x20, 0xd2, 0xff,
    0x83, 0x44, 0x1f, 0xfc, 0x79, 0x16, 0x81, 0xff,
    0xe0, 0xa4, 0x1d, 0x10, 0x25, 0x78, 0x3b, 0x3,
    0x4f, 0x6, 0x5f, 0x83, 0x3e, 0x94, 0x1f, 0xfc,
    0xc4, 0x3f, 0xf8, 0x6a, 0xa7, 0xd2, 0x15, 0x79,
    0xd, 0x45, 0x1, 0x90, 0x97, 0xc1, 0xca, 0xbe,
    0x90, 0xdf, 0xe4, 0x35, 0x10, 0xf9, 0xf, 0xfe,
    0x57, 0x83, 0xd6, 0x0,

    /* U+7ED9 "给" */
    0xf, 0xfe, 0xb, 0x21, 0xfe, 0x78, 0x3e, 0x9c,
    0x3f, 0xd9, 0x7, 0xff, 0x21, 0xf, 0xd0, 0x14,
    0x1f, 0x92, 0xf, 0x93, 0x20, 0xfd, 0x9, 0x68,
    0x21, 0x22, 0xf, 0x24, 0x4, 0x40, 0x90, 0x8c,
    0x1d, 0x8, 0x88, 0x32, 0xb, 0x18, 0x28, 0x1e,
    0x88, 0x85, 0x6, 0xc7, 0x4c, 0x3a, 0x24, 0x7f,
    0xc8, 0x21, 0xf8, 0x8, 0x92, 0xfd, 0xe7, 0xc,
    0x90, 0x39, 0xaf, 0x92, 0xe, 0x84, 0x24, 0x3f,
    0xf8, 0x70, 0xb4, 0xf, 0xfe, 0x83, 0x48, 0xd1,
    0xc, 0xbe, 0xf, 0x60, 0x55, 0x3, 0x57, 0x83,
    0xcf, 0xa8, 0xa0, 0xff, 0xee, 0xaa, 0xf0, 0x7f,
    0xf1, 0x3d, 0x44, 0x43, 0x7f, 0x83, 0xf3, 0x7a,
    0xd, 0x5c, 0x87, 0xbd, 0x21, 0xf2, 0xf4, 0x1c,

    /* U+7EDC "络" */
    0xf, 0xfe, 0xc3, 0xe0, 0xff, 0xe0, 0xda, 0x1d,
    0x90, 0x7f, 0xf0, 0x51, 0xe, 0x4e, 0xbc, 0x87,
    0x22, 0x1c, 0x81, 0x7f, 0x7, 0x44, 0x21, 0x40,
    0xfd, 0x8, 0x72, 0x40, 0xb2, 0x9, 0xa, 0x20,
    0xe8, 0x48, 0x58, 0xc8, 0x11, 0x7, 0x62, 0xe2,
    0xcc, 0x8e, 0x58, 0x3e, 0x68, 0x45, 0x81, 0x42,
    0x41, 0xeb, 0xe0, 0x21, 0xca, 0x9, 0xf, 0x20,
    0x8c, 0x33, 0xc4, 0x97, 0x7, 0xca, 0xa, 0xe1,
    0xdb, 0x47, 0xc1, 0xb2, 0x10, 0xce, 0xbb, 0x43,
    0xd8, 0x3d, 0x56, 0xaa, 0xf2, 0xbc, 0x1f, 0x34,
    0xd, 0xfe, 0xf, 0xaf, 0xa4, 0x3f, 0xf8, 0xc8,
    0x66, 0xf, 0xfe, 0x32, 0xae, 0x43, 0xff, 0x88,
    0xf4, 0x55, 0x86, 0xff, 0x7, 0x91, 0xb9, 0xe,
    0x5f, 0x7, 0xdc, 0x87, 0xea, 0xf0, 0x7f, 0xf1,
    0x2c, 0x3d, 0xc1, 0x0,

    /* U+7EDD "绝" */
    0xf, 0xfe, 0xc, 0x1f, 0xfc, 0x17, 0x43, 0xa6,
    0xf, 0xfe, 0x4, 0x1f, 0x24, 0x1f, 0xf2, 0x28,
    0x34, 0xf, 0xe8, 0x3d, 0x90, 0x65, 0xb, 0x81,
    0x7, 0x94, 0x1d, 0x15, 0xb1, 0xf, 0x64, 0xd,
    0x85, 0x5, 0x10, 0x74, 0x40, 0x8a, 0x30, 0x48,
    0x87, 0x92, 0xf2, 0x60, 0xfd, 0xf, 0xc1, 0x2a,
    0x80, 0x83, 0x2c, 0x5, 0x7, 0x51, 0x42, 0x83,
    0x54, 0x34, 0x43, 0xec, 0x83, 0xff, 0x8f, 0x18,
    0x7f, 0xf1, 0xe6, 0x2, 0x82, 0x58, 0x5c, 0x1a,
    0x4b, 0xd6, 0x15, 0x40, 0xa0, 0x74, 0x5, 0x54,
    0x17, 0xfc, 0x87, 0x7a, 0x8a, 0xf, 0xfa, 0xc3,
    0xfc, 0x87, 0xff, 0x11, 0x57, 0xd0, 0x7f, 0xcc,
    0xe, 0x88, 0xd8, 0x7f, 0xd3, 0x1, 0xbd, 0x20,
    0xce, 0xbe, 0x4, 0x72, 0x1e, 0x50, 0xbf, 0x10,

    /* U+7EDF "统" */
    0xf, 0xfe, 0x12, 0x83, 0xfe, 0x60, 0xfd, 0x40,
    0xff, 0xa5, 0x7, 0xc8, 0x87, 0xf2, 0x4, 0x3e,
    0xd4, 0x1f, 0xd9, 0x85, 0xfd, 0x3f, 0xe0, 0x96,
    0x4, 0x56, 0x55, 0x79, 0xa, 0x21, 0x5a, 0xf8,
    0x5e, 0x81, 0x8, 0x22, 0x9, 0x14, 0x1f, 0x91,
    0xf0, 0xa0, 0xa2, 0x3, 0x87, 0x35, 0x2, 0xb,
    0x30, 0xec, 0x34, 0xac, 0x80, 0xe4, 0x1c, 0x98,
    0x79, 0x60, 0xeb, 0xf4, 0x82, 0xd, 0x90, 0x48,
    0x66, 0x7, 0x83, 0xa0, 0x53, 0xc7, 0xa3, 0x43,
    0x70, 0x14, 0x5, 0x8, 0x7f, 0xf0, 0xd5, 0x4f,
    0xa0, 0xb1, 0xf, 0xf4, 0xa0, 0xf9, 0xf, 0xfe,
    0x2b, 0xa2, 0x21, 0xff, 0x2a, 0xf4, 0x14, 0x61,
    0xf6, 0x9d, 0x11, 0xf3, 0xa, 0xf, 0x26, 0x4d,
    0xe8, 0x12, 0x41, 0xd5, 0x10, 0xc8, 0x69, 0x30,
    0xd0, 0xa1, 0xf, 0xea, 0x61, 0xcf, 0xe8,

    /* U+7EE7 "继" */
    0xd, 0x7, 0xfd, 0xe0, 0xfc, 0xac, 0x3f, 0xf8,
    0x48, 0x76, 0x41, 0x59, 0x61, 0xeb, 0xc, 0x88,
    0x7b, 0x10, 0xc8, 0x84, 0x90, 0x7c, 0x98, 0x6c,
    0x82, 0x94, 0x5a, 0x1c, 0x86, 0x43, 0x44, 0x4,
    0x43, 0x78, 0x37, 0x82, 0x4f, 0x84, 0x3f, 0xf8,
    0xab, 0x2, 0xd, 0xf8, 0x1f, 0x93, 0xa2, 0x61,
    0xcb, 0x4, 0xbc, 0x12, 0x41, 0xea, 0x82, 0xac,
    0x13, 0x28, 0x3f, 0x21, 0x30, 0x66, 0x20, 0xfe,
    0x82, 0xd8, 0x2c, 0x1f, 0x21, 0xd1, 0x2, 0x14,
    0xc, 0xa, 0x90, 0xca, 0x10, 0xb2, 0x3, 0xea,
    0x21, 0x98, 0xc3, 0x98, 0x3f, 0xf8, 0xb, 0x7,
    0xa4, 0x39, 0x54, 0xd, 0x40, 0xff, 0x7d, 0x44,
    0x3f, 0xbc, 0x1f, 0x9b, 0xd0, 0x55, 0xff, 0xc0,
    0x3d, 0x21, 0xe5, 0xff, 0xe0, 0x0,

    /* U+7EEA "绪" */
    0xf, 0xfe, 0x12, 0x83, 0xff, 0x83, 0xa1, 0xf5,
    0x87, 0xff, 0x2, 0x30, 0xff, 0xe0, 0x3a, 0x1e,
    0x48, 0x34, 0xc2, 0xc4, 0x41, 0xc8, 0x86, 0x54,
    0x82, 0x88, 0x30, 0xe8, 0x87, 0x9f, 0x87, 0xd1,
    0x87, 0x44, 0x8, 0xc3, 0xec, 0x83, 0x94, 0x22,
    0x28, 0x24, 0x10, 0x10, 0x20, 0x81, 0xe8, 0xa7,
    0xd0, 0xa0, 0x7d, 0x22, 0x28, 0x11, 0x7e, 0x81,
    0x7e, 0x92, 0xe8, 0x4, 0x3d, 0x12, 0x19, 0xe,
    0x8c, 0x33, 0x62, 0x2e, 0xf, 0x2c, 0x1d, 0x20,
    0x6b, 0x83, 0x98, 0xda, 0x8, 0x2f, 0xe4, 0x3d,
    0x2, 0x8a, 0xa0, 0x10, 0xff, 0xe0, 0x2a, 0xf9,
    0x41, 0x57, 0x90, 0xf5, 0x10, 0xa7, 0x2, 0xf8,
    0x3f, 0xf8, 0x2c, 0x17, 0xf9, 0xf, 0x2a, 0xfa,
    0xf, 0xfe, 0x27, 0x44, 0x68, 0x1b, 0xfc, 0x87,
    0x45, 0xe9, 0x41, 0x97, 0xc1, 0xe7, 0x43, 0xfa,
    0xbc, 0x86,

    /* U+7EED "续" */
    0xf, 0xfe, 0x1a, 0x83, 0xfe, 0xb8, 0x3f, 0x50,
    0x3f, 0xe4, 0xc3, 0xff, 0x94, 0xa0, 0xbf, 0x81,
    0xfd, 0x6, 0x88, 0x35, 0x70, 0x2b, 0xb0, 0xca,
    0x7, 0xb, 0xc0, 0x5f, 0x5, 0x18, 0x85, 0xfc,
    0xf, 0xe0, 0x94, 0x24, 0x42, 0xff, 0x83, 0xa0,
    0x78, 0x81, 0x42, 0xae, 0xa1, 0xa, 0x54, 0x4,
    0x29, 0xc6, 0x82, 0x61, 0x34, 0x4, 0x1a, 0x4c,
    0x33, 0xa1, 0xe8, 0x42, 0x9a, 0x60, 0xc3, 0xfa,
    0x30, 0xea, 0x21, 0xff, 0xc0, 0xd2, 0x9a, 0x4b,
    0x7, 0xff, 0xd, 0x70, 0x28, 0x87, 0xff, 0x2,
    0x9f, 0x40, 0xf5, 0xe8, 0xbf, 0x82, 0x50, 0x79,
    0x55, 0x2, 0xbc, 0x1f, 0x32, 0x51, 0x58, 0xbf,
    0x1, 0xfd, 0x38, 0x69, 0x29, 0xc1, 0xc8, 0x1b,
    0xd0, 0xda, 0x66, 0x3c, 0x1b, 0xd2, 0x7, 0x92,
    0xc0, 0xf0, 0xe1, 0xfc, 0xc5, 0xa1, 0xce, 0xe1,
    0xfe, 0x74, 0x3f, 0xa0, 0x0,

    /* U+7F13 "缓" */
    0xf, 0xfe, 0x7f, 0x83, 0xe5, 0xa9, 0xf0, 0x72,
    0x1d, 0xfa, 0xa5, 0xa, 0xe, 0xc8, 0x29, 0xab,
    0xf5, 0x41, 0xcb, 0x8, 0x9a, 0x70, 0x2c, 0x3a,
    0x20, 0x50, 0x8, 0x88, 0x90, 0x65, 0x81, 0x7,
    0xe4, 0x84, 0x34, 0x34, 0x54, 0xf2, 0xad, 0x16,
    0xf, 0x28, 0x8a, 0xfc, 0x34, 0x41, 0xf2, 0x40,
    0xfc, 0x3f, 0xe4, 0x32, 0xe1, 0x74, 0x5, 0xf4,
    0x1a, 0x20, 0x75, 0x23, 0x5e, 0x42, 0xcc, 0x2b,
    0xe1, 0xff, 0xc0, 0xc1, 0xf2, 0x12, 0x61, 0xfe,
    0x40, 0xb8, 0x28, 0xbf, 0xc8, 0x57, 0xaa, 0x9,
    0x3, 0xf4, 0x4, 0x3f, 0x28, 0x10, 0xa0, 0xa3,
    0xc, 0xd3, 0xd4, 0x33, 0x8c, 0x88, 0x3a, 0x50,
    0xd3, 0x10, 0x46, 0xb0, 0x73, 0x7a, 0x61, 0x83,
    0xca, 0xe, 0x90, 0x91, 0x87, 0x89, 0x2f, 0x83,
    0xe7, 0x8a, 0x16, 0xdc, 0x4, 0x3f, 0xea, 0x68,
    0x67, 0xd0,

    /* U+7F51 "网" */
    0xaf, 0xfe, 0x42, 0xff, 0xf2, 0x1, 0xff, 0xfc,
    0x40, 0xff, 0xe9, 0x78, 0x3b, 0x83, 0xde, 0xf,
    0xe4, 0x3f, 0x42, 0x25, 0x30, 0x64, 0x1e, 0x48,
    0x87, 0x21, 0xf, 0xec, 0x84, 0x5a, 0x10, 0xfe,
    0x51, 0x82, 0x12, 0xf, 0xe8, 0x8, 0x48, 0x7f,
    0xf0, 0x10, 0x21, 0xff, 0xc4, 0x81, 0x4, 0x81,
    0xf, 0xd1, 0x42, 0x32, 0x20, 0xfc, 0x8a, 0x24,
    0x58, 0x83, 0xd1, 0x3, 0x62, 0x21, 0xe, 0x5c,
    0x14, 0x41, 0x78, 0x39, 0xe0, 0xdc, 0x87, 0xff,
    0x19, 0xf, 0x21, 0xff, 0xc5, 0xf4, 0x21, 0xff,
    0xc3, 0x85, 0x40,

    /* U+7F6E "置" */
    0x2, 0xff, 0xf1, 0x43, 0xab, 0xff, 0x8c, 0x19,
    0x3e, 0x8f, 0xa3, 0xf0, 0x79, 0x16, 0xc5, 0xb1,
    0x70, 0x7e, 0xa9, 0x2a, 0x4a, 0xc1, 0xef, 0xfc,
    0x3f, 0xf4, 0x13, 0x45, 0xf0, 0xbf, 0x50, 0x29,
    0x55, 0xe0, 0x57, 0x94, 0x17, 0xfe, 0x8b, 0xff,
    0x7, 0xbf, 0xa2, 0xfe, 0x83, 0xfd, 0x5f, 0xe3,
    0xf, 0xf2, 0xff, 0x83, 0xff, 0x81, 0xff, 0xe0,
    0xff, 0xe0, 0x7f, 0xf8, 0x3f, 0xf8, 0x15, 0xfe,
    0xf, 0xfe, 0xb7, 0xff, 0x83, 0xff, 0x81, 0x5f,
    0xe0, 0xff, 0x9f, 0xff, 0x7, 0xaf, 0x87, 0xff,
    0xc5, 0xf5, 0x7f, 0xf2, 0xc0,

    /* U+7F8E "美" */
    0xf, 0xfe, 0x12, 0x1f, 0xfc, 0x1f, 0x7, 0xac,
    0x3f, 0xf8, 0x11, 0x86, 0x88, 0x3f, 0x2e, 0x2,
    0xf8, 0xb, 0x83, 0x57, 0xd, 0x60, 0x57, 0x6,
    0xff, 0xc0, 0xff, 0xc1, 0xff, 0xcf, 0x65, 0xe0,
    0x2f, 0x48, 0x7c, 0xd7, 0x2, 0xb9, 0xc3, 0xcf,
    0xf8, 0x1f, 0xe8, 0x3f, 0xf9, 0xdf, 0xfc, 0xf,
    0xfe, 0x5, 0x7f, 0x35, 0xfe, 0x2, 0xff, 0xa5,
    0xfe, 0xa, 0x8b, 0xd0, 0x17, 0xe9, 0x9, 0x55,
    0xc8, 0x2b, 0xe7, 0xb, 0xfe, 0xd, 0xff, 0x41,
    0xfd, 0x16, 0x61, 0xff, 0xc3, 0x96, 0x33, 0x43,
    0xfe, 0x75, 0x41, 0x65, 0xc1, 0xcd, 0xe8, 0xa0,
    0x77, 0xf, 0xa4, 0x8, 0x2d, 0xf, 0x9e, 0x2,
    0x86, 0xf2, 0x1f, 0xf3, 0xe8,

    /* U+7F9E "羞" */
    0xf, 0x41, 0xe5, 0x7, 0xff, 0x1, 0x58, 0x75,
    0x41, 0xff, 0x28, 0x82, 0x46, 0xf, 0x97, 0x81,
    0xad, 0x1a, 0xe8, 0x2a, 0xe4, 0xac, 0xa, 0xe5,
    0x3, 0xfe, 0x87, 0xff, 0x90, 0xff, 0xe6, 0xff,
    0xa1, 0xff, 0xc1, 0xdf, 0xe0, 0x7f, 0xe8, 0x3f,
    0xc8, 0x87, 0xe4, 0x2f, 0xfa, 0x1f, 0xff, 0x8a,
    0xf8, 0x15, 0xff, 0xc0, 0x17, 0xd9, 0x2f, 0xff,
    0x0, 0x3c, 0xa2, 0xff, 0xe8, 0x3f, 0x45, 0x40,
    0xac, 0x87, 0xf6, 0x4b, 0x1, 0x76, 0x1f, 0xb1,
    0xd6, 0x2, 0xec, 0xc3, 0x39, 0x6d, 0x40, 0xac,
    0x87, 0x50, 0x95, 0xf4, 0x3f, 0xa0, 0xe9, 0x90,
    0xfb, 0xd, 0x87, 0xa5, 0x57, 0x8e, 0xb2, 0x74,
    0x42, 0xd7, 0x80, 0xbc, 0x5, 0xb0,

    /* U+8003 "考" */
    0xf, 0xf5, 0x3, 0xff, 0x92, 0xa0, 0xff, 0xe8,
    0xb8, 0x7e, 0xfe, 0x7, 0xe1, 0x84, 0x3e, 0xae,
    0x5, 0x4a, 0x8d, 0xf, 0x97, 0x80, 0xb7, 0x18,
    0x7f, 0xf1, 0x98, 0xc3, 0xea, 0xfc, 0xa, 0x86,
    0xb9, 0x17, 0xf8, 0xa, 0x2, 0xfb, 0x1f, 0xfe,
    0x5, 0xff, 0xa0, 0xfe, 0xb3, 0x43, 0xff, 0x88,
    0xe8, 0xd7, 0xe0, 0xfc, 0xf0, 0x4b, 0xfc, 0x1c,
    0xdc, 0x5e, 0x7, 0xfe, 0xd, 0x44, 0xb4, 0x88,
    0x3f, 0xf8, 0x13, 0xe4, 0xa, 0x2f, 0xf9, 0xe,
    0x83, 0x91, 0x7e, 0x2, 0x1f, 0xfc, 0xe, 0xbe,
    0xf, 0xff, 0xa, 0x21, 0xff, 0xc3, 0x6a, 0xe2,
    0xf, 0xfe, 0x22, 0xc0, 0x83, 0xff, 0x88, 0xdf,
    0x90, 0xe0,

    /* U+8046 "聆" */
    0xf, 0xfe, 0xdf, 0xa0, 0xf9, 0x7f, 0xe0, 0xff,
    0xe0, 0xd7, 0xf8, 0x28, 0x90, 0xfb, 0xc3, 0xf0,
    0x34, 0x8, 0x90, 0x7f, 0xf1, 0xa2, 0x25, 0x7,
    0xff, 0x11, 0x70, 0xa8, 0x3f, 0x3f, 0x6, 0x89,
    0xc8, 0xd0, 0xfa, 0xa0, 0xb2, 0xa, 0x22, 0xc3,
    0x97, 0x2, 0x14, 0x22, 0x38, 0x87, 0xfd, 0x50,
    0x56, 0x17, 0x7, 0xff, 0x1, 0xc, 0x87, 0xfc,
    0xfc, 0x15, 0xff, 0xc8, 0x7d, 0x50, 0x5d, 0x7c,
    0x28, 0x3c, 0xb8, 0x25, 0xfb, 0x20, 0xff, 0xe0,
    0xb0, 0x20, 0x2a, 0xf, 0xcd, 0x30, 0x40, 0x56,
    0xc2, 0x1d, 0xe0, 0x2c, 0xe, 0x14, 0x46, 0x1e,
    0x46, 0xf4, 0x1e, 0xa0, 0x7f, 0x5c, 0x87, 0xf9,
    0x8c, 0x3f, 0xf9, 0x2c, 0x21, 0xff, 0xc9, 0x74,
    0x30,

    /* U+804A "聊" */
    0xf, 0xfe, 0x12, 0x1f, 0xd5, 0xfc, 0x37, 0x61,
    0xf9, 0x7f, 0xa8, 0x8c, 0x7f, 0x46, 0x9e, 0x4f,
    0x3, 0xd2, 0x12, 0x83, 0xff, 0x89, 0x20, 0x68,
    0x1f, 0xfc, 0x46, 0xf, 0xfb, 0xc8, 0x7f, 0xf2,
    0x14, 0x1f, 0xfc, 0x9a, 0x21, 0xff, 0xf6, 0xa2,
    0x1f, 0xfc, 0x85, 0x7, 0xd0, 0x87, 0xfd, 0xe4,
    0x3b, 0x43, 0xff, 0x8e, 0x8c, 0x1f, 0xfc, 0x5a,
    0x74, 0x6, 0x15, 0x98, 0x6b, 0x44, 0x9, 0x8,
    0x79, 0x5a, 0x2c, 0x70, 0x11, 0xd, 0x78, 0x46,
    0xe0, 0xf4, 0x41, 0xfd, 0xc8, 0x7d, 0x90, 0x64,
    0x3f, 0xf8, 0x2e, 0x28, 0x3f, 0xf8, 0xca, 0xa0,
    0x7f, 0x80,

    /* U+8054 "联" */
    0xf, 0xfe, 0x2a, 0x1f, 0xfc, 0x4e, 0xd, 0x61,
    0xbf, 0xfc, 0x2c, 0x19, 0xd, 0x40, 0x79, 0x28,
    0x44, 0x8, 0x83, 0x28, 0x43, 0x28, 0x14, 0x2,
    0x83, 0xff, 0x87, 0x4f, 0x50, 0x15, 0x7, 0x34,
    0x43, 0x2f, 0xb, 0x83, 0xca, 0xd, 0x7c, 0x9f,
    0xc1, 0xcf, 0x90, 0xf9, 0xf, 0xff, 0x6b, 0x44,
    0xd, 0x60, 0x57, 0x7, 0x94, 0x19, 0x70, 0x17,
    0xc1, 0x9f, 0x20, 0x7f, 0x2, 0xfc, 0x87, 0xff,
    0x9, 0x6, 0x1f, 0xfc, 0x2b, 0xa, 0x24, 0x3e,
    0x47, 0xc8, 0xc1, 0x94, 0x61, 0xd4, 0x3, 0x26,
    0x83, 0x22, 0x20, 0xdb, 0x72, 0x1d, 0x8, 0x16,
    0x82, 0x64, 0x3e, 0x51, 0x5, 0xf, 0x7, 0xf9,
    0x88, 0x3b, 0x6, 0x1f, 0xe5, 0x48, 0x7b, 0x50,

    /* U+80FD "能" */
    0xf, 0xfe, 0x73, 0xc1, 0xee, 0xf, 0xfa, 0x30,
    0xff, 0x9c, 0x3a, 0x14, 0x48, 0x79, 0xe1, 0x9,
    0x68, 0xc, 0x19, 0xe2, 0xd0, 0x31, 0x5, 0x18,
    0x67, 0xc8, 0x68, 0x1f, 0xa0, 0x60, 0x60, 0xd0,
    0x11, 0x6a, 0xc2, 0x1f, 0x2a, 0x2e, 0xa5, 0xdc,
    0x6, 0xb8, 0x80, 0xbf, 0xc0, 0x85, 0xc4, 0x15,
    0x7e, 0xc0, 0xff, 0x90, 0xcf, 0xf0, 0x65, 0x7,
    0xff, 0x22, 0xc3, 0x21, 0xcf, 0xf0, 0x7e, 0x7a,
    0x7, 0x56, 0x43, 0xcf, 0xc, 0x19, 0x7a, 0xe,
    0x62, 0xe0, 0xe6, 0xb8, 0x3d, 0xe4, 0x3f, 0x2f,
    0x7, 0x21, 0xfe, 0x7f, 0x83, 0xfe, 0xd0, 0xff,
    0xe3, 0xa6, 0x1f, 0x90, 0xe5, 0xe8, 0xc3, 0xee,
    0x30, 0x25, 0x61, 0x40, 0xe0, 0xbe, 0x41, 0x7f,
    0xa0,

    /* U+81EA "自" */
    0xf, 0x28, 0x3f, 0xf8, 0x9d, 0x3, 0xff, 0x8b,
    0x87, 0xff, 0xd, 0x10, 0xff, 0x7f, 0x3, 0xff,
    0x83, 0x2f, 0xff, 0x0, 0x3d, 0x5f, 0xfc, 0x4,
    0x3f, 0xfb, 0xbf, 0xff, 0xc0, 0x43, 0xab, 0xff,
    0x80, 0x1e, 0x5f, 0xfe, 0x8, 0x7f, 0xf2, 0xeb,
    0xff, 0x80, 0x87, 0x2f, 0xff, 0x0, 0x3d, 0xff,
    0xfc, 0x4, 0x3f, 0xfb, 0xbf, 0xff, 0xc0, 0x43,
    0x97, 0xff, 0x80, 0x1e, 0xaf, 0xfe, 0x2, 0x1f,
    0xfc, 0x80,

    /* U+81F3 "至" */
    0x5, 0x7f, 0xf1, 0x83, 0x2f, 0xff, 0x18, 0x37,
    0xfa, 0x2f, 0xfe, 0xf, 0xf4, 0x61, 0xff, 0xc6,
    0x86, 0xa, 0x43, 0xff, 0x80, 0xb4, 0x19, 0x90,
    0xff, 0x33, 0x7, 0x64, 0x87, 0xea, 0x10, 0x4b,
    0xc4, 0x87, 0xb4, 0x1f, 0xab, 0x20, 0x90, 0xe9,
    0x55, 0x60, 0xfe, 0x83, 0xe6, 0x8b, 0x7, 0xe7,
    0x43, 0xff, 0x9e, 0xd7, 0x81, 0x5e, 0x43, 0xda,
    0xf8, 0xb, 0xec, 0x3d, 0x7f, 0x81, 0xfe, 0x83,
    0xff, 0xc9, 0x5f, 0xc0, 0xaf, 0xe5, 0xff, 0x80,
    0xbf, 0xc3, 0xff, 0xfc, 0x84,

    /* U+822A "航" */
    0xf, 0xfe, 0x1a, 0x1f, 0xfc, 0x1b, 0xf, 0xb8,
    0x3f, 0xf8, 0x28, 0x7e, 0x88, 0x3f, 0xe4, 0x83,
    0xe4, 0x43, 0xf9, 0xe2, 0xf4, 0x2f, 0x4b, 0xa0,
    0xf5, 0x60, 0xab, 0x35, 0xc8, 0x79, 0x14, 0x17,
    0xff, 0xc1, 0xe6, 0x81, 0xff, 0xc9, 0x58, 0x3f,
    0xf9, 0x50, 0x79, 0xff, 0x21, 0xfe, 0xc3, 0xea,
    0x90, 0xfb, 0x8f, 0xc1, 0xf2, 0xb0, 0xf9, 0x42,
    0xe0, 0xf2, 0x1f, 0xeb, 0x2b, 0x7, 0xff, 0x21,
    0xc3, 0xff, 0x94, 0x98, 0x76, 0x1f, 0xfc, 0x1c,
    0x10, 0x87, 0xff, 0x25, 0x90, 0xc8, 0x7f, 0xf0,
    0x54, 0x4, 0x32, 0x21, 0xf7, 0x80, 0x87, 0xf4,
    0x41, 0xff, 0x64, 0xf, 0x2, 0x10, 0xc9, 0x64,
    0x4, 0x32, 0x32, 0x41, 0xd5, 0x90, 0x78, 0x2b,
    0x8f, 0x7, 0x97, 0x0,

    /* U+8272 "色" */
    0xf, 0xfe, 0x8f, 0x90, 0xff, 0xe3, 0x20, 0x43,
    0xff, 0x8d, 0xd, 0x7c, 0x87, 0xfa, 0x2, 0xff,
    0x7, 0xf4, 0xaf, 0xf0, 0x30, 0xfe, 0x92, 0xe,
    0x44, 0x3f, 0x3a, 0x61, 0xe8, 0x83, 0xf4, 0x17,
    0xfc, 0xf, 0xd0, 0x6d, 0xc1, 0x58, 0xd, 0x48,
    0x7d, 0x4, 0xbc, 0x4b, 0x41, 0xff, 0xdf, 0x43,
    0xfe, 0xfc, 0x9f, 0xa0, 0xff, 0xab, 0xfe, 0xf,
    0xf9, 0x7f, 0xf8, 0x1, 0xff, 0xc9, 0xa0, 0x7f,
    0xf8, 0x20, 0xff, 0xe4, 0xb8, 0x7d, 0xd7, 0xfd,
    0x90, 0x76, 0x8b, 0xff, 0xc0, 0x90,

    /* U+83DC "菜" */
    0xf, 0xfe, 0x97, 0x83, 0x78, 0x3f, 0xf8, 0x88,
    0x64, 0x3f, 0xaf, 0xf0, 0xfe, 0x4f, 0xf4, 0x6b,
    0xe0, 0x2e, 0x2, 0xfb, 0x1a, 0xf0, 0xd6, 0x4a,
    0xf2, 0x12, 0x2d, 0x6a, 0xa0, 0x3f, 0x7, 0xae,
    0xbe, 0x58, 0x5e, 0xe, 0xe9, 0xfc, 0xfe, 0xa1,
    0xa1, 0xee, 0x42, 0x54, 0x1a, 0x70, 0xfb, 0x20,
    0x91, 0xc, 0x90, 0x7c, 0xa2, 0x9, 0x41, 0x64,
    0x1f, 0xd1, 0x86, 0x42, 0x94, 0x1f, 0xed, 0xf,
    0xcc, 0x1e, 0xbf, 0xf9, 0x3f, 0xfa, 0x35, 0xf0,
    0x7c, 0xbf, 0x63, 0x5d, 0x83, 0x4c, 0x7a, 0xe4,
    0x3c, 0xc6, 0x1b, 0x68, 0x1f, 0xea, 0x38, 0x7a,
    0x57, 0x21, 0xd6, 0xd0, 0x3f, 0x58, 0xda, 0x3a,
    0x68, 0x7f, 0xdc, 0x28, 0x69, 0x87, 0xff, 0x9,
    0xe0, 0x0,

    /* U+884C "行" */
    0xe, 0x50, 0x7f, 0xf2, 0xa8, 0x87, 0xff, 0x22,
    0x24, 0x2f, 0xff, 0x21, 0xcb, 0x83, 0x2f, 0xf8,
    0x3d, 0x10, 0x75, 0x7f, 0x90, 0xd9, 0x7, 0xff,
    0x22, 0x24, 0xd0, 0xff, 0xe2, 0xd1, 0x22, 0xf,
    0xfe, 0x32, 0x4, 0xc7, 0xd5, 0xfd, 0xe0, 0xec,
    0x43, 0x97, 0xf8, 0x3d, 0x2, 0x3, 0xfe, 0x87,
    0xf0, 0x4a, 0xf, 0xfe, 0x4b, 0x7, 0xff, 0x2a,
    0x24, 0x3f, 0xf9, 0x1c, 0x87, 0xff, 0x29, 0xf,
    0xff, 0xf8, 0x7f, 0xf5, 0xb0, 0xff, 0x90, 0xfe,
    0xf2, 0x61, 0xff, 0xc7, 0x86, 0x43, 0x80,

    /* U+8868 "表" */
    0xf, 0xf5, 0x3, 0xff, 0x92, 0xa0, 0xff, 0xec,
    0x7f, 0xe0, 0x7f, 0xe8, 0x32, 0xfe, 0x2, 0xfe,
    0xc3, 0x57, 0xe0, 0x57, 0xe4, 0x39, 0xaf, 0x2,
    0xbe, 0x43, 0xda, 0xf8, 0xb, 0xf6, 0x1e, 0xbf,
    0xc0, 0xff, 0xa0, 0xff, 0xe7, 0x5f, 0xfc, 0xf,
    0xff, 0x1a, 0xfc, 0x12, 0xff, 0xc3, 0x5e, 0xc1,
    0x82, 0xbf, 0x83, 0xea, 0x18, 0x10, 0xd6, 0x87,
    0xe9, 0x10, 0x64, 0x9, 0xf, 0xce, 0x87, 0x22,
    0xa4, 0xd0, 0xcf, 0xe, 0x1d, 0x92, 0xb0, 0xf4,
    0xe, 0xe, 0x54, 0xc, 0x3e, 0xa6, 0x1e, 0xe8,
    0xc5, 0x10, 0xe5, 0x7, 0x38, 0xe3, 0x8d, 0xe8,
    0x3e, 0x42, 0xa0, 0x6e, 0xf, 0xf9, 0x1d, 0xf,
    0x3e, 0xa0, 0x7e, 0xe0, 0xff, 0x90, 0x0,

    /* U+88AB "被" */
    0xe, 0x43, 0xf9, 0x41, 0xfe, 0xa0, 0x7f, 0x70,
    0x7f, 0xa2, 0xf, 0xfe, 0x52, 0x1f, 0xfc, 0x9f,
    0x4, 0xd6, 0x4a, 0xe4, 0x6b, 0xc8, 0x17, 0x1,
    0x7c, 0x6b, 0xf0, 0x5f, 0x27, 0xc1, 0xaf, 0xc2,
    0x1f, 0xfc, 0x5, 0x7, 0xb2, 0xf, 0xfe, 0x5,
    0x3, 0xa2, 0x20, 0xff, 0xe2, 0xa8, 0x66, 0x7,
    0xc9, 0xf4, 0x19, 0x81, 0xaa, 0x2, 0x35, 0x26,
    0x15, 0x3, 0xa0, 0xa0, 0x2c, 0x4, 0x24, 0xd3,
    0x33, 0x2, 0x82, 0x43, 0xbc, 0x1a, 0xe, 0xc4,
    0x48, 0x3f, 0xce, 0x28, 0x48, 0x84, 0x3f, 0xf8,
    0x9, 0x82, 0x32, 0xf, 0xfe, 0xe, 0x20, 0x42,
    0x43, 0xff, 0x82, 0xa0, 0xa0, 0xa0, 0xff, 0xe0,
    0x64, 0xd, 0x5a, 0xb9, 0xf, 0xd0, 0x96, 0x50,
    0xb1, 0x90, 0xc8, 0x26, 0x37, 0x43, 0x79, 0x40,

    /* U+8981 "要" */
    0x1a, 0xff, 0xe4, 0x6, 0x5f, 0xfe, 0x48, 0x1f,
    0xf4, 0x5e, 0x8b, 0xfc, 0x87, 0xff, 0x42, 0xfd,
    0x17, 0xa2, 0xfd, 0x7, 0xe5, 0x80, 0xb8, 0x5c,
    0x1f, 0xee, 0xa3, 0xa6, 0x74, 0xc3, 0xff, 0xad,
    0xab, 0x35, 0x66, 0xac, 0x3f, 0xcd, 0x11, 0xa2,
    0x34, 0x43, 0xf5, 0xfe, 0x2f, 0xfd, 0x7, 0xff,
    0x2, 0x30, 0xff, 0xe0, 0x3f, 0xf9, 0x1f, 0xff,
    0x85, 0xfc, 0x5, 0xe0, 0x2f, 0x81, 0x5e, 0x4e,
    0xb0, 0x2b, 0xe0, 0xfb, 0x2, 0x12, 0xe0, 0xff,
    0xe0, 0x28, 0x17, 0xa8, 0x41, 0xff, 0xc1, 0x6f,
    0x91, 0x4, 0x87, 0xff, 0xd, 0x91, 0x95, 0x7a,
    0xf, 0x56, 0xf4, 0xae, 0x6e, 0x47, 0xc1, 0x97,
    0xd, 0xc1, 0xcd, 0xc4, 0x1b, 0xbe, 0x90, 0xff,
    0x3a, 0x0,

    /* U+8986 "覆" */
    0x2, 0xff, 0xf2, 0x2, 0xaf, 0xfe, 0x40, 0x5f,
    0xe4, 0xfc, 0x3f, 0xe0, 0xd7, 0xe4, 0xfc, 0x3f,
    0xc1, 0xf5, 0x49, 0x58, 0x6a, 0x43, 0xf2, 0xc0,
    0x5c, 0x5, 0x83, 0xfb, 0xe4, 0xfc, 0x3f, 0x21,
    0xea, 0x9a, 0xc3, 0x5f, 0x83, 0xce, 0xca, 0x86,
    0xbf, 0x21, 0xd2, 0xb7, 0x2b, 0xfc, 0x85, 0x6d,
    0x8, 0x15, 0xfc, 0x19, 0x44, 0xa2, 0x4a, 0xfc,
    0x1c, 0xda, 0xa5, 0x61, 0xff, 0xc3, 0x46, 0xe,
    0xaf, 0xc1, 0xf5, 0xd, 0x32, 0xff, 0x41, 0xce,
    0x87, 0xd7, 0xfa, 0xe, 0x9e, 0xd, 0x68, 0xd7,
    0x90, 0xb8, 0x3c, 0xe8, 0xd7, 0x61, 0xff, 0x73,
    0x83, 0xe1, 0x83, 0xfe, 0xf4, 0x67, 0x6c, 0x1f,
    0xfc, 0x5, 0xa8, 0x4, 0x12, 0xc1, 0xfd, 0x52,
    0x5e, 0x81, 0x50, 0x73, 0x83, 0xf4, 0x81, 0xa7,
    0xc0,

    /* U+89C6 "视" */
    0xc, 0x87, 0xff, 0x29, 0xb0, 0xcb, 0xff, 0x7,
    0x90, 0x21, 0x75, 0xfd, 0x87, 0xd9, 0x87, 0x7f,
    0xc1, 0xfe, 0xa0, 0x7f, 0xf1, 0xab, 0x74, 0xf,
    0x32, 0x1f, 0x97, 0xe0, 0xf6, 0x87, 0xf7, 0xf0,
    0x87, 0xff, 0x26, 0x30, 0xfc, 0x87, 0xfc, 0xa1,
    0xf, 0xfe, 0x44, 0x41, 0xff, 0xc8, 0x82, 0xc3,
    0xc8, 0x7f, 0xd2, 0xc, 0x83, 0xff, 0x89, 0x21,
    0x42, 0x1f, 0xe4, 0x39, 0x24, 0x14, 0x2c, 0x87,
    0x4a, 0x6, 0xb4, 0x25, 0x6, 0x4c, 0x3f, 0x90,
    0xff, 0x24, 0x1f, 0xfc, 0x98, 0x43, 0xc8, 0x7f,
    0xf0, 0x73, 0xf, 0xac, 0x3f, 0xe8, 0xc3, 0xff,
    0x91, 0xb8, 0x75, 0x58, 0x87, 0xf6, 0x61, 0x90,
    0x28, 0x10, 0x75, 0x83, 0xc1, 0xef, 0xf0, 0x0,

    /* U+89C8 "览" */
    0xf, 0x28, 0x33, 0x21, 0xfd, 0xe0, 0x72, 0x14,
    0x87, 0xff, 0x11, 0xe, 0x43, 0xff, 0x8c, 0x83,
    0xfe, 0x43, 0xfe, 0x85, 0xfe, 0xf, 0xfe, 0x3,
    0x42, 0xb8, 0x3f, 0xec, 0x85, 0x68, 0x7f, 0xf0,
    0x98, 0xc, 0x50, 0x3c, 0x86, 0x49, 0x9, 0xc4,
    0x3b, 0x81, 0x68, 0x7e, 0xf0, 0x7d, 0x5f, 0xfc,
    0x14, 0x3f, 0x2f, 0xff, 0x7, 0xf, 0xe7, 0xff,
    0xc1, 0xff, 0xc3, 0x43, 0xff, 0x93, 0xe0, 0xff,
    0xe4, 0x28, 0x3f, 0xf8, 0xe9, 0x4c, 0x3f, 0xf8,
    0xb0, 0x7c, 0xe1, 0xfb, 0x8c, 0xc3, 0xd2, 0xd,
    0xe, 0x72, 0xf, 0xfe, 0x6, 0x2a, 0xe3, 0x43,
    0x6b, 0xd9, 0xb4, 0x4b, 0xd, 0x2, 0xb8, 0x95,
    0x4f, 0x21, 0xef, 0xfc, 0x80,

    /* U+89D2 "角" */
    0xf, 0x94, 0x1f, 0xfc, 0x7a, 0x21, 0xff, 0xc5,
    0x85, 0x7, 0xff, 0x11, 0x43, 0xff, 0x41, 0xf9,
    0x85, 0xf8, 0x10, 0x7c, 0xc7, 0x5e, 0x4, 0x1f,
    0x50, 0xc3, 0xcb, 0x83, 0xda, 0xf, 0xfa, 0x1f,
    0xe0, 0x4e, 0x5, 0xe0, 0x2f, 0x6, 0x60, 0x35,
    0xc3, 0x5c, 0x1f, 0xfd, 0x17, 0xf8, 0x7f, 0x83,
    0xf9, 0x78, 0xb, 0xc1, 0xe4, 0xaf, 0xd, 0x70,
    0x7f, 0xf3, 0xf2, 0xfe, 0x1f, 0xe0, 0xfc, 0xbe,
    0x2, 0xf0, 0x79, 0x2b, 0xc3, 0x5c, 0x1c, 0x88,
    0x7f, 0xf1, 0xa2, 0xf, 0xfe, 0x2e, 0x21, 0xff,
    0x3e, 0xf, 0x41, 0xf9, 0x2, 0x14, 0xf, 0x7,
    0xef, 0x5, 0x79, 0x0,

    /* U+89E3 "解" */
    0xe, 0x83, 0xff, 0x92, 0xac, 0x39, 0x97, 0xf0,
    0x76, 0x41, 0xdb, 0x5f, 0x83, 0x28, 0xbe, 0x8b,
    0xc0, 0xf9, 0xe, 0x8a, 0x81, 0x7, 0x21, 0x21,
    0xb2, 0x50, 0x20, 0xd1, 0x7, 0xd0, 0x4a, 0x80,
    0xa0, 0x21, 0xfe, 0x4a, 0x81, 0x51, 0x90, 0x3c,
    0x40, 0xa0, 0x3c, 0x3a, 0x12, 0x80, 0xa9, 0xf,
    0xfe, 0x17, 0x2, 0xe4, 0x3e, 0xf0, 0xe8, 0x5a,
    0x38, 0x7f, 0x28, 0x8, 0x76, 0x1f, 0xfc, 0xa,
    0xc, 0x82, 0x1c, 0x7e, 0x43, 0xff, 0x82, 0x94,
    0x5, 0x14, 0x1d, 0xe1, 0xd0, 0xa5, 0xb, 0x41,
    0xe5, 0x1, 0xb, 0x43, 0xff, 0x80, 0xd0, 0x64,
    0xbf, 0xf, 0xe0, 0x26, 0x1f, 0x75, 0x81, 0x45,
    0x3, 0x10, 0xf9, 0x78, 0x5a, 0x80, 0x43, 0xe4,
    0x3f, 0xf8, 0x28, 0x85, 0x4c, 0x43, 0xff, 0x80,
    0xd0, 0x24, 0xf4, 0x1f, 0xf0,

    /* U+89E6 "触" */
    0xe, 0x43, 0xfc, 0xa0, 0xff, 0xac, 0x3f, 0xb8,
    0x3f, 0xd1, 0x7, 0xff, 0x25, 0x2f, 0x90, 0xff,
    0xe2, 0x65, 0x10, 0x21, 0xff, 0xc3, 0xc9, 0x40,
    0xc0, 0xfc, 0x9f, 0x41, 0x62, 0x85, 0x7, 0xa8,
    0x94, 0xe, 0x95, 0xe8, 0x1e, 0x40, 0xa0, 0x28,
    0x39, 0x87, 0x4e, 0xf, 0xfe, 0x5a, 0x1f, 0xfc,
    0x65, 0x85, 0x7, 0xff, 0x1e, 0x5, 0x3, 0xff,
    0x8c, 0xe9, 0xe0, 0xde, 0x4f, 0x7, 0xff, 0x19,
    0x81, 0x40, 0xfc, 0xe9, 0xe0, 0xd2, 0x85, 0x50,
    0x3c, 0xc0, 0x90, 0x30, 0x7a, 0x43, 0x26, 0xa1,
    0x82, 0x43, 0xec, 0x36, 0x21, 0xff, 0xc3, 0x50,
    0x7f, 0xf2, 0x19, 0x10, 0x90, 0xfe, 0xa7, 0x92,
    0x51, 0x82, 0x20, 0x5d, 0x81, 0x43, 0x7d, 0x8,
    0x35, 0x6, 0xc5, 0x5e, 0x90, 0xd2, 0x6, 0xe,
    0x78, 0x43, 0xf3, 0x0,

    /* U+8BA1 "计" */
    0xf, 0xfe, 0x6c, 0x1f, 0xef, 0x7, 0xe9, 0xc3,
    0xfc, 0x87, 0xe9, 0x30, 0xff, 0xe3, 0xc0, 0xc3,
    0xff, 0x8f, 0x88, 0x7f, 0xf2, 0x38, 0x3f, 0xfb,
    0x37, 0xe8, 0x6b, 0xc3, 0x5e, 0xe, 0x4d, 0x7c,
    0x5, 0xf5, 0xf0, 0x97, 0xf8, 0x7f, 0xc1, 0xff,
    0xff, 0xf, 0xfe, 0x43, 0x87, 0xff, 0x1d, 0x84,
    0x3f, 0xf8, 0xac, 0x48, 0x7f, 0xf1, 0xe4, 0x3f,
    0xf8, 0x88, 0x24, 0x3f, 0xf8, 0xa9, 0x21, 0xff,
    0xc7, 0xd0, 0xfe, 0x43, 0xc0,

    /* U+8BA9 "让" */
    0xa, 0xf, 0xea, 0x7, 0xf2, 0xb0, 0xfc, 0xa0,
    0xfe, 0x51, 0x7, 0xff, 0x1e, 0x14, 0x1f, 0xfc,
    0x7e, 0x43, 0xff, 0x90, 0x87, 0xff, 0x6f, 0xf8,
    0x3f, 0xbf, 0xc0, 0xa8, 0x3f, 0xea, 0xe4, 0xb,
    0x7, 0xfc, 0xbd, 0x7, 0xff, 0xfc, 0x3f, 0xfb,
    0xf6, 0x1f, 0xfc, 0x79, 0xf, 0xfe, 0x42, 0xb0,
    0xff, 0xe2, 0x20, 0x60, 0xff, 0xe2, 0xe0, 0x8f,
    0xe0, 0x7f, 0xc1, 0x4e, 0x6, 0xbf, 0xf8, 0x20,

    /* U+8BAF "讯" */
    0xf, 0xfe, 0x63, 0xc1, 0xff, 0xc8, 0x46, 0x5,
    0xff, 0xe0, 0xfb, 0x18, 0xd4, 0x5, 0xc1, 0xfe,
    0xcc, 0x68, 0xa, 0xc8, 0x7f, 0xb4, 0x3f, 0xfe,
    0x77, 0xe0, 0xff, 0xe3, 0x6a, 0xf, 0xfe, 0xa,
    0x1e, 0x68, 0x85, 0x50, 0x2a, 0xf, 0xfe, 0x1a,
    0xc0, 0x5e, 0xf, 0xfe, 0xf, 0xc0, 0xf9, 0xf,
    0xff, 0xda, 0x1f, 0xea, 0x7, 0xec, 0x24, 0x3e,
    0x94, 0x1f, 0x93, 0x3c, 0x1e, 0x4c, 0x3f, 0xc8,
    0x87, 0x20, 0xc3, 0xfc, 0x98, 0x7e, 0xc3, 0xfe,
    0x82, 0x43, 0x78, 0x3f, 0xf8, 0x38, 0x20, 0xff,
    0xbc, 0x1f, 0x78, 0x0,

    /* U+8BB2 "讲" */
    0xf, 0xfe, 0x6b, 0x87, 0xdc, 0x17, 0x83, 0xec,
    0x83, 0xff, 0x91, 0xc, 0x1f, 0xfc, 0x8c, 0x50,
    0x7f, 0xf2, 0x21, 0xf, 0xfe, 0x43, 0x8d, 0x43,
    0x50, 0x2a, 0x43, 0xf9, 0x60, 0x2c, 0x5, 0x81,
    0xfc, 0x7, 0xe1, 0xf8, 0x1f, 0x25, 0x41, 0xff,
    0xc8, 0x58, 0x3f, 0xb0, 0xff, 0xee, 0x56, 0x2b,
    0x2, 0xb0, 0x7e, 0x5c, 0x5, 0x80, 0xb8, 0x3f,
    0x7d, 0x17, 0xc0, 0xfc, 0x1f, 0xf6, 0x21, 0xff,
    0xc4, 0x60, 0x21, 0xff, 0xc5, 0xa2, 0x12, 0x1f,
    0xfc, 0x45, 0x64, 0x61, 0xff, 0xc1, 0x40, 0xc2,
    0x84, 0x3f, 0xf8, 0x2a, 0xa1, 0x43, 0xf, 0xfe,
    0x1c, 0x82, 0x20, 0xff, 0xe4, 0xe8, 0x7b, 0xc1,
    0xc0,

    /* U+8BB6 "讶" */
    0xc, 0x87, 0xff, 0x2a, 0xa0, 0xd5, 0xff, 0xc0,
    0x43, 0x42, 0x82, 0x5f, 0xfe, 0x4, 0x1d, 0x10,
    0x5f, 0xf8, 0x7e, 0xe, 0x43, 0xca, 0xf, 0xfe,
    0x27, 0x83, 0x72, 0x1f, 0xfc, 0x94, 0x43, 0xfe,
    0xfd, 0x6, 0x44, 0x3f, 0xf8, 0x88, 0x68, 0x83,
    0xff, 0x81, 0xf0, 0x84, 0x82, 0xbc, 0x35, 0x21,
    0xff, 0xc0, 0x5f, 0x1, 0x6c, 0x3f, 0x9f, 0xe0,
    0x63, 0xf4, 0x1f, 0xfc, 0x24, 0x43, 0xff, 0x93,
    0x10, 0x7f, 0xf0, 0xe0, 0xff, 0xe5, 0x6a, 0xb,
    0x30, 0xff, 0xe1, 0x42, 0x81, 0x8, 0x7f, 0xf0,
    0x96, 0x80, 0xa2, 0xf, 0xfe, 0x2, 0x6, 0x3,
    0x18, 0x7f, 0xf0, 0x60, 0x40, 0xa1, 0x7, 0xff,
    0xb, 0x30, 0xe5, 0x1, 0xb0, 0xff, 0x61, 0xae,
    0x9, 0x40, 0x83, 0xff, 0x91, 0x78, 0x38,

    /* U+8BBA "论" */
    0xf, 0xfe, 0xa, 0x1f, 0xf2, 0x1f, 0xcd, 0x87,
    0xf3, 0x61, 0xfb, 0xf, 0xf9, 0x8d, 0xf, 0x20,
    0x43, 0xf9, 0x89, 0xd, 0x1b, 0x7, 0xf9, 0x83,
    0xca, 0x23, 0xf, 0xf3, 0xa1, 0x64, 0x8, 0x83,
    0xff, 0x85, 0x10, 0x4b, 0x41, 0xbd, 0x50, 0x4b,
    0x83, 0x4a, 0x83, 0x96, 0x3, 0x2, 0xe, 0x95,
    0xa7, 0xc1, 0x31, 0xa8, 0x39, 0x93, 0xf, 0x95,
    0x88, 0x75, 0x78, 0x3f, 0x41, 0xf6, 0x84, 0x87,
    0xff, 0xe, 0xc7, 0x83, 0xff, 0x89, 0xab, 0x83,
    0xff, 0x82, 0x86, 0x78, 0x3f, 0xf8, 0x4d, 0x2,
    0x83, 0xff, 0x86, 0xc6, 0x1f, 0xfc, 0x78, 0xd0,
    0xff, 0x68, 0x64, 0x2c, 0x3f, 0xe4, 0x83, 0x23,
    0x87, 0xba, 0xf1, 0x7, 0x70, 0x74, 0x5, 0xe1,
    0x40,

    /* U+8BBE "设" */
    0xf, 0xfe, 0x67, 0x83, 0x97, 0xf0, 0x7c, 0x98,
    0x6e, 0xbe, 0xf, 0xa4, 0x83, 0xbf, 0x7, 0xfa,
    0x10, 0xff, 0xe4, 0x78, 0x24, 0x3f, 0xfb, 0xd1,
    0x7, 0x90, 0x27, 0xf0, 0x25, 0x83, 0x25, 0xe8,
    0x68, 0x1e, 0x83, 0xa8, 0xb8, 0x96, 0xb, 0x5f,
    0xc7, 0xa8, 0x1f, 0xb6, 0xbf, 0xc1, 0xfe, 0xb0,
    0x7f, 0x24, 0x1f, 0xfc, 0x8, 0x43, 0x22, 0x1f,
    0xfc, 0x4, 0x82, 0x88, 0x3f, 0xca, 0x2, 0x20,
    0x44, 0x3f, 0x9a, 0x2, 0x27, 0x20, 0xff, 0x42,
    0x16, 0x44, 0x87, 0xe4, 0xc, 0x12, 0x1f, 0xfc,
    0x36, 0xa, 0x82, 0x5c, 0x1f, 0x2a, 0x1f, 0x2b,
    0xb8, 0x7e, 0x42, 0xa1, 0x41, 0xe0, 0x9e, 0x40,
    0x87, 0xa9, 0xc1, 0xf3, 0x78,

    /* U+8BBF "访" */
    0xf, 0xfe, 0xa, 0x1f, 0xed, 0xf, 0xdc, 0x87,
    0xfa, 0x43, 0xe8, 0x83, 0xfa, 0x20, 0xf9, 0x2,
    0x1f, 0x94, 0x41, 0xf5, 0x10, 0xfe, 0x98, 0xff,
    0x53, 0xfe, 0xd, 0x1, 0x70, 0x17, 0xf4, 0x1f,
    0x56, 0x5, 0x7e, 0x7f, 0x83, 0xff, 0x8b, 0x50,
    0x7f, 0xab, 0xe0, 0x2c, 0x1f, 0xe5, 0xf8, 0x3f,
    0xf8, 0x4f, 0xf0, 0x7f, 0xfb, 0x93, 0xf, 0x21,
    0xfd, 0x83, 0x10, 0xff, 0xe1, 0xe2, 0x21, 0xff,
    0xc4, 0xc9, 0x88, 0x3f, 0xf8, 0x92, 0x22, 0x1c,
    0x98, 0x68, 0x1a, 0x64, 0x1e, 0x83, 0xd1, 0x83,
    0x14, 0x15, 0xe0, 0x21, 0xd8, 0x53, 0x6, 0xc0,
    0xe1, 0xfe, 0x60, 0xe7, 0xd0, 0x60,

    /* U+8BC1 "证" */
    0xf, 0xfe, 0x7d, 0x87, 0xff, 0x2b, 0x30, 0xab,
    0xff, 0x82, 0x86, 0x51, 0x81, 0x7f, 0xf8, 0x38,
    0x74, 0x40, 0xff, 0x3, 0xfa, 0xf, 0x68, 0x7f,
    0xfd, 0xbf, 0x83, 0xff, 0x90, 0xa0, 0xf7, 0x83,
    0xff, 0x83, 0xd1, 0xe, 0x43, 0xd5, 0x78, 0x3f,
    0xf8, 0xeb, 0x7, 0xff, 0x27, 0xf8, 0x3f, 0xfd,
    0xb0, 0x7f, 0xf2, 0xa5, 0x7, 0xff, 0x25, 0x10,
    0xff, 0xe3, 0xa0, 0xc3, 0xff, 0x95, 0x34, 0x4a,
    0x81, 0x5e, 0xd, 0xa, 0xd4, 0x5, 0x80, 0xbe,
    0xd, 0x31, 0x7f, 0xff, 0xc,

    /* U+8BC6 "识" */
    0xc, 0x87, 0xff, 0x29, 0xa0, 0x7f, 0xf2, 0x51,
    0x82, 0xff, 0xf8, 0x3e, 0x85, 0x6, 0x5f, 0x83,
    0xf9, 0x42, 0x1a, 0xbe, 0xf, 0xf5, 0x87, 0xff,
    0x7a, 0xb8, 0x3f, 0xf8, 0xeb, 0xc1, 0xff, 0xc7,
    0xf8, 0x3f, 0xfd, 0x95, 0xf0, 0x7f, 0xf1, 0x57,
    0xe0, 0xff, 0xe1, 0xff, 0xfc, 0x1f, 0xfd, 0x6a,
    0x5, 0xa1, 0x58, 0x7f, 0xd2, 0x81, 0x18, 0x49,
    0x87, 0xf9, 0x31, 0x44, 0x16, 0x8, 0x3f, 0xd8,
    0xc6, 0x1d, 0xa, 0xe, 0x81, 0x2, 0x20, 0xf2,
    0x89, 0xd, 0x12, 0x62, 0x83, 0xe8, 0x10, 0x76,
    0x86, 0x83, 0xfb, 0x30, 0xfe, 0xf0, 0x7f, 0xd8,
    0x0,

    /* U+8BCA "诊" */
    0xf, 0xfe, 0xb, 0x21, 0xfe, 0xe0, 0xfd, 0xb0,
    0x7f, 0xcc, 0x1f, 0x20, 0x43, 0xfb, 0x14, 0x1d,
    0x11, 0x7, 0xfa, 0x30, 0xe4, 0x62, 0xf, 0xe6,
    0x81, 0xb2, 0x16, 0x83, 0xf9, 0xd, 0xa, 0x4,
    0x38, 0x7f, 0xf0, 0x24, 0x81, 0x18, 0x3c, 0x9f,
    0xc0, 0xd3, 0x6, 0xa3, 0x40, 0x8b, 0x5, 0x3,
    0x6, 0x28, 0x17, 0x2, 0xa0, 0xaf, 0x3, 0x18,
    0x60, 0x21, 0xff, 0x38, 0xc0, 0x94, 0x1f, 0xfc,
    0x6, 0x28, 0xc, 0x50, 0x7f, 0xf0, 0x15, 0xa0,
    0xc6, 0xf, 0xfe, 0x14, 0x7, 0x18, 0x1a, 0x1f,
    0x90, 0x9a, 0xc, 0xc, 0x83, 0xea, 0x63, 0x25,
    0x1, 0x83, 0xf, 0x92, 0x11, 0xd0, 0x60, 0xc3,
    0xfa, 0x41, 0xc0, 0xb1, 0xc3, 0xf9, 0x41, 0xce,
    0x94, 0xf, 0x91, 0x80, 0xde, 0x87, 0x43, 0xf3,
    0xc1, 0x28, 0x17, 0x7, 0xff, 0x16, 0xf2, 0x1f,
    0xc0,

    /* U+8BCD "词" */
    0xf, 0xfe, 0x65, 0xa1, 0xff, 0xc7, 0x88, 0x2f,
    0xff, 0xe0, 0x86, 0x44, 0x15, 0xff, 0x7, 0xa0,
    0xcb, 0xff, 0xc0, 0xf, 0x68, 0x7f, 0xf3, 0x3f,
    0xfa, 0xc, 0xbc, 0x15, 0x7f, 0x61, 0xab, 0x82,
    0x5f, 0xf0, 0x6f, 0x90, 0xe5, 0xf8, 0x3f, 0xf8,
    0x75, 0xf0, 0x7f, 0xf1, 0x7e, 0x43, 0xff, 0x93,
    0x87, 0xff, 0xca, 0xb0, 0x7f, 0xf0, 0x6c, 0x25,
    0x83, 0xff, 0x83, 0x21, 0xbe, 0x83, 0xfc, 0x8a,
    0xc6, 0x9, 0xc3, 0xfe, 0x60, 0x48, 0x7e, 0x43,
    0xcc, 0x1f, 0xe6, 0xc3, 0xd4, 0xf, 0xf9, 0x40,
    0x83, 0x21, 0xff, 0xc1, 0xf9, 0x0,

    /* U+8BD5 "试" */
    0xf, 0xfe, 0x14, 0x87, 0xf4, 0x1f, 0xf3, 0x16,
    0x86, 0x9c, 0x3f, 0xf8, 0x31, 0x21, 0x49, 0x7,
    0xff, 0x6, 0x20, 0xd0, 0xa0, 0xff, 0xe0, 0x36,
    0x1d, 0xcb, 0xfc, 0x5, 0x88, 0x3c, 0x95, 0xf8,
    0x15, 0x90, 0xfd, 0xff, 0x81, 0xfc, 0xf, 0xd0,
    0x7f, 0x21, 0xf9, 0x60, 0xff, 0xe4, 0x54, 0x1b,
    0xfc, 0x12, 0x1f, 0xfc, 0x15, 0x1, 0x46, 0x1f,
    0xfc, 0x3a, 0x25, 0x4, 0xc3, 0xff, 0x94, 0x87,
    0xff, 0x5d, 0xf, 0xc8, 0x87, 0xf9, 0xa0, 0x7d,
    0x98, 0x7f, 0x31, 0x4, 0xf0, 0x88, 0x34, 0x3e,
    0xd9, 0x20, 0xc8, 0x82, 0xa, 0x6, 0x48, 0xdc,
    0x8, 0xa0, 0x74, 0x60, 0xbd, 0x21, 0xc8, 0x90,
    0x6c, 0x24, 0x3f, 0xa4, 0x8, 0x7f, 0xf1, 0xef,
    0x0,

    /* U+8BDD "话" */
    0xf, 0xfe, 0x6e, 0x87, 0xff, 0x1, 0x90, 0xf4,
    0x19, 0x6a, 0x7d, 0x30, 0x74, 0x60, 0xac, 0xa1,
    0xa7, 0x83, 0x94, 0x15, 0x5e, 0x49, 0x41, 0xfa,
    0xc2, 0x50, 0x7f, 0xf7, 0x17, 0xe1, 0x7e, 0xfe,
    0x1a, 0xf0, 0x2b, 0xda, 0xc1, 0x3f, 0xe4, 0xff,
    0x56, 0xf, 0xff, 0xe7, 0xe4, 0xfe, 0xf, 0xfe,
    0xd, 0x7c, 0x1f, 0xf4, 0x12, 0xfc, 0x1f, 0xed,
    0x41, 0xff, 0xc6, 0x85, 0x7, 0xff, 0x19, 0x50,
    0x7f, 0xf1, 0x10, 0x30, 0x6f, 0xf8, 0x3c, 0xa2,
    0xe, 0xaf, 0x83, 0xeb, 0xf, 0x2f, 0xc1, 0x80,

    /* U+8BE6 "详" */
    0xf, 0xf9, 0xe, 0x50, 0x7e, 0x43, 0x9a, 0x6,
    0xa2, 0x1e, 0xe4, 0x32, 0x21, 0xca, 0xf, 0x64,
    0x1d, 0x10, 0x13, 0xf, 0xd1, 0x6, 0x68, 0x8,
    0x43, 0xf3, 0x41, 0xfa, 0xf8, 0x1f, 0x90, 0xe4,
    0xa, 0xac, 0x6, 0xb2, 0x83, 0xfa, 0x5c, 0x9,
    0x74, 0xf, 0xe0, 0xff, 0xe3, 0x54, 0x21, 0xff,
    0xc6, 0x58, 0x3a, 0xb8, 0x15, 0xe0, 0xff, 0x97,
    0x1, 0x78, 0x3f, 0xeb, 0xf0, 0x3f, 0xa0, 0xff,
    0xf6, 0x57, 0x2, 0xbe, 0xf, 0x97, 0xe0, 0x2f,
    0xc1, 0xcf, 0x3f, 0xc0, 0xff, 0x83, 0xec, 0x3f,
    0xf8, 0xd0, 0x30, 0xff, 0xe3, 0xc6, 0x1f, 0xfc,
    0x9c, 0x3f, 0xf8, 0xc0,

    /* U+8BED "语" */
    0xf, 0xfe, 0x7f, 0x5, 0x7f, 0xff, 0x4, 0x39,
    0x50, 0x3a, 0xc8, 0xd7, 0x83, 0xa1, 0x42, 0xf0,
    0x35, 0xf0, 0x7b, 0x10, 0xfc, 0x87, 0xff, 0x7,
    0xb, 0xf2, 0x7f, 0x41, 0xff, 0xc0, 0xa9, 0x5,
    0x48, 0x7a, 0xb8, 0x25, 0xb2, 0x5b, 0xf, 0x2f,
    0x7, 0xb1, 0xb, 0x30, 0xdf, 0x21, 0xf2, 0x1f,
    0xfc, 0x7a, 0xc0, 0xac, 0x9d, 0x3, 0xf9, 0x70,
    0x17, 0x1, 0x60, 0xfe, 0xff, 0xfe, 0x18, 0x7f,
    0xf5, 0xff, 0xfe, 0xf, 0xf4, 0x19, 0x7e, 0xf,
    0xfa, 0x60, 0xab, 0xe0, 0xff, 0x92, 0xf, 0xfe,
    0x3a, 0xc, 0x3f, 0xf8, 0xe8, 0x30, 0xea, 0xf8,
    0x3f, 0xd0, 0x79, 0x7e, 0xf, 0xce, 0x87, 0xbf,
    0xe0, 0xff, 0xe1, 0xf8, 0x3e, 0xf0, 0x40,

    /* U+8BEF "误" */
    0xf, 0xfe, 0x6f, 0x6, 0x5f, 0xf8, 0x3e, 0x60,
    0xab, 0xfe, 0x43, 0xb5, 0x60, 0x4f, 0xfa, 0xf,
    0xd1, 0x7, 0xff, 0x27, 0x43, 0xff, 0x9a, 0x9f,
    0xf4, 0x1c, 0xd4, 0x85, 0x5f, 0xf2, 0x14, 0xb4,
    0x12, 0xff, 0xc1, 0xbe, 0x10, 0x32, 0xff, 0xa4,
    0x3f, 0xb6, 0xbf, 0xcc, 0x1f, 0xd7, 0xe8, 0x7f,
    0xc1, 0xff, 0xc4, 0xc3, 0xff, 0xb2, 0xff, 0x45,
    0xff, 0x7, 0xca, 0xac, 0x13, 0x59, 0x83, 0xca,
    0x96, 0xe, 0x5d, 0x21, 0xcd, 0x3, 0x46, 0x28,
    0x3f, 0xf8, 0x10, 0x59, 0x19, 0x21, 0xf4, 0xd,
    0x1c, 0x50, 0x22, 0x81, 0xe8, 0x86, 0x83, 0x4,
    0xe3, 0xe4, 0x36, 0x92, 0x70, 0x7b, 0x83, 0xfd,
    0x4c, 0x3f, 0x9e, 0x40,

    /* U+8BF4 "说" */
    0xf, 0xfe, 0x2a, 0x1f, 0x70, 0x67, 0x83, 0x9b,
    0xf, 0x98, 0x24, 0x43, 0xa2, 0xf, 0x63, 0x5,
    0x98, 0x79, 0xf, 0xb1, 0xc, 0x86, 0x88, 0x3f,
    0xbc, 0x1b, 0x82, 0x44, 0x3f, 0xf8, 0x37, 0x4f,
    0x81, 0xf0, 0x4d, 0x60, 0xea, 0xfc, 0x1d, 0xae,
    0xe, 0x5f, 0xc2, 0x15, 0xe0, 0xff, 0xf3, 0xa2,
    0xfe, 0x10, 0xff, 0xe0, 0xd7, 0xe0, 0xff, 0xe0,
    0xfc, 0xf, 0xf, 0xc1, 0xff, 0xc3, 0x43, 0xff,
    0x8b, 0x1, 0xf, 0xfe, 0x36, 0xa3, 0x30, 0xff,
    0xe1, 0xe4, 0x88, 0x87, 0xff, 0x12, 0x44, 0x43,
    0xf7, 0x7, 0xa4, 0x62, 0xc, 0x86, 0x43, 0x4a,
    0x18, 0x83, 0xd4, 0xc4, 0x33, 0x1c, 0x48, 0x68,
    0x50, 0x20, 0xfa, 0x74, 0x39, 0xfe, 0x0,

    /* U+8BF7 "请" */
    0xf, 0xfe, 0xa, 0x83, 0xf9, 0x41, 0xfd, 0x40,
    0xfe, 0xa2, 0x12, 0xf0, 0x17, 0xa0, 0xb2, 0x46,
    0xb8, 0x15, 0xc8, 0x6c, 0x87, 0xf9, 0x3f, 0xc1,
    0xd6, 0xf, 0xe4, 0xfe, 0x43, 0x90, 0xab, 0x81,
    0x5c, 0x87, 0xf2, 0xf8, 0x5e, 0x7, 0xe8, 0x1f,
    0xe4, 0xff, 0x96, 0xd, 0x5f, 0xfc, 0x60, 0xcb,
    0xff, 0xc3, 0xf, 0xef, 0xff, 0x83, 0xff, 0x83,
    0xfe, 0x83, 0xff, 0x92, 0x88, 0x7f, 0xf0, 0x7f,
    0xe0, 0xff, 0x21, 0xbf, 0xe0, 0xfe, 0x68, 0x1f,
    0xfc, 0x66, 0x20, 0xbf, 0xe0, 0xf2, 0x16, 0x1b,
    0xfd, 0x7, 0xa0, 0x61, 0xff, 0x21, 0xed, 0xc3,
    0xfe, 0x60, 0xfa, 0xf, 0xfe, 0xa, 0x61, 0xff,
    0x78, 0x39, 0xf2, 0x0,

    /* U+8C03 "调" */
    0xa, 0xe, 0x5f, 0xfe, 0x0, 0x4a, 0xc3, 0x57,
    0xff, 0x0, 0x25, 0x10, 0x67, 0xea, 0x7c, 0x87,
    0x42, 0x1f, 0xa8, 0x1f, 0xef, 0x7, 0xff, 0x3d,
    0xf0, 0x3c, 0x19, 0x78, 0x3c, 0xa8, 0x12, 0x1a,
    0xb8, 0x3e, 0x90, 0x30, 0x6a, 0x83, 0xff, 0x8e,
    0xb8, 0x3e, 0x7c, 0xf, 0x41, 0xff, 0xc2, 0x55,
    0x67, 0xf, 0xfe, 0x1c, 0xba, 0x43, 0xff, 0x87,
    0xfe, 0xf, 0xf2, 0x83, 0x9a, 0x21, 0xfe, 0x68,
    0x98, 0x4a, 0xf, 0xfa, 0x3c, 0x1f, 0xfc, 0x44,
    0x18, 0x88, 0x1f, 0x21, 0xfe, 0xc4, 0x41, 0x5e,
    0xf, 0xac, 0x11, 0x81, 0x7c, 0x21, 0xc8, 0x20,
    0x21, 0xf7, 0x83, 0xfb, 0x30, 0xff, 0xa0, 0xf9,
    0xc3, 0xfb, 0xe4,

    /* U+8C61 "象" */
    0xf, 0x90, 0xff, 0xe4, 0x74, 0xf, 0xfe, 0x34,
    0xd, 0x7e, 0xf, 0xf4, 0x82, 0xbe, 0xc3, 0xfb,
    0x57, 0xfa, 0x4, 0x1f, 0x38, 0x35, 0xf4, 0x4b,
    0x82, 0x60, 0xab, 0xe0, 0x57, 0x4, 0xd8, 0x3f,
    0x81, 0xfc, 0x87, 0x21, 0xf2, 0x41, 0xff, 0xc3,
    0xfd, 0x17, 0xf2, 0x1f, 0x56, 0x41, 0x5f, 0xc1,
    0xe5, 0x1a, 0x12, 0xf5, 0xa1, 0xcd, 0xca, 0xc8,
    0x36, 0x21, 0xcc, 0x97, 0x40, 0x63, 0x96, 0x1c,
    0xde, 0x56, 0xd0, 0xe0, 0x21, 0xf2, 0x3c, 0x6e,
    0xa, 0x8, 0x7a, 0xf4, 0x59, 0x21, 0x24, 0x1e,
    0xc7, 0xca, 0xda, 0x5, 0x9a, 0x19, 0xe1, 0xe7,
    0x43, 0xa2, 0xd0, 0x9b, 0x9e, 0x6, 0x19, 0xc1,
    0x25, 0x15, 0xc3, 0xe4, 0x43, 0x72, 0x8a, 0x70,
    0x79, 0xc3, 0xcc, 0x12, 0x1c, 0xfa, 0xf, 0xf0,

    /* U+8D25 "败" */
    0xf, 0xfe, 0xdf, 0x83, 0xfc, 0xbf, 0x83, 0xff,
    0x87, 0x5f, 0xe0, 0x24, 0x1f, 0xf7, 0xf8, 0x36,
    0x21, 0xff, 0xc9, 0x45, 0xf8, 0x3e, 0xe0, 0xe4,
    0x15, 0xf0, 0x7e, 0x43, 0xb3, 0xf0, 0xf8, 0x3f,
    0xf8, 0x48, 0x7f, 0xf1, 0x50, 0xd0, 0x7d, 0x87,
    0xff, 0xd, 0x42, 0x4, 0x3f, 0xf8, 0xbc, 0x61,
    0x90, 0xff, 0xe2, 0xa8, 0x18, 0x7f, 0xf1, 0xf0,
    0x94, 0x1f, 0xc9, 0x87, 0x92, 0x4c, 0x3d, 0xa6,
    0x20, 0x70, 0x95, 0x8, 0x79, 0x84, 0x19, 0x21,
    0x40, 0x43, 0xf9, 0x24, 0xc3, 0xf6, 0x1f, 0x98,
    0x54, 0x61, 0xb0, 0x41, 0xf5, 0xc, 0xc, 0x43,
    0x94, 0x34, 0x36, 0x98, 0x66, 0xf4, 0x6a, 0xcb,
    0x41, 0xb8, 0x79, 0xc7, 0xd, 0xa1, 0xd0, 0x7e,
    0xb8, 0x3d, 0x68,

    /* U+8D26 "账" */
    0xf, 0xfe, 0xa, 0x1f, 0xfc, 0x9a, 0x7, 0xfd,
    0xff, 0x83, 0xfa, 0x43, 0xcb, 0x83, 0xfc, 0xa8,
    0x3d, 0x59, 0xf, 0xcc, 0x61, 0xf5, 0x87, 0xf3,
    0x18, 0x7f, 0xf1, 0x98, 0xc3, 0xff, 0x8c, 0xc6,
    0x1f, 0xfc, 0x76, 0xc3, 0xff, 0x89, 0x44, 0xba,
    0xf0, 0x7f, 0xca, 0x2, 0xfe, 0xf, 0xfb, 0xc9,
    0xe0, 0x7e, 0xf, 0xfe, 0x2a, 0x1f, 0xf2, 0x1f,
    0xec, 0x3f, 0xf9, 0x48, 0x87, 0xf9, 0xf, 0xfa,
    0xf, 0x51, 0x32, 0xc3, 0xe4, 0x43, 0x95, 0x8c,
    0x1f, 0xd1, 0x7, 0x97, 0xb0, 0xf2, 0x84, 0x83,
    0xa2, 0x51, 0x6, 0xa8, 0x86, 0xb, 0x10, 0x4b,
    0x8, 0xac, 0x18, 0xa3, 0x18, 0x2a, 0x22, 0x50,
    0x37, 0x26, 0xc1, 0xc8, 0x2d, 0xf, 0x20,

    /* U+8D44 "资" */
    0xf, 0xf9, 0xf, 0xfe, 0x4, 0x1f, 0x72, 0x1f,
    0xe9, 0xd0, 0xc8, 0x4b, 0xf0, 0x54, 0x2c, 0x28,
    0x15, 0xf8, 0x33, 0xa8, 0x72, 0xe6, 0xf4, 0x21,
    0xea, 0x19, 0x26, 0x85, 0x10, 0x7c, 0x96, 0x81,
    0x30, 0x78, 0x3e, 0xa2, 0x19, 0x2, 0x83, 0xfa,
    0x58, 0x26, 0x36, 0x81, 0xf4, 0xa8, 0xd, 0x8,
    0x95, 0xe5, 0x3, 0x54, 0x5c, 0xad, 0x5, 0x1,
    0x44, 0x48, 0x12, 0xb8, 0x39, 0xe5, 0x8b, 0xbe,
    0x57, 0xff, 0x54, 0x1e, 0x5f, 0xfe, 0x0, 0x87,
    0xea, 0xee, 0xbc, 0x1f, 0xfc, 0x3b, 0xf, 0xfe,
    0x3a, 0x21, 0xff, 0xc7, 0x88, 0x43, 0xfe, 0xe0,
    0xa1, 0x5, 0xe7, 0x83, 0xca, 0x1d, 0x50, 0x20,
    0x5c, 0x19, 0x57, 0xa2, 0x81, 0x3e, 0x47, 0x41,
    0x44, 0x6d, 0xf, 0xad, 0x10, 0x77, 0xa4, 0x3f,
    0xeb, 0x0,

    /* U+8D77 "起" */
    0xf, 0x30, 0x7f, 0xf2, 0xa4, 0x3f, 0xfa, 0x2b,
    0xf8, 0x3f, 0xf8, 0x75, 0xfc, 0x1c, 0xfc, 0xf,
    0x8b, 0xfc, 0x87, 0x9a, 0x81, 0x50, 0x7f, 0xf1,
    0x17, 0xb, 0x7, 0xff, 0xb1, 0xf, 0x7e, 0x4f,
    0xc7, 0xf8, 0x3e, 0x6a, 0x46, 0x88, 0x55, 0xe0,
    0xe9, 0x6c, 0xd5, 0x4, 0xbe, 0xf, 0xfe, 0x97,
    0x82, 0xea, 0xf, 0xfe, 0x42, 0xe0, 0xfd, 0xe4,
    0x3f, 0xaf, 0x83, 0xfc, 0x84, 0x81, 0xf, 0xe4,
    0x24, 0x3d, 0x82, 0xf, 0x92, 0xfa, 0x10, 0xc9,
    0x90, 0x7a, 0x8b, 0xd4, 0x9, 0x23, 0x4, 0x86,
    0x6b, 0x90, 0xd0, 0x83, 0x4b, 0xff, 0xf8, 0x20,
    0xd0, 0xd7, 0x28, 0x3f, 0xc8, 0x50, 0x79, 0xa7,
    0xff, 0xa0,

    /* U+8D85 "超" */
    0xf, 0x28, 0x3f, 0xf9, 0x54, 0xf, 0xfe, 0x87,
    0xff, 0x83, 0xff, 0x85, 0x28, 0x15, 0x7, 0xaf,
    0x81, 0xf0, 0xd0, 0x5c, 0x1e, 0xd6, 0x2, 0xc1,
    0x46, 0x19, 0xc, 0xd4, 0xa, 0x82, 0x44, 0x3f,
    0xf9, 0x10, 0x84, 0x87, 0xab, 0x2, 0xa6, 0x48,
    0xa8, 0xc3, 0x2e, 0x2, 0xd2, 0x61, 0x22, 0x83,
    0x7e, 0x8f, 0xd6, 0x15, 0x38, 0x3f, 0xf8, 0x6f,
    0xf5, 0xf0, 0x77, 0x83, 0xfc, 0xbc, 0x1e, 0x44,
    0x2f, 0x90, 0xab, 0x84, 0x3f, 0xcb, 0x83, 0xff,
    0x89, 0x85, 0x50, 0x7f, 0xf0, 0xf2, 0xf, 0xfe,
    0x4a, 0xb, 0xf, 0xdf, 0xc2, 0x1e, 0x94, 0x1e,
    0x97, 0xe8, 0x28, 0x54, 0xe, 0x40, 0xd7, 0xc8,
    0x49, 0xe, 0x8d, 0xff, 0xf4, 0xe, 0xd, 0x72,
    0x83, 0xfd, 0x80,

    /* U+8DA3 "趣" */
    0xe, 0x60, 0xff, 0xe5, 0x68, 0x17, 0xf0, 0x7f,
    0xf1, 0x2b, 0xf0, 0x7f, 0xf1, 0x3c, 0x7a, 0x35,
    0xe0, 0xd5, 0x25, 0x3, 0xf5, 0x70, 0x6f, 0x93,
    0xc1, 0xfb, 0xe8, 0x39, 0x6c, 0x50, 0x5e, 0x83,
    0xb0, 0xff, 0xe1, 0xd1, 0x6, 0x1f, 0x96, 0xc5,
    0x80, 0xac, 0x28, 0x50, 0x55, 0x92, 0xa0, 0xfa,
    0x41, 0x85, 0x7e, 0x1f, 0x1, 0x58, 0x13, 0xf,
    0xfe, 0x25, 0x10, 0xb0, 0x21, 0xdc, 0x1f, 0x7a,
    0xf, 0xfe, 0x23, 0xc1, 0xff, 0x41, 0x93, 0x3,
    0x61, 0xb3, 0x21, 0x41, 0xfe, 0x50, 0x2d, 0x25,
    0x50, 0x82, 0xc8, 0x33, 0x8b, 0xc, 0x22, 0x19,
    0x46, 0x12, 0x5d, 0x82, 0xc1, 0x40, 0xde, 0xe,
    0xd0, 0x60, 0x43, 0xe8, 0x4c, 0x64, 0x35, 0x3,
    0xf9, 0xd, 0xcd, 0xf5, 0x3a, 0xbe, 0x81, 0xc1,
    0x9f, 0x28, 0x5f, 0x5, 0x4, 0x87, 0xd4, 0xff,
    0xf0, 0x0,

    /* U+8DB3 "足" */
    0xd, 0xff, 0xfc, 0x20, 0xff, 0x2f, 0xf8, 0x3f,
    0xf8, 0x15, 0xfe, 0xf, 0xff, 0xf8, 0x4b, 0xfe,
    0xf, 0xfe, 0x5, 0x7f, 0x83, 0xfd, 0xfe, 0x7,
    0xf8, 0x3f, 0xfa, 0x52, 0x1f, 0xfc, 0x86, 0xf,
    0xfe, 0x87, 0xfd, 0x7, 0x22, 0x1e, 0xaf, 0x38,
    0x7f, 0xf0, 0x97, 0xd2, 0x1d, 0x88, 0x7f, 0xf1,
    0xd0, 0x61, 0xff, 0xc5, 0x87, 0x34, 0x3f, 0xf8,
    0x69, 0x19, 0x60, 0x50, 0x65, 0xc6, 0x41, 0x72,
    0xa, 0x7e, 0xa9, 0x9, 0xc, 0xde, 0xa9, 0x7c,
    0xf, 0x7, 0xf2, 0xd5, 0xe0,

    /* U+8DF3 "跳" */
    0xf, 0xfe, 0x2a, 0x1f, 0xfc, 0x6f, 0x14, 0xf,
    0xbf, 0xe0, 0xff, 0xe3, 0x54, 0x1f, 0xfc, 0x14,
    0x3c, 0xb8, 0x12, 0x1f, 0xac, 0x3f, 0xe7, 0xf,
    0x91, 0xf, 0xf9, 0x41, 0xf4, 0x41, 0xcb, 0x83,
    0xfd, 0x8, 0x7a, 0xa0, 0xb1, 0xe, 0x48, 0x37,
    0xc9, 0xe1, 0xd0, 0xef, 0x7, 0xff, 0x43, 0xc1,
    0xf9, 0x10, 0xb0, 0xff, 0xbc, 0xa, 0x7, 0xb4,
    0x3f, 0xa8, 0x6a, 0xe, 0x89, 0xf, 0xca, 0xc6,
    0x30, 0x98, 0xc3, 0xfd, 0x32, 0x1e, 0x68, 0x1f,
    0xe6, 0x21, 0xe, 0x43, 0xfc, 0x86, 0x43, 0xff,
    0x89, 0xc9, 0x18, 0x7d, 0xc2, 0xd, 0x19, 0x61,
    0xf, 0x21, 0x41, 0x5c, 0xa8, 0xc2, 0xce, 0x86,
    0x4f, 0x90, 0x31, 0x6, 0x40, 0x8a, 0x18, 0x39,
    0xa2, 0x1d, 0xfa, 0x0,

    /* U+8F6C "转" */
    0xe, 0x43, 0xfa, 0x43, 0xfc, 0xd8, 0x7e, 0x60,
    0xff, 0x64, 0x1f, 0x22, 0x1f, 0xe4, 0x43, 0xfb,
    0xf, 0xbe, 0x7, 0xe3, 0xe8, 0xbf, 0x81, 0x44,
    0x6b, 0xd, 0x1, 0x5e, 0x2, 0xc4, 0xb8, 0x94,
    0x5, 0xf0, 0x72, 0x48, 0x7c, 0x87, 0xf4, 0x43,
    0x81, 0xa8, 0x15, 0xe4, 0xa, 0xf, 0x4b, 0xb,
    0xf6, 0x60, 0x50, 0x15, 0xf0, 0x3f, 0xe8, 0x26,
    0x83, 0x40, 0xc8, 0x7f, 0x4d, 0x43, 0x40, 0x20,
    0x5f, 0x4, 0xcb, 0x1, 0x40, 0xc6, 0xbc, 0x87,
    0xff, 0x6, 0xfe, 0x40, 0x86, 0x54, 0x3e, 0xf,
    0x94, 0x61, 0x7a, 0x88, 0x18, 0x8, 0x4c, 0x61,
    0x95, 0x78, 0x64, 0x6d, 0x23, 0xe, 0xa2, 0x1f,
    0x31, 0x64, 0x1f, 0xfc, 0x57, 0x81, 0x87, 0xff,
    0x1d, 0xd5, 0xa1, 0xff, 0xc7, 0xa0, 0x7f, 0xdc,
    0x1f, 0xce, 0x84,

    /* U+8F7B "轻" */
    0xe, 0x43, 0xff, 0x93, 0x50, 0x7f, 0xf2, 0xa0,
    0x9f, 0x57, 0x90, 0xf9, 0xf, 0xcb, 0xf0, 0x4f,
    0xc0, 0xfc, 0xff, 0x22, 0x19, 0x52, 0x35, 0x83,
    0x94, 0x41, 0xd2, 0x9, 0x70, 0x74, 0x41, 0xf9,
    0x44, 0x87, 0xb0, 0x50, 0x3c, 0x98, 0xe1, 0x9c,
    0x61, 0xd0, 0xd0, 0x87, 0xa8, 0x33, 0xa5, 0x1,
    0xb, 0x1, 0x5a, 0x50, 0x2a, 0x6, 0x46, 0x83,
    0x79, 0xd0, 0xe7, 0x81, 0x4f, 0x87, 0x8d, 0x7f,
    0x82, 0x50, 0x7e, 0xeb, 0xf8, 0x3f, 0xe4, 0xbe,
    0x7, 0xe0, 0xf3, 0xf, 0x7, 0xff, 0xb, 0xe9,
    0x3, 0x7, 0xff, 0x11, 0xb1, 0x90, 0xff, 0xe1,
    0x7a, 0x43, 0xff, 0xa1, 0x5c, 0xa, 0xe0, 0xff,
    0x97, 0x80, 0xbe, 0xf, 0xf7, 0xff, 0xf0, 0x10,

    /* U+8F93 "输" */
    0xf, 0xfe, 0xb, 0x7, 0xff, 0x7, 0xc1, 0xf4,
    0xe1, 0xff, 0x22, 0x1e, 0x42, 0x83, 0xff, 0x81,
    0x87, 0xa3, 0x54, 0x1f, 0x7a, 0x2f, 0x20, 0xc8,
    0x95, 0x7, 0x94, 0x5, 0x81, 0x8a, 0x4, 0x3a,
    0x1a, 0x83, 0x53, 0x1, 0xfc, 0x25, 0xa1, 0x26,
    0x16, 0xae, 0xbe, 0xd3, 0xb, 0x6, 0x85, 0xa1,
    0x2c, 0xa, 0x82, 0x50, 0x6d, 0xae, 0xe, 0xf0,
    0x49, 0xa1, 0xea, 0x20, 0x74, 0x3d, 0x1e, 0x2c,
    0x25, 0x7, 0xff, 0x9, 0x3, 0x4, 0xa0, 0xff,
    0xe0, 0x7e, 0x34, 0x2a, 0x21, 0xff, 0xc9, 0xf2,
    0x1f, 0xfc, 0x4d, 0xf, 0xfe, 0x33, 0x63, 0x5,
    0xe4, 0x3f, 0xee, 0x40, 0xe1, 0x28, 0x3f, 0xf8,
    0x13, 0x43, 0xd, 0x44, 0x3f, 0xe6, 0x43, 0xff,
    0x82, 0x87, 0xff, 0x1a, 0x40, 0xc4, 0x61, 0xff,
    0xc2, 0xc8, 0x2d, 0x60, 0xf3, 0xa0, 0xb1, 0xd0,
    0xae, 0x8,

    /* U+8FC7 "过" */
    0xf, 0xfe, 0x72, 0x1f, 0xfc, 0xf, 0x7, 0xdc,
    0x87, 0xff, 0x21, 0x20, 0xff, 0xe4, 0x40, 0x83,
    0xff, 0x91, 0x88, 0xff, 0xe0, 0x7c, 0x87, 0x58,
    0xbf, 0xc0, 0x58, 0x3c, 0x85, 0x5f, 0x81, 0x52,
    0x1f, 0xf2, 0x1f, 0xfc, 0x7, 0xf8, 0x2e, 0xf,
    0xfe, 0xa, 0xc1, 0xc9, 0x7, 0xfc, 0xd4, 0x1d,
    0x8, 0x7f, 0xf2, 0x52, 0xf, 0xfe, 0x46, 0xc1,
    0xff, 0xc8, 0x60, 0xff, 0xf2, 0xa1, 0xff, 0xc8,
    0xf4, 0x21, 0xf3, 0x83, 0xf, 0x23, 0x40, 0xf5,
    0x9, 0x3c, 0xa0, 0x5c, 0x87, 0xa4, 0xdb, 0x4a,
    0x7f, 0xfc, 0x44, 0x1a, 0xd4, 0x1f, 0xe8, 0x1a,
    0x1e, 0xa7, 0xff, 0x90,

    /* U+8FD0 "运" */
    0x2, 0x83, 0xff, 0x91, 0x44, 0x2b, 0xaf, 0xbc,
    0x1d, 0x90, 0x72, 0xfc, 0x1f, 0xa3, 0x5, 0xff,
    0xe0, 0xf2, 0xb0, 0xff, 0xe4, 0x41, 0xff, 0xcb,
    0x7d, 0x5f, 0xee, 0x5, 0x64, 0x25, 0xff, 0x6,
    0x5d, 0x3f, 0x81, 0xff, 0x40, 0xf8, 0x3f, 0xfa,
    0x9, 0x1, 0xc3, 0xff, 0x87, 0x8, 0x6c, 0x3f,
    0xf8, 0x29, 0x4, 0xa1, 0xf, 0xfe, 0x4, 0x21,
    0xb2, 0xf, 0xfb, 0x7, 0xf4, 0x8, 0x3f, 0xf8,
    0x4a, 0xa7, 0x84, 0x3f, 0xdf, 0xa8, 0xa0, 0x58,
    0x76, 0x8, 0x3f, 0xe4, 0x35, 0x8b, 0x72, 0x1f,
    0xfc, 0x9, 0x2b, 0xd, 0xff, 0xf1, 0x32, 0x7,
    0x94, 0x1f, 0xfc, 0x9, 0xe, 0x69, 0xff, 0xe0,

    /* U+8FD1 "近" */
    0xf, 0xfe, 0x2b, 0x68, 0x77, 0x83, 0x9a, 0xbe,
    0x92, 0xe, 0x4c, 0x36, 0xb0, 0x15, 0x50, 0x74,
    0x98, 0x77, 0xea, 0x2c, 0x1e, 0x80, 0x87, 0xff,
    0x23, 0x90, 0xff, 0xe4, 0xa1, 0xff, 0xd0, 0xff,
    0xf2, 0x7f, 0x7, 0xab, 0x2, 0xb2, 0x4a, 0xf,
    0x22, 0xe0, 0x2e, 0x3, 0x44, 0x3f, 0xfc, 0xc8,
    0x87, 0xff, 0x23, 0x30, 0xff, 0xe3, 0xa8, 0x43,
    0xff, 0x8f, 0x10, 0x7f, 0xf2, 0x90, 0xff, 0xe1,
    0xa8, 0xdf, 0x7, 0x94, 0x1f, 0x50, 0x2b, 0x90,
    0xea, 0x7, 0xa4, 0xf9, 0x1b, 0xff, 0xe8, 0xcc,
    0x2b, 0xd2, 0x1f, 0xec, 0x70, 0xf9, 0xbf, 0xfc,
    0x80,

    /* U+8FD4 "返" */
    0xf, 0xfe, 0x6d, 0x87, 0xff, 0x1, 0xb8, 0x3e,
    0x43, 0x5f, 0xe9, 0x10, 0xe8, 0x82, 0x50, 0x17,
    0x56, 0xf, 0xfe, 0xb, 0xd6, 0x5c, 0x1e, 0x50,
    0x48, 0x7f, 0xf1, 0x68, 0x1f, 0xfd, 0x7, 0xff,
    0x41, 0xff, 0xc1, 0x6b, 0xc9, 0x84, 0xfe, 0xe,
    0xd7, 0xc0, 0x42, 0x54, 0x1c, 0x85, 0x40, 0x90,
    0xf4, 0x87, 0xf2, 0xb1, 0x10, 0xff, 0xe0, 0x61,
    0x69, 0xc4, 0x1f, 0xfc, 0x4, 0x41, 0x40, 0xff,
    0xe5, 0x21, 0x41, 0xff, 0x44, 0x1b, 0x11, 0x83,
    0xf9, 0x42, 0x7, 0x1a, 0xc, 0x1f, 0xb2, 0x1e,
    0x28, 0x31, 0x87, 0xd4, 0xd1, 0x6d, 0x9, 0xd0,
    0x9c, 0xf, 0x20, 0xa0, 0x7f, 0x98, 0xbc, 0xab,
    0xff, 0xf8, 0x22, 0x28, 0x17, 0xa4, 0x3f, 0xd0,
    0x38, 0x3c, 0xdf, 0xfe, 0x40,

    /* U+8FD9 "这" */
    0xf, 0xfe, 0x2, 0x1f, 0xf4, 0x1f, 0xb9, 0xf,
    0xe9, 0xc3, 0xec, 0x83, 0xfa, 0x4, 0x1f, 0x44,
    0x1f, 0xd8, 0xa0, 0xf3, 0x40, 0xff, 0x41, 0x7f,
    0xaf, 0xf2, 0x19, 0xd1, 0x7f, 0x80, 0xb0, 0x7e,
    0xa7, 0x5d, 0x8d, 0x3, 0xfd, 0x4c, 0x36, 0x61,
    0xdf, 0xa0, 0x49, 0x84, 0x88, 0x72, 0xc1, 0xd2,
    0x6c, 0x41, 0xea, 0x83, 0xd4, 0x24, 0x43, 0xff,
    0x88, 0xc0, 0x43, 0xff, 0x8d, 0x81, 0x41, 0xff,
    0xc4, 0x92, 0x24, 0x3f, 0xf8, 0x5a, 0x6c, 0x48,
    0x7f, 0xd6, 0x38, 0x14, 0x48, 0x7c, 0x92, 0x50,
    0x34, 0x87, 0xd8, 0x28, 0xe8, 0x7a, 0x88, 0x56,
    0x4a, 0xc4, 0x3f, 0x22, 0x49, 0xb4, 0x1b, 0xff,
    0xd1, 0x38, 0x4f, 0xa4, 0x3f, 0x90,

    /* U+8FDB "进" */
    0xf, 0xf9, 0x82, 0xa0, 0x7e, 0xf0, 0x7b, 0x50,
    0x14, 0x1f, 0xe4, 0x3f, 0xc8, 0x7f, 0x44, 0x1d,
    0x87, 0xff, 0x9, 0xd, 0x58, 0xe8, 0x95, 0x83,
    0xa8, 0x5, 0x80, 0xb0, 0x17, 0x7, 0x28, 0x1f,
    0x27, 0xc9, 0xf8, 0x3f, 0xf9, 0xb7, 0xe0, 0xff,
    0xee, 0xde, 0x9, 0xa9, 0x2a, 0x4a, 0xc8, 0x7d,
    0xac, 0x5, 0x80, 0xb8, 0x3f, 0x5f, 0xf, 0xc9,
    0xf9, 0xf, 0xf2, 0x1f, 0xfc, 0xac, 0xc3, 0xff,
    0x90, 0x88, 0x7f, 0xf1, 0xe1, 0xf, 0xfe, 0x3c,
    0x90, 0x64, 0x3f, 0xb0, 0x6e, 0x41, 0xff, 0xc1,
    0x70, 0x25, 0x14, 0x1d, 0xe0, 0xf4, 0x5d, 0xa3,
    0xff, 0xfc, 0x8, 0xe4, 0x2b, 0xd2, 0x1f, 0xec,
    0x8, 0x7c, 0xdf, 0xfe, 0x40,

    /* U+8FDC "远" */
    0xa, 0xf, 0xfe, 0x52, 0xb0, 0xde, 0xaf, 0xda,
    0x1c, 0xc6, 0x1c, 0xbf, 0x83, 0xf3, 0x10, 0x3f,
    0xfe, 0x43, 0xe5, 0x41, 0xff, 0xca, 0x83, 0xff,
    0x9a, 0xd1, 0x7f, 0xd4, 0x9, 0xac, 0xca, 0xaf,
    0xf2, 0x83, 0x2e, 0xfe, 0x4f, 0x45, 0xf8, 0x27,
    0xe0, 0xf2, 0x1f, 0xff, 0xc4, 0x3f, 0xf9, 0x29,
    0x87, 0xc8, 0x7f, 0xf0, 0x61, 0xf, 0xbc, 0x1f,
    0xf6, 0x21, 0xd8, 0x10, 0xff, 0xb0, 0x41, 0x23,
    0xe2, 0xf, 0x43, 0x47, 0xe, 0x96, 0x90, 0xce,
    0xa1, 0x83, 0xe6, 0xa4, 0x35, 0xa, 0x70, 0xff,
    0xff, 0x4, 0x19, 0xa0, 0x7d, 0x21, 0xfe, 0x80,
    0xe1, 0xf3, 0x7f, 0xf9, 0x0,

    /* U+8FDE "连" */
    0xf, 0xfe, 0x2, 0x1f, 0xfc, 0x4, 0x3f, 0x36,
    0x1f, 0xea, 0x21, 0xf6, 0x41, 0xfe, 0x88, 0xb,
    0xe0, 0x2f, 0xc1, 0xa2, 0x3a, 0xc0, 0xaf, 0xc1,
    0x91, 0x57, 0xc0, 0xff, 0xe0, 0xea, 0x21, 0x44,
    0x5a, 0x1f, 0xe5, 0x6, 0x58, 0xc4, 0x3f, 0xf8,
    0x79, 0x7, 0xff, 0x2, 0xfc, 0x8, 0x1f, 0x47,
    0xf0, 0x5a, 0x83, 0x4b, 0xc0, 0x5e, 0x9, 0xa0,
    0x75, 0x78, 0xae, 0xf, 0xfe, 0xa3, 0x2f, 0x64,
    0xbc, 0x1f, 0xb6, 0xb9, 0x1a, 0xe4, 0x3e, 0xbf,
    0xc9, 0x7f, 0x21, 0xff, 0xc2, 0xc4, 0x3f, 0xfa,
    0x88, 0x30, 0xfb, 0x10, 0xfd, 0x41, 0x39, 0xd,
    0xa8, 0x3e, 0x93, 0xb5, 0x5f, 0xa7, 0xfe, 0x27,
    0xa, 0xe5, 0x7, 0xf9, 0x0,

    /* U+9000 "退" */
    0xf, 0xfe, 0x75, 0x86, 0xff, 0xf8, 0x3f, 0x21,
    0xcb, 0xf0, 0x7e, 0xc8, 0x3a, 0xbe, 0x43, 0xe4,
    0x3e, 0xaf, 0x90, 0xfc, 0xa0, 0xe5, 0xf8, 0x3f,
    0xa8, 0x1d, 0xff, 0x21, 0xff, 0xda, 0xaf, 0x90,
    0xeb, 0xf0, 0x72, 0xfc, 0x1f, 0xfc, 0x4f, 0xfd,
    0x6, 0xbc, 0x21, 0xf4, 0x19, 0xb0, 0xff, 0xe1,
    0x2b, 0x41, 0x10, 0x7f, 0xf0, 0x98, 0xa6, 0x68,
    0x7f, 0xf0, 0xdc, 0x48, 0x3f, 0xf8, 0x8e, 0x69,
    0x40, 0xff, 0xe1, 0x70, 0x94, 0x1c, 0x3e, 0x41,
    0x4, 0xe8, 0x1c, 0x8, 0x64, 0x11, 0xf, 0x7,
    0xb9, 0xa, 0x80, 0x7c, 0xe1, 0xfe, 0x51, 0xa7,
    0xa0, 0x37, 0xff, 0x50, 0x11, 0x81, 0xf4, 0xa0,
    0xfe, 0x50, 0xe1, 0xe6, 0x9f, 0xfd, 0x0,

    /* U+9001 "送" */
    0xf, 0xfe, 0x93, 0x87, 0xb8, 0x39, 0xe0, 0xf6,
    0x19, 0xf, 0x91, 0x41, 0x31, 0x5, 0x10, 0x7b,
    0x20, 0xc8, 0x64, 0x43, 0xf4, 0x25, 0xc0, 0xa8,
    0x69, 0x87, 0x3a, 0x12, 0x2c, 0x12, 0x83, 0xfd,
    0x7e, 0x4f, 0xf0, 0x7f, 0xf3, 0x1e, 0xa0, 0xff,
    0xe2, 0xe2, 0xc3, 0x5c, 0x95, 0xe4, 0xbc, 0x84,
    0xbc, 0x5, 0xf6, 0x1f, 0x3f, 0xc0, 0xff, 0x41,
    0xff, 0xc0, 0x81, 0xa1, 0xff, 0xc4, 0x51, 0x14,
    0xf, 0xfe, 0x13, 0x1b, 0x8e, 0x1f, 0xfc, 0x6,
    0x20, 0xb4, 0xd0, 0xfe, 0xa1, 0x21, 0xa4, 0x3e,
    0x48, 0x8d, 0xf, 0x51, 0x9, 0xc0, 0xee, 0x1f,
    0xc8, 0x4c, 0x5c, 0x5f, 0xab, 0x7f, 0x9, 0x23,
    0xc8, 0x4b, 0x83, 0x20, 0xd0, 0xcd, 0xff, 0xf4,
    0x0,

    /* U+9009 "选" */
    0xf, 0xfe, 0xd, 0x3, 0xff, 0x88, 0xc8, 0x14,
    0x1f, 0xef, 0x6, 0xd0, 0xff, 0xe1, 0xa4, 0x12,
    0x21, 0xff, 0xc2, 0x84, 0x3b, 0xe0, 0x7e, 0x83,
    0xc8, 0x90, 0xd1, 0x5, 0x4e, 0x1e, 0xa2, 0x24,
    0xa8, 0xb, 0x48, 0x7c, 0x82, 0x81, 0xff, 0xc9,
    0x50, 0x7f, 0xf0, 0xab, 0x81, 0xfe, 0x7, 0xf8,
    0x25, 0xc0, 0x54, 0x82, 0x41, 0x2c, 0xb, 0xc8,
    0x54, 0x61, 0x50, 0xaa, 0x83, 0xff, 0xaf, 0x18,
    0x7f, 0xf2, 0x11, 0xf, 0x28, 0x3f, 0xe8, 0x43,
    0xea, 0x21, 0xfd, 0x24, 0x19, 0xf0, 0x10, 0xfd,
    0x26, 0x19, 0xd, 0x6, 0x51, 0xb4, 0xc3, 0xaf,
    0xc8, 0x54, 0x12, 0xc3, 0xff, 0x86, 0xa3, 0xb8,
    0xbf, 0xff, 0x81, 0xa, 0x82, 0x7d, 0x28, 0x3f,
    0xa0, 0x48, 0x79, 0xa7, 0xff, 0x0,

    /* U+9012 "递" */
    0xf, 0xf9, 0xe, 0x43, 0xff, 0x89, 0x44, 0x26,
    0x81, 0xf3, 0xa1, 0xd1, 0x5, 0x10, 0x7f, 0x41,
    0xe4, 0x24, 0x43, 0xf2, 0x88, 0x17, 0x93, 0xd0,
    0xfc, 0x1e, 0x84, 0x1d, 0x70, 0x2a, 0x43, 0xf5,
    0x0, 0xbe, 0x17, 0x7, 0xf2, 0x83, 0xff, 0x9d,
    0x7f, 0xf, 0xc8, 0x77, 0xe8, 0x19, 0x7c, 0xf,
    0xe0, 0xd5, 0x6, 0xc4, 0x32, 0x1f, 0xcb, 0x7,
    0xa5, 0x85, 0xf8, 0x3f, 0xc8, 0xd4, 0xa, 0xf0,
    0x7f, 0xbf, 0x20, 0x7f, 0x7, 0xff, 0xe, 0x43,
    0xff, 0x93, 0x26, 0x1c, 0x88, 0x7f, 0x9d, 0x58,
    0x77, 0x18, 0x7f, 0x31, 0x40, 0xf2, 0xa4, 0x3b,
    0x1c, 0xb4, 0x32, 0xa, 0x21, 0xd8, 0xc5, 0x48,
    0x4c, 0x1e, 0x41, 0x8c, 0xf0, 0xdf, 0x37, 0xfc,
    0xd, 0x82, 0x79, 0x41, 0xfe, 0xc2, 0x83, 0xcd,
    0x3f, 0xfc, 0x80,

    /* U+9017 "逗" */
    0x9, 0x41, 0xff, 0xca, 0xa0, 0x57, 0xff, 0xf0,
    0x43, 0xa2, 0x7, 0x5f, 0xfc, 0x4, 0x39, 0x10,
    0x2f, 0xff, 0x6, 0xf, 0x22, 0x5, 0xff, 0xe0,
    0x7, 0xd6, 0x82, 0xbf, 0xf8, 0x1, 0xff, 0xc0,
    0x4f, 0xfc, 0x1f, 0x21, 0xff, 0xca, 0xa7, 0xa0,
    0xff, 0xe3, 0xd4, 0x1c, 0x9f, 0xf8, 0x3e, 0x50,
    0x77, 0x5f, 0xf0, 0x7f, 0xf0, 0xa5, 0xe2, 0xd0,
    0xff, 0xe1, 0xc1, 0xa3, 0xf, 0xfe, 0x12, 0x21,
    0xe4, 0x3f, 0xf8, 0x74, 0xa, 0x20, 0xff, 0xe0,
    0x3f, 0x53, 0xe4, 0xbf, 0x7, 0xf2, 0xff, 0xf0,
    0xc3, 0x63, 0xb5, 0xff, 0xc3, 0xa, 0xd, 0xc8,
    0x7f, 0xf0, 0xe4, 0xf9, 0x57, 0xea, 0x7f, 0xc0,
    0x8c, 0x2b, 0x94, 0x5, 0x7, 0x90, 0xb0, 0xf3,
    0x4f, 0xff, 0x40,

    /* U+901A "通" */
    0xf, 0xfe, 0x74, 0x1b, 0xff, 0xf8, 0x10, 0x69,
    0x82, 0x5f, 0xe0, 0x30, 0x68, 0x50, 0x2b, 0x15,
    0x23, 0x7, 0xa2, 0xe, 0x56, 0x63, 0x7, 0xc9,
    0x7, 0x28, 0xc6, 0xf, 0xed, 0x2, 0xe0, 0xda,
    0xe0, 0xff, 0x56, 0x42, 0xae, 0xf, 0xf9, 0xf9,
    0x3f, 0x21, 0xbf, 0x7, 0xff, 0x1d, 0x41, 0xe7,
    0xe4, 0xfc, 0x86, 0xa2, 0x1e, 0xa8, 0x15, 0x90,
    0xff, 0xe0, 0x2f, 0xb, 0x83, 0xff, 0x82, 0xbc,
    0x4b, 0x7, 0xff, 0xa, 0xa0, 0x35, 0x21, 0xff,
    0xc0, 0x7e, 0x4f, 0xc8, 0x7f, 0xf7, 0xed, 0xf,
    0xd8, 0x7f, 0xd0, 0x20, 0xd2, 0xf, 0x38, 0x56,
    0x17, 0x90, 0xb5, 0x7a, 0x1b, 0xff, 0xf8, 0x10,
    0x90, 0x1f, 0x4a, 0xf, 0xf6, 0x58, 0x79, 0xa7,
    0xff, 0x90,

    /* U+9057 "遗" */
    0xf, 0xfe, 0xf, 0x83, 0xfc, 0xa0, 0xcb, 0xc0,
    0x5e, 0xc, 0xd0, 0x35, 0x70, 0x2b, 0x83, 0x20,
    0x43, 0xbe, 0x7, 0xc1, 0xf4, 0x41, 0xcb, 0x1,
    0x60, 0xf9, 0xf, 0xaa, 0x5, 0x41, 0xfb, 0xc1,
    0x7f, 0x3, 0xf8, 0x3f, 0x9f, 0xf0, 0x3f, 0xd0,
    0x7c, 0xaa, 0xff, 0xe0, 0x39, 0xfc, 0x9, 0x7f,
    0xf8, 0x12, 0x54, 0x21, 0x7f, 0xff, 0x0, 0x25,
    0x83, 0xeb, 0xd4, 0xf8, 0x3f, 0xf8, 0x28, 0x82,
    0x81, 0xff, 0xc4, 0x42, 0x44, 0x3f, 0xf8, 0x88,
    0x59, 0x4, 0xa0, 0xff, 0xac, 0x58, 0xf5, 0x41,
    0xff, 0xc0, 0x68, 0x46, 0xae, 0xf, 0xf7, 0xa5,
    0x61, 0x58, 0xc1, 0x91, 0x44, 0x3c, 0x1e, 0xe8,
    0x13, 0x2, 0xf5, 0x3, 0xf9, 0xa, 0x87, 0xa1,
    0xbf, 0x56, 0xfe, 0x33, 0x3, 0xe9, 0x40, 0x5c,
    0x19, 0x1c, 0x3c, 0xd3, 0xff, 0xd0,

    /* U+90FD "都" */
    0xf, 0xfe, 0x97, 0x83, 0xff, 0x9e, 0xe9, 0xff,
    0x21, 0xff, 0xc0, 0x83, 0x96, 0x2, 0x13, 0xf0,
    0x3d, 0xa, 0x3, 0x50, 0x86, 0x7e, 0x7, 0x24,
    0x1e, 0x4c, 0x3f, 0xec, 0x83, 0xec, 0x43, 0xfe,
    0x58, 0x3e, 0x50, 0x6b, 0xf0, 0x31, 0xf9, 0x9,
    0x30, 0xdd, 0x70, 0x2b, 0x90, 0xb1, 0xc, 0xbd,
    0x12, 0xf0, 0x64, 0x3f, 0xd9, 0x21, 0xfd, 0x98,
    0x79, 0xc1, 0x7f, 0x7, 0xa2, 0xd, 0x40, 0x7f,
    0x8, 0x79, 0x70, 0x24, 0x8, 0x7f, 0xf0, 0xa3,
    0x5, 0x31, 0x7c, 0x1f, 0xf2, 0x12, 0x15, 0x70,
    0x7f, 0xf1, 0x9f, 0xe0, 0xfa, 0x98, 0x87, 0xff,
    0x21, 0x18, 0x3c, 0xff, 0x7, 0xd4, 0xe0, 0xfd,
    0x5c, 0x1f, 0x90, 0xfe, 0x5f, 0x8, 0x7f, 0xf0,
    0xf8, 0x3b, 0xc0, 0xe0, 0xf8,

    /* U+914D "配" */
    0x3d, 0x5e, 0xf8, 0xff, 0xc1, 0xcb, 0xe0, 0xff,
    0xe1, 0xfc, 0x9a, 0x7c, 0x7f, 0x90, 0xff, 0xe8,
    0x28, 0x8, 0x16, 0xf, 0xfe, 0x5, 0x49, 0x25,
    0x41, 0xff, 0xc2, 0xd3, 0x4c, 0x3f, 0xfc, 0xdf,
    0xc8, 0x7c, 0xa0, 0xff, 0x2f, 0x7, 0xfc, 0x87,
    0x35, 0xc1, 0xd1, 0x99, 0x7, 0xff, 0x19, 0x1e,
    0xf, 0xfe, 0x25, 0x86, 0x43, 0xff, 0x88, 0xbf,
    0x7, 0xff, 0x12, 0xbe, 0xf, 0xfe, 0x27, 0xfc,
    0x1f, 0xfc, 0x45, 0xf8, 0x3f, 0xcf, 0x5, 0x5f,
    0x7, 0xfb, 0x30, 0xbf, 0xe0, 0xe6, 0xb2, 0x21,
    0xff, 0xc2, 0x45, 0xc2, 0xb, 0xf, 0xbc, 0xb,
    0xfd, 0x0,

    /* U+9177 "酷" */
    0xf, 0xfe, 0x22, 0x1f, 0xfc, 0x9a, 0x6, 0xff,
    0xf4, 0xd, 0xf, 0xaa, 0x4, 0x34, 0xc4, 0x43,
    0xe5, 0xc2, 0x6b, 0x11, 0x41, 0xa8, 0x3f, 0xf8,
    0x6a, 0x2, 0xc0, 0x58, 0x8d, 0x44, 0x7c, 0x3f,
    0xd, 0x0, 0x8d, 0x4a, 0xf, 0xfb, 0x4c, 0xb3,
    0xd0, 0x7f, 0xf1, 0xfa, 0xe1, 0xac, 0x12, 0x83,
    0xcb, 0xc0, 0x5c, 0x1f, 0xef, 0xff, 0xe0, 0x1,
    0x30, 0x48, 0x7f, 0xf0, 0xe1, 0xa, 0xa, 0xff,
    0xa0, 0x94, 0xe, 0x42, 0x45, 0xe0, 0xea, 0x4,
    0xc1, 0x25, 0x70, 0x77, 0xfc, 0x1f, 0xfc, 0x3a,
    0xf8, 0x3f, 0xf8, 0x6b, 0xf0, 0x75, 0x70, 0x77,
    0xfc, 0x1c, 0xbc, 0x1d, 0x5f, 0x4, 0x9f, 0xc1,
    0xcb, 0xf1, 0x87, 0xfc,

    /* U+9192 "醒" */
    0xf, 0xfe, 0x5d, 0x7f, 0x93, 0xff, 0x80, 0xbf,
    0xe0, 0x9f, 0xe4, 0x2f, 0x87, 0x1f, 0x21, 0xff,
    0xcd, 0x6b, 0x90, 0xff, 0xe2, 0xaf, 0x6, 0xbc,
    0x38, 0xf8, 0x27, 0xf9, 0xb, 0x31, 0xc6, 0xf,
    0xfe, 0x7b, 0xfc, 0x87, 0xff, 0xe, 0xb0, 0xd4,
    0x1e, 0xc3, 0xef, 0x28, 0xb, 0x7, 0xff, 0x9,
    0x41, 0xff, 0x22, 0x7, 0x2, 0xa, 0xd, 0x48,
    0x50, 0x48, 0x83, 0x2, 0x80, 0xb0, 0x6e, 0x5,
    0xc2, 0xdf, 0xf, 0xc8, 0x4a, 0xd, 0x99, 0x7,
    0xff, 0x2, 0xfe, 0x4b, 0x7e, 0x1f, 0x83, 0x7f,
    0xa0, 0x95, 0x20, 0xa2, 0x1f, 0xfc, 0x39, 0x85,
    0xa0, 0xdf, 0xe8, 0x3f, 0xf8, 0x95, 0xe4, 0x15,
    0xc3, 0x58, 0xc5, 0xf6, 0x5, 0xe0, 0x2e, 0x2c,
    0x3c, 0xe7, 0xff, 0xc0,

    /* U+91C7 "采" */
    0xf, 0xfe, 0x3a, 0x1f, 0xfc, 0x55, 0x5f, 0x48,
    0x7a, 0xaf, 0xfa, 0x88, 0x6c, 0x3c, 0xb0, 0x4b,
    0x53, 0xfd, 0x7, 0xbf, 0xd0, 0x14, 0x1b, 0xc8,
    0x7d, 0xe0, 0xca, 0xe, 0x40, 0x87, 0xf4, 0x14,
    0x41, 0xa2, 0xf, 0xd8, 0xa0, 0x22, 0x14, 0x28,
    0x3f, 0x93, 0x9, 0x82, 0x48, 0x3f, 0xd3, 0x4,
    0xc1, 0x70, 0x7f, 0xf0, 0x20, 0xff, 0x21, 0xf5,
    0x7f, 0x81, 0x5f, 0xe0, 0x97, 0xf8, 0xb, 0xfe,
    0x5, 0xfe, 0x83, 0xdf, 0xf8, 0x3f, 0xa2, 0x4,
    0x61, 0xff, 0xc3, 0xc5, 0x1, 0x44, 0x1f, 0xfc,
    0x1c, 0x60, 0xd0, 0xe1, 0xfe, 0x71, 0x83, 0xd8,
    0x38, 0x3e, 0xe1, 0x83, 0xf6, 0x7, 0x90, 0x58,
    0x28, 0x1f, 0xed, 0x2, 0x14, 0x3a, 0x1f, 0xfc,
    0xb, 0x58, 0x2e, 0xf, 0xfe, 0x25, 0x0,

    /* U+91CC "里" */
    0xa, 0xbf, 0xf8, 0x81, 0xe5, 0xff, 0xe2, 0x7,
    0xef, 0xe0, 0x7f, 0x7, 0xff, 0xab, 0xf8, 0x1f,
    0xc1, 0xfe, 0x5e, 0x2, 0xf0, 0x7f, 0xab, 0x81,
    0x5c, 0x1f, 0xfd, 0x4a, 0xe0, 0x57, 0x7, 0xf9,
    0x78, 0xb, 0xc1, 0xfb, 0xfe, 0x7, 0xfc, 0x1f,
    0xfe, 0x57, 0xfe, 0x7, 0xfc, 0x86, 0x5f, 0xc0,
    0x5f, 0xc1, 0xd5, 0xf0, 0x2b, 0xe0, 0xff, 0xe6,
    0xb5, 0xfc, 0xa, 0xfe, 0x45, 0xfe, 0x2, 0xff,
    0x6f, 0xff, 0xf2, 0x20,

    /* U+91CD "重" */
    0xf, 0xfe, 0xc3, 0x4c, 0x3e, 0xae, 0xff, 0x4a,
    0x20, 0xf2, 0xe1, 0x40, 0xab, 0xe8, 0x3d, 0xfa,
    0xa0, 0x2c, 0x1f, 0xab, 0xf8, 0x15, 0xfc, 0xbf,
    0xf0, 0x17, 0xfb, 0x7f, 0xf8, 0x1f, 0xfd, 0x6,
    0x5f, 0x1, 0x7e, 0xf, 0xab, 0xc0, 0xaf, 0x61,
    0xfd, 0xf8, 0x1f, 0xc1, 0xff, 0x56, 0x5, 0x70,
    0x7f, 0xcb, 0x80, 0xbc, 0x1f, 0xf7, 0xe0, 0x7f,
    0x7, 0xfd, 0xf8, 0x1f, 0xc1, 0xfc, 0xbe, 0x2,
    0xfb, 0xf, 0xab, 0xc0, 0xaf, 0x21, 0xef, 0xf8,
    0x1f, 0xf8, 0x3a, 0xbe, 0x5, 0x7e, 0xe, 0x5f,
    0x80, 0xbf, 0x82, 0xaf, 0xe0, 0x57, 0xf2, 0x2f,
    0xf0, 0x17, 0xfb,

    /* U+91CF "量" */
    0xc, 0xbf, 0xfc, 0x20, 0xf9, 0xaf, 0xfe, 0x12,
    0x1f, 0xab, 0xff, 0x80, 0x1f, 0xea, 0xff, 0xe0,
    0x7, 0xfa, 0xff, 0xf4, 0x1f, 0xeb, 0xff, 0xd0,
    0x7e, 0x7f, 0xff, 0x84, 0x85, 0xff, 0xfc, 0x96,
    0xbf, 0xf9, 0x2b, 0xc1, 0xff, 0xc2, 0x58, 0x35,
    0x7f, 0xf1, 0x3, 0xf7, 0xf0, 0x3f, 0x83, 0xfd,
    0xfc, 0xf, 0xe0, 0xff, 0x5f, 0x81, 0xfa, 0xf,
    0xf5, 0xf8, 0x1f, 0xa0, 0xfd, 0x5f, 0x2, 0xbe,
    0xf, 0x21, 0xff, 0xc2, 0x43, 0x9a, 0xf8, 0x15,
    0xf0, 0x73, 0xff, 0x3, 0xfe, 0xc, 0xbf, 0xc0,
    0x5f, 0xe0, 0x57, 0xf0, 0x2b, 0xf8,

    /* U+949B "钛" */
    0xe, 0x43, 0xff, 0x95, 0x50, 0x7e, 0xf0, 0x7f,
    0xc9, 0x7, 0xf2, 0x1f, 0xe4, 0x42, 0x43, 0xff,
    0x8b, 0xf, 0xd2, 0x1f, 0xfc, 0x34, 0x1f, 0xc8,
    0x7f, 0xf0, 0xe2, 0xf, 0x56, 0x1a, 0xe4, 0x8,
    0xa0, 0xf2, 0xe0, 0x2f, 0x5, 0x2, 0xb9, 0x3e,
    0x81, 0xfc, 0x83, 0x97, 0xd8, 0x7f, 0xf1, 0x1f,
    0xf, 0xa0, 0xd8, 0x7f, 0xf3, 0x90, 0xfc, 0xb0,
    0xb8, 0x32, 0x8, 0x3e, 0x6a, 0x5, 0x48, 0x66,
    0x10, 0xf3, 0xf0, 0xfc, 0x82, 0x24, 0x83, 0xff,
    0x8c, 0x85, 0x10, 0x7f, 0xf0, 0x54, 0x44, 0x4,
    0x50, 0x7f, 0xd4, 0xc4, 0x60, 0x64, 0x87, 0xe7,
    0x4f, 0x12, 0xb0, 0x44, 0x87, 0x21, 0x3c, 0x2e,
    0x31, 0x44, 0x1d, 0x82, 0x88, 0x20, 0x51, 0x4,
    0xe1, 0xd3, 0xa3, 0xe0, 0xcc, 0x14, 0x0,

    /* U+949F "钟" */
    0xf, 0xfe, 0x7b, 0xc1, 0xfb, 0xc1, 0xfe, 0xc3,
    0xff, 0x94, 0x90, 0x7f, 0xf1, 0xd0, 0x54, 0x87,
    0xff, 0x12, 0x2, 0xd9, 0x58, 0x15, 0xc1, 0x65,
    0xfa, 0x17, 0x1, 0x78, 0x10, 0xa0, 0xf9, 0xf0,
    0x3e, 0xf, 0x75, 0xc1, 0xff, 0xc3, 0xb1, 0x78,
    0x3f, 0xf8, 0xae, 0x3e, 0xf, 0xfe, 0xdb, 0x41,
    0x52, 0x1f, 0xfc, 0x39, 0x40, 0x9c, 0xd, 0x1,
    0x50, 0x77, 0xc3, 0xe8, 0x25, 0x1, 0x60, 0xff,
    0xe1, 0xbe, 0x7, 0xc1, 0xff, 0xc2, 0x70, 0xfa,
    0x43, 0xf3, 0xa4, 0x87, 0xcc, 0x1f, 0x30, 0x7f,
    0xf1, 0xe0, 0xb4, 0x3f, 0xf8, 0xee, 0x1f, 0xfc,
    0x7a, 0x83, 0xff, 0x88,

    /* U+94A5 "钥" */
    0xe, 0x43, 0xff, 0x93, 0x61, 0xcb, 0xfc, 0x1c,
    0x90, 0x75, 0x7f, 0x7, 0x42, 0x1f, 0x7f, 0x21,
    0xc8, 0x3f, 0x7, 0xff, 0xe, 0x2b, 0x83, 0xff,
    0x85, 0xb, 0xe0, 0xff, 0xe0, 0xa8, 0x83, 0xfb,
    0xac, 0x85, 0xf, 0xf4, 0x1c, 0xb8, 0x37, 0xa8,
    0xa, 0x61, 0xbf, 0x90, 0xf2, 0x5, 0x83, 0xff,
    0xb1, 0xf0, 0x3e, 0x42, 0xae, 0x43, 0x2c, 0x5,
    0xc1, 0x2f, 0x7, 0x54, 0xa, 0x82, 0x7f, 0x90,
    0xff, 0xe0, 0xa6, 0x1f, 0xfc, 0x47, 0x31, 0xf,
    0xfe, 0x1d, 0x0, 0x87, 0xff, 0x15, 0x5a, 0x41,
    0xff, 0xc1, 0x81, 0x42, 0x10, 0xf2, 0x1e, 0x9d,
    0x32, 0xe, 0xf0, 0x7e, 0x82, 0x44, 0x39, 0x4,
    0x1f, 0xeb, 0xf, 0x5e, 0x40,

    /* U+94C3 "铃" */
    0xf, 0xfe, 0x8f, 0x7, 0xeb, 0x43, 0xfd, 0x18,
    0x7e, 0x44, 0x3f, 0xc8, 0x87, 0xd0, 0x20, 0xfe,
    0x81, 0xf8, 0x32, 0x28, 0x3f, 0x28, 0xac, 0x85,
    0x14, 0x30, 0xfa, 0x35, 0xd0, 0x14, 0x24, 0x41,
    0xd9, 0x7, 0xe8, 0xd1, 0x68, 0x32, 0x5f, 0xc0,
    0xc9, 0x92, 0x18, 0x2b, 0x50, 0x25, 0x64, 0xa2,
    0x4c, 0x70, 0xd4, 0x15, 0x24, 0x83, 0x20, 0x61,
    0xff, 0xc1, 0xd0, 0xd6, 0x17, 0x80, 0xca, 0x15,
    0x25, 0x77, 0x5c, 0x16, 0xd0, 0x13, 0xb, 0xff,
    0x5, 0x7c, 0x3f, 0x1f, 0xf4, 0xc, 0x3f, 0xf9,
    0x11, 0x87, 0xff, 0x22, 0x30, 0xff, 0xe0, 0x50,
    0xc, 0x9, 0x83, 0xff, 0x81, 0xb8, 0x37, 0x96,
    0xf, 0xe4, 0x49, 0x5, 0x4, 0x83, 0xfd, 0x3,
    0x43, 0x3a, 0x61, 0xfe, 0x56, 0x1f, 0xa8, 0x61,
    0xfd, 0x40, 0xff, 0x36, 0x1c,

    /* U+9519 "错" */
    0xf, 0xfe, 0x7b, 0xa1, 0xd6, 0x15, 0x87, 0xe8,
    0x3f, 0xf8, 0x8, 0x7e, 0x45, 0x7, 0x61, 0x90,
    0xfd, 0x2, 0x89, 0xe8, 0xf9, 0x3d, 0x5, 0x1,
    0x6c, 0x50, 0x16, 0x2, 0xb0, 0x49, 0xfa, 0x2a,
    0x2a, 0x4a, 0x20, 0x4c, 0x3f, 0xf9, 0x14, 0xfe,
    0x45, 0x64, 0xb0, 0xb8, 0x58, 0xb, 0xa8, 0x8d,
    0x1, 0x56, 0x14, 0x94, 0x1f, 0xff, 0xe0, 0x41,
    0xff, 0xcc, 0x68, 0x95, 0x2, 0xbf, 0x90, 0xca,
    0x2, 0xe1, 0x7f, 0xb0, 0x9f, 0x27, 0xc8, 0x1f,
    0xf0, 0x7f, 0xf5, 0xe0, 0x9f, 0xf0, 0x7f, 0xda,
    0x1a, 0xbc, 0x1f, 0x93, 0x20, 0x97, 0xe0, 0xff,
    0xb4, 0x25, 0xf4, 0x1f, 0x20, 0xc3, 0xd5, 0xc8,
    0x7c, 0xd8, 0x79, 0xff, 0x6,

    /* U+95ED "闭" */
    0x3, 0x87, 0xff, 0x1a, 0x30, 0xab, 0xff, 0x80,
    0xc, 0x10, 0x17, 0xff, 0x80, 0x14, 0x1b, 0xff,
    0xc1, 0xcd, 0x3, 0x94, 0x1f, 0x50, 0x8, 0x7a,
    0x81, 0xf2, 0x83, 0xff, 0xa4, 0x87, 0xf9, 0xf5,
    0x6c, 0x6f, 0x7, 0xd8, 0x17, 0x4, 0x81, 0xf,
    0x5f, 0xc1, 0x3f, 0x21, 0xff, 0x21, 0xff, 0xc7,
    0x88, 0x3f, 0xf8, 0x99, 0x21, 0xff, 0xc3, 0xc0,
    0x87, 0xff, 0xf, 0x6, 0x1f, 0xfc, 0x27, 0x6,
    0x1f, 0xfc, 0x38, 0x70, 0xff, 0xe2, 0x74, 0x9,
    0x83, 0xff, 0x82, 0x85, 0x44, 0xc3, 0xff, 0x87,
    0x8c, 0x83, 0xe1, 0xf, 0xcf, 0x21, 0x40, 0x6f,
    0x7, 0xff, 0x5, 0xf4, 0x0,

    /* U+95EE "问" */
    0xf, 0xfe, 0x57, 0x83, 0xff, 0x91, 0x5, 0xff,
    0xfc, 0x0, 0x62, 0x80, 0xbf, 0xe0, 0xed, 0x40,
    0xaf, 0xec, 0x6c, 0x10, 0x7f, 0xf0, 0xd0, 0xff,
    0xf0, 0x7f, 0xf0, 0x7f, 0xf0, 0x57, 0x83, 0xff,
    0x87, 0x5c, 0x1f, 0xff, 0xfa, 0xe0, 0xff, 0xe1,
    0xaf, 0x7, 0xff, 0x7, 0xff, 0x83, 0xff, 0xe7,
    0x87, 0xff, 0x17, 0xc8, 0x7f, 0xf1, 0x50, 0x37,
    0x83, 0xff, 0x83, 0x7a, 0x0,

    /* U+95F2 "闲" */
    0x9, 0xf, 0xfe, 0x37, 0x7, 0xff, 0x1a, 0x30,
    0x5f, 0xff, 0x4, 0x81, 0x9, 0x7f, 0x7, 0xb9,
    0x2e, 0xbf, 0x5, 0xe0, 0x21, 0xbc, 0x1f, 0xfe,
    0x87, 0xf8, 0x1f, 0xc1, 0xff, 0xcf, 0x7f, 0x5,
    0xfc, 0x1f, 0xf4, 0x19, 0xf, 0xfe, 0x12, 0x13,
    0x40, 0xff, 0xe0, 0x64, 0x5, 0xa0, 0xff, 0x42,
    0x82, 0x85, 0x7, 0xe9, 0x20, 0xec, 0x83, 0xe9,
    0x30, 0xf9, 0x41, 0xfd, 0x7, 0xea, 0x7, 0xd6,
    0x87, 0xff, 0x7f, 0xc1, 0xbc, 0x12, 0x83, 0xff,
    0x89, 0x14, 0xf, 0xfe, 0xf, 0xc8,

    /* U+95F4 "间" */
    0x9, 0xf, 0xfe, 0x37, 0x40, 0xff, 0xe2, 0xe2,
    0x81, 0xff, 0xfc, 0x0, 0xa2, 0x2, 0xff, 0x83,
    0x95, 0x82, 0xbf, 0xc0, 0xf0, 0x20, 0xff, 0xe4,
    0x2f, 0xf8, 0x3f, 0xd5, 0xfe, 0xf, 0xfe, 0x7,
    0xf8, 0x43, 0xfc, 0x87, 0xff, 0x77, 0xfc, 0x1f,
    0xfc, 0x25, 0xf0, 0x7f, 0xf0, 0xab, 0xc1, 0xff,
    0xd4, 0x43, 0xff, 0x93, 0xfe, 0xf, 0xfe, 0x4,
    0xbf, 0xb0, 0xff, 0x35, 0xf9, 0xf, 0xfe, 0x52,
    0x1f, 0xfc, 0x5b, 0x84, 0x3f, 0xf8, 0x78, 0x1b,
    0xc1, 0xff, 0xc1, 0x6e, 0x0,

    /* U+9608 "阈" */
    0x4, 0x87, 0xff, 0x19, 0x50, 0x54, 0x5f, 0xf8,
    0xa, 0x30, 0x2a, 0xbf, 0xe0, 0xa0, 0xdf, 0xf5,
    0xf2, 0x1d, 0x61, 0xde, 0x2a, 0xe, 0xa0, 0x87,
    0xf4, 0x1f, 0x28, 0x43, 0xc8, 0x94, 0x43, 0xeb,
    0xfc, 0x97, 0x70, 0x7d, 0xff, 0x27, 0xf0, 0x7f,
    0xf1, 0xb4, 0x3f, 0x5f, 0xce, 0x28, 0x83, 0xf6,
    0x5a, 0x28, 0x34, 0x1f, 0xe4, 0xc3, 0x70, 0x87,
    0xf9, 0x58, 0x4a, 0x10, 0xfe, 0xca, 0x21, 0x60,
    0x83, 0xfa, 0xfe, 0xf, 0xfe, 0x33, 0x71, 0x2,
    0x30, 0xf5, 0xf4, 0x9c, 0x2d, 0x88, 0x76, 0x37,
    0xc2, 0x50, 0xa, 0xe, 0x79, 0xb, 0x30, 0x74,
    0xf, 0xfe, 0xd, 0x86, 0xf9, 0xf, 0xfe, 0x2c,
    0x7, 0x3c, 0x1f, 0xfc, 0x2f, 0x40,

    /* U+9632 "防" */
    0xf, 0xfe, 0xc, 0x87, 0xff, 0x19, 0x50, 0x7b,
    0xff, 0x6, 0x40, 0x87, 0xcb, 0x2, 0xe, 0x94,
    0x1f, 0x54, 0x82, 0xbb, 0x2b, 0xc1, 0xca, 0x17,
    0xff, 0x82, 0x19, 0x37, 0xc9, 0xff, 0xc1, 0xa1,
    0xf, 0xfe, 0x3a, 0x1f, 0xfc, 0x68, 0xc3, 0xd5,
    0xf0, 0x74, 0x41, 0xe5, 0xfc, 0x1d, 0x10, 0x49,
    0xfc, 0x88, 0x72, 0xc1, 0xfe, 0x43, 0xf6, 0x21,
    0x21, 0xff, 0xc6, 0x4c, 0x3f, 0xf8, 0xa, 0x82,
    0xc4, 0x3c, 0x87, 0x50, 0x50, 0x87, 0x90, 0xfa,
    0x9c, 0x44, 0x1f, 0x61, 0xca, 0x2, 0x84, 0x3b,
    0xf, 0xf3, 0x18, 0x1a, 0x91, 0xf, 0x98, 0x83,
    0x2c, 0x41, 0xf9, 0x14, 0x12, 0xaf, 0x21, 0x78,
    0x37, 0x7, 0x48, 0x78,

    /* U+9636 "阶" */
    0xf, 0xfe, 0xa, 0x1f, 0xfc, 0xab, 0x43, 0xf7,
    0xfc, 0x19, 0xf, 0xfe, 0xa, 0xc1, 0xec, 0x10,
    0x7f, 0x34, 0xc8, 0x25, 0x11, 0x7, 0xfd, 0x88,
    0x51, 0xad, 0x7, 0xf9, 0xc, 0x88, 0x21, 0x83,
    0xfc, 0x85, 0x10, 0x58, 0xe1, 0xf2, 0x60, 0xc8,
    0x3b, 0x7, 0x7, 0x62, 0x62, 0x83, 0x2b, 0x43,
    0xec, 0x40, 0xde, 0xa, 0x85, 0x41, 0xc9, 0x1c,
    0x1f, 0xe4, 0x3e, 0x88, 0x3f, 0xf9, 0x8, 0x86,
    0x43, 0xff, 0xbe, 0x98, 0x7f, 0xf0, 0xbc, 0x20,
    0xc4, 0x3f, 0xf8, 0x8c, 0x4, 0x3f, 0xf8, 0x9e,
    0x80, 0x88, 0x7f, 0xf2, 0x22, 0xf, 0xfe, 0x3e,
    0x21, 0xff, 0xc7, 0x46, 0xf, 0xfe, 0xf, 0x6,
    0x78, 0x3d, 0xe0, 0xe0,

    /* U+9645 "际" */
    0x17, 0xe0, 0xff, 0xe2, 0x57, 0xc0, 0xff, 0xf2,
    0x1d, 0xe8, 0x40, 0xbf, 0xf0, 0x7f, 0x60, 0xaf,
    0xf0, 0x7e, 0x84, 0x3f, 0xfb, 0xc8, 0x8d, 0x7f,
    0xf0, 0x10, 0xec, 0x8d, 0x7f, 0xf8, 0x18, 0x7c,
    0x97, 0xf0, 0x3f, 0xa0, 0xe8, 0x83, 0xff, 0x92,
    0x88, 0x7f, 0xf2, 0x23, 0x7, 0x83, 0xad, 0xf,
    0xf2, 0x1f, 0xf4, 0x1f, 0x90, 0xa1, 0xe, 0x83,
    0xf3, 0xc4, 0x24, 0x1e, 0x48, 0x39, 0x2, 0xc2,
    0x1f, 0x42, 0x1e, 0xb8, 0x88, 0x3f, 0x24, 0x1c,
    0x82, 0x10, 0xfe, 0x84, 0x3f, 0x64, 0x5, 0x7,
    0xac, 0x3f, 0x38, 0x1a, 0x7, 0x90, 0xff, 0xe0,
    0xa0, 0x70, 0xf8,

    /* U+9664 "除" */
    0xf, 0xfe, 0x2, 0x1f, 0xfc, 0x9b, 0xf, 0xdf,
    0xf0, 0x68, 0x8, 0x7f, 0x54, 0x21, 0x90, 0x41,
    0xfc, 0xa0, 0x61, 0x47, 0x18, 0x7f, 0xb1, 0x2,
    0xc2, 0x88, 0x3f, 0x94, 0x14, 0x40, 0x95, 0xa1,
    0xe4, 0xc1, 0x98, 0x69, 0x28, 0x1d, 0xa, 0xc1,
    0xfe, 0x50, 0xc1, 0xf2, 0x51, 0x40, 0x5a, 0xd8,
    0x36, 0x46, 0xaa, 0x25, 0x40, 0x83, 0xcb, 0x7,
    0xff, 0x1e, 0x3b, 0xf2, 0x7f, 0x21, 0xf9, 0xd7,
    0x1, 0x7c, 0x1f, 0xcd, 0x64, 0xae, 0xf, 0x78,
    0x81, 0x7, 0xa0, 0xff, 0x48, 0xa8, 0x32, 0xb0,
    0xfb, 0xc8, 0x22, 0xc, 0xa2, 0xf, 0xf6, 0x61,
    0xe9, 0x50, 0x7e, 0x88, 0x3f, 0x42, 0x83, 0xea,
    0x25, 0xa1, 0xde, 0x43, 0xf2, 0xc, 0x10, 0x7e,
    0xf0, 0x7e, 0x7c, 0x87, 0xe0,

    /* U+9690 "隐" */
    0xf, 0xfe, 0x4, 0x1f, 0xfc, 0x99, 0xc3, 0xfd,
    0xfe, 0x42, 0x45, 0xe0, 0xfd, 0x40, 0x20, 0xc0,
    0xd6, 0xf, 0x96, 0xd, 0xf, 0xd1, 0x7, 0xfd,
    0x12, 0x41, 0x42, 0x1f, 0xc8, 0xb0, 0x3f, 0x3,
    0xe0, 0xfb, 0x3, 0xea, 0xfc, 0x87, 0xe5, 0x6,
    0x5f, 0xc1, 0xfe, 0x42, 0x65, 0xfc, 0x1f, 0x91,
    0x6, 0xd7, 0xc1, 0xfd, 0x10, 0x2f, 0xfc, 0x87,
    0xf4, 0x23, 0x5f, 0x90, 0xff, 0xb2, 0x5f, 0xc1,
    0xfe, 0xcc, 0xff, 0xf8, 0x3c, 0xe8, 0x87, 0xb8,
    0x24, 0x3c, 0x8e, 0xe9, 0xc0, 0x40, 0xc8, 0x7b,
    0x8c, 0x3d, 0x4, 0x90, 0x7f, 0x22, 0x19, 0xc4,
    0x88, 0x3e, 0x88, 0x3e, 0x68, 0x88, 0x7c, 0x88,
    0x4d, 0x62, 0x3c, 0x1f, 0x78, 0x24, 0x58, 0x43,
    0xdc, 0x1f, 0xaf, 0xe8, 0x38,

    /* U+96BE "难" */
    0xf, 0xfe, 0x1a, 0x1f, 0xfc, 0x5e, 0x5, 0x3,
    0xff, 0x90, 0xa8, 0x3b, 0xfe, 0x2, 0x60, 0x8c,
    0x39, 0x78, 0x34, 0x21, 0x68, 0x75, 0x70, 0x86,
    0xff, 0xe0, 0xff, 0x40, 0xa8, 0x15, 0x83, 0xf6,
    0x20, 0x5c, 0x2e, 0x5, 0x81, 0x4, 0x1f, 0xfc,
    0x2c, 0x8c, 0x8, 0x95, 0x25, 0x48, 0x17, 0x84,
    0x80, 0xb0, 0x16, 0xc2, 0x88, 0x4d, 0x7, 0xc9,
    0xf4, 0x1a, 0x6, 0x1f, 0xfc, 0x64, 0x3f, 0xf9,
    0x28, 0x20, 0xea, 0x92, 0xa4, 0x34, 0x46, 0x19,
    0x60, 0x2d, 0x85, 0x12, 0x84, 0x2f, 0x93, 0xe8,
    0x12, 0xc4, 0x41, 0xff, 0xc1, 0x51, 0x5, 0xe0,
    0xff, 0xe0, 0xe6, 0x1f, 0xdf, 0x27, 0xf5, 0x87,
    0xfa, 0xbf, 0xc1, 0xff, 0xc0, 0x5f, 0xf0,

    /* U+96C6 "集" */
    0xe, 0x43, 0x90, 0xff, 0xe1, 0xd8, 0x4d, 0x87,
    0xff, 0x6, 0x10, 0x94, 0x41, 0xff, 0xc0, 0x4d,
    0x76, 0xeb, 0xe0, 0xec, 0x15, 0xe6, 0xbf, 0x5,
    0x3, 0xfa, 0x1f, 0xfa, 0x4, 0x81, 0x7b, 0x17,
    0xd0, 0x4a, 0x12, 0xb9, 0x5, 0x72, 0x16, 0x60,
    0xfe, 0x87, 0xfc, 0x15, 0x85, 0x5d, 0x8d, 0x78,
    0x3f, 0x2f, 0x80, 0xbf, 0x7, 0xdf, 0xd0, 0xff,
    0x90, 0xfb, 0xfa, 0x1f, 0xf9, 0xf, 0x57, 0x35,
    0xf9, 0x41, 0xb9, 0x7d, 0x2f, 0xd0, 0x52, 0x5,
    0xe0, 0x2f, 0xe8, 0xd, 0x7e, 0x5, 0x7e, 0x41,
    0xfe, 0x6, 0xc, 0x17, 0xf0, 0x7a, 0xcc, 0x36,
    0x5a, 0x1e, 0xbc, 0xac, 0x3d, 0xc5, 0xe9, 0x5a,
    0x3c, 0x1f, 0x9e, 0x45, 0xa9, 0xc1, 0xff, 0xc0,
    0x6f, 0x0,

    /* U+9700 "需" */
    0xf, 0xfe, 0x6f, 0xff, 0xf1, 0x43, 0xab, 0xe0,
    0x57, 0xe0, 0xe5, 0xfc, 0x2f, 0xe0, 0xbf, 0xf9,
    0x3f, 0xfa, 0xa, 0xbe, 0x5, 0x7e, 0xe, 0x5f,
    0xc2, 0xfe, 0xf, 0x7e, 0x43, 0x3f, 0x83, 0xa8,
    0x75, 0x21, 0x9f, 0xc0, 0xb1, 0x42, 0x1f, 0xd5,
    0x80, 0xa0, 0xd5, 0x90, 0xff, 0xe2, 0xfe, 0x4b,
    0x5, 0x60, 0xef, 0xff, 0xe4, 0x44, 0xd7, 0xc0,
    0xaf, 0xce, 0x32, 0xf8, 0x12, 0xfe, 0x90, 0x3f,
    0xe8, 0xbf, 0xf2, 0x1c, 0xd1, 0x1a, 0x20, 0xa8,
    0x8, 0x74, 0xac, 0xd5, 0xb, 0xc1, 0xff, 0xf3,
    0x74, 0x3f, 0xce, 0x85, 0xc2, 0x8, 0x33, 0x87,
    0xff, 0x7, 0xc8, 0x0,

    /* U+9707 "震" */
    0xf, 0xfe, 0x6f, 0xff, 0xf1, 0x20, 0xea, 0xf8,
    0x15, 0xf6, 0x12, 0x83, 0xff, 0x8a, 0x82, 0xbf,
    0x81, 0x5f, 0xc1, 0x3f, 0xf0, 0x3f, 0xe4, 0x3d,
    0xfc, 0x1a, 0xfc, 0x1d, 0x65, 0x6c, 0x35, 0xf8,
    0xa0, 0x14, 0x57, 0x6, 0xbf, 0x1, 0xe, 0xfd,
    0x1e, 0x2f, 0xc1, 0xf7, 0xff, 0xf1, 0x43, 0xcd,
    0x7f, 0xf0, 0xc3, 0xe4, 0xc3, 0xf7, 0x94, 0x1f,
    0xa6, 0xbf, 0x28, 0x3f, 0xdf, 0xff, 0xc0, 0xf,
    0xcf, 0xff, 0xf1, 0x3, 0x9e, 0x2f, 0xf, 0xd7,
    0xe0, 0xec, 0x3c, 0xa0, 0x32, 0x1e, 0x44, 0x3d,
    0x1d, 0x14, 0x1e, 0x83, 0xd6, 0xe2, 0x61, 0xe4,
    0x41, 0x92, 0x26, 0x97, 0xe0, 0x44, 0x4, 0x7c,
    0x15, 0xc8, 0x10, 0x78, 0x2f, 0x41, 0xf3, 0x7a,
    0x0,

    /* U+9759 "静" */
    0xe, 0x50, 0x7d, 0x21, 0xff, 0xc1, 0xa0, 0x7c,
    0xc1, 0xff, 0xc9, 0x84, 0x3f, 0xbf, 0x3, 0xf2,
    0x23, 0xf8, 0x3b, 0xf0, 0x3f, 0x30, 0xd1, 0x10,
    0xf2, 0xc0, 0x58, 0x9, 0x28, 0x10, 0x7a, 0xa0,
    0x54, 0x64, 0x12, 0x83, 0xef, 0x81, 0xf0, 0x57,
    0xc3, 0x44, 0x29, 0x60, 0x2d, 0x72, 0xc0, 0x47,
    0x9, 0xa8, 0x15, 0x23, 0x50, 0xd0, 0x3b, 0xff,
    0xc1, 0xff, 0xc3, 0xff, 0xc3, 0xf8, 0x7c, 0x3a,
    0x1a, 0xb0, 0x4a, 0xa8, 0x68, 0x9, 0x9, 0x7c,
    0x14, 0xb0, 0x14, 0x28, 0x33, 0xf9, 0xf, 0xfe,
    0x3d, 0x64, 0x2b, 0xe1, 0xf0, 0x7c, 0xbc, 0x1b,
    0xa8, 0x68, 0x1f, 0x3f, 0x90, 0x97, 0x1, 0x54,
    0xf, 0x56, 0x43, 0xfe, 0x43, 0xcb, 0xc1, 0xff,
    0xcb, 0x90, 0xd4, 0xcc, 0x3f, 0xf8, 0x29, 0x5,
    0xa2, 0x83, 0xf7, 0x5, 0xe4, 0x27, 0xd0, 0x7c,

    /* U+9762 "面" */
    0xf, 0xfe, 0x55, 0xff, 0xfc, 0x83, 0x5f, 0xc0,
    0x5f, 0xf0, 0xd7, 0xe1, 0xaf, 0xf0, 0x7f, 0x44,
    0x1f, 0xfc, 0x15, 0xf8, 0x5f, 0xe0, 0xea, 0xf0,
    0x2b, 0xf9, 0xf, 0x7c, 0x3f, 0x8b, 0xd0, 0x7f,
    0xf5, 0xd7, 0x7, 0xff, 0x15, 0xac, 0x1f, 0xfc,
    0x57, 0xe8, 0x3f, 0xf9, 0x28, 0x7f, 0xf1, 0x57,
    0x83, 0xff, 0x8d, 0x58, 0x3f, 0xf8, 0xaf, 0xe0,
    0xff, 0xf6, 0xfc, 0x3f, 0x8b, 0xd0, 0x7e, 0x5f,
    0xfe, 0x10, 0x7e, 0xaf, 0xfe, 0xe, 0x18,

    /* U+97F3 "音" */
    0xf, 0xf4, 0x87, 0xff, 0x1d, 0x50, 0x7f, 0xf1,
    0xd0, 0xff, 0xe1, 0x7f, 0xe0, 0x7f, 0xe0, 0xcd,
    0x4d, 0x7f, 0xf0, 0x10, 0xd2, 0x84, 0x5f, 0x10,
    0xa8, 0x3e, 0x48, 0x3d, 0x87, 0xff, 0x5, 0x20,
    0xe4, 0x43, 0xfe, 0x8c, 0x34, 0x41, 0xf7, 0xf8,
    0xbf, 0x25, 0xfd, 0x15, 0xff, 0xc8, 0xc5, 0xff,
    0xe4, 0x86, 0xff, 0xfe, 0x12, 0x1f, 0xcb, 0xfe,
    0xf, 0xfe, 0x5, 0x7f, 0x90, 0xff, 0xe4, 0xa1,
    0xff, 0x7f, 0xf8, 0x3f, 0xf8, 0x15, 0xfe, 0xf,
    0xfe, 0x2, 0xff, 0xc1, 0xff, 0x2f, 0xfc, 0x1f,
    0xf5, 0x7f, 0x83, 0xff, 0x81, 0xff, 0xe4, 0x3f,
    0xbc, 0x1f, 0xeb, 0x42,

    /* U+9875 "页" */
    0xf, 0xfe, 0x5f, 0xff, 0xf2, 0x0, 0xbf, 0xc0,
    0x5f, 0xe0, 0x57, 0xf0, 0x2b, 0xf8, 0x3f, 0xf8,
    0x8, 0x7f, 0xf5, 0xdf, 0xf0, 0xff, 0xa0, 0xfe,
    0xaf, 0xf2, 0x1f, 0x90, 0x2f, 0xfb, 0xf, 0xfe,
    0x1d, 0x3, 0xff, 0x8e, 0xb0, 0x7f, 0xf2, 0x50,
    0xff, 0xe4, 0xe1, 0xff, 0xc7, 0xc4, 0x3f, 0xf8,
    0x28, 0x72, 0x1f, 0xfc, 0x84, 0x43, 0xce, 0x1e,
    0x7c, 0x8, 0x87, 0x86, 0x43, 0xf9, 0xc4, 0x33,
    0xc1, 0xfc, 0xd0, 0x60, 0x3c, 0x3a, 0x19, 0xb9,
    0x28, 0x1c, 0xe9, 0x40, 0xa4, 0x6d, 0xf, 0xd6,
    0x21, 0x77, 0x21, 0xff, 0xc0, 0xf0, 0x0,

    /* U+987B "须" */
    0xf, 0xfe, 0x83, 0x23, 0x2f, 0xfa, 0x43, 0xa4,
    0x13, 0x5f, 0xe7, 0xd, 0x92, 0x7f, 0x27, 0xfa,
    0xa, 0x14, 0x1f, 0x21, 0xfe, 0x51, 0x7, 0xff,
    0x19, 0x88, 0x3b, 0xf0, 0x3f, 0x82, 0x54, 0x92,
    0x19, 0x7e, 0xf, 0x48, 0xa8, 0x35, 0x7c, 0x1f,
    0xd1, 0x7, 0x99, 0xf, 0xf6, 0x48, 0x7b, 0x70,
    0xfe, 0xc5, 0x7, 0xf6, 0x1f, 0x38, 0xc1, 0xff,
    0xc8, 0x61, 0x83, 0xf2, 0x1f, 0x3c, 0x9, 0xc3,
    0x90, 0xff, 0xe0, 0xc0, 0xc3, 0xff, 0x8d, 0x26,
    0x12, 0x22, 0x12, 0x83, 0xa4, 0xc2, 0xe2, 0x27,
    0x68, 0x1a, 0x48, 0x39, 0xc4, 0x2b, 0xd, 0xa4,
    0x84, 0xd0, 0x61, 0xd3, 0x41, 0x1a, 0xb, 0x92,
    0x81, 0xa8, 0x48, 0xe1, 0xa0, 0x3a, 0x1e, 0x75,
    0x7, 0xef, 0x41, 0xfe, 0x80,

    /* U+9884 "预" */
    0xf, 0xfe, 0x5f, 0xfd, 0x1f, 0xff, 0x22, 0xf0,
    0x12, 0xb0, 0x2b, 0x92, 0xb8, 0x18, 0xb8, 0x5f,
    0x6, 0x8c, 0xc3, 0xff, 0x88, 0xac, 0x83, 0x2a,
    0x2, 0xe0, 0xcc, 0x4, 0x35, 0x11, 0xae, 0xc,
    0xc1, 0xf3, 0xfe, 0x31, 0x94, 0x2f, 0x7, 0x70,
    0x76, 0xd4, 0xd5, 0x86, 0x43, 0xeb, 0xe0, 0x71,
    0x87, 0xb0, 0xff, 0xe0, 0x62, 0x1f, 0xfc, 0x7a,
    0x7, 0xc8, 0x7f, 0xf0, 0x50, 0xec, 0x3f, 0xf9,
    0x28, 0x76, 0x1f, 0xfc, 0x44, 0x36, 0x1f, 0xfc,
    0xe, 0x86, 0x26, 0x87, 0xff, 0x9, 0x1a, 0x21,
    0xff, 0xc2, 0x72, 0x26, 0x81, 0x3e, 0x10, 0xd4,
    0x24, 0x12, 0xb0, 0x20, 0x60, 0xb4, 0xd0, 0xd2,
    0x40, 0xf4, 0x1b, 0xb0, 0xfa, 0xa0,

    /* U+9891 "频" */
    0xf, 0xfe, 0x95, 0x86, 0x50, 0x79, 0x41, 0xd2,
    0x1f, 0x53, 0xfd, 0x50, 0x4a, 0xf, 0xd7, 0xc3,
    0xf5, 0x3, 0xfb, 0xe5, 0x7, 0xe4, 0x3f, 0xd4,
    0x50, 0x49, 0x87, 0xe4, 0x39, 0x50, 0x2a, 0x3a,
    0xc1, 0xff, 0xc3, 0x5c, 0x12, 0x82, 0xb2, 0xd3,
    0xf0, 0x1a, 0xe4, 0x36, 0xd7, 0xcc, 0x19, 0x41,
    0xf3, 0x2d, 0xca, 0x90, 0xdd, 0x3, 0xf5, 0x3,
    0xff, 0x83, 0x87, 0xe5, 0x7, 0x78, 0x3f, 0xf8,
    0x49, 0x6, 0x88, 0x3c, 0x87, 0xd0, 0x86, 0x44,
    0x3f, 0xf8, 0x68, 0x68, 0x83, 0x90, 0xfe, 0xe0,
    0xcb, 0x7, 0xff, 0x2a, 0xb, 0xa1, 0x2, 0xc3,
    0xe9, 0x30, 0xe5, 0xa, 0xd0, 0xf5, 0xab, 0xe,
    0x63, 0xa, 0x81, 0x5a, 0x50, 0x33, 0xc6, 0x7,
    0x1c, 0x13, 0x68, 0x76, 0x38, 0x76, 0x86, 0x90,
    0xfa, 0xe0, 0xfa, 0xc0,

    /* U+98CE "风" */
    0xa, 0xbf, 0xf8, 0x61, 0xf9, 0x7f, 0xf8, 0x81,
    0xfd, 0xff, 0xf2, 0x21, 0xff, 0xdc, 0x83, 0xff,
    0x86, 0xe1, 0xce, 0x1f, 0xfc, 0x4c, 0x28, 0x83,
    0xff, 0x84, 0xa2, 0x2, 0x21, 0xff, 0xc0, 0x41,
    0x2e, 0x20, 0xff, 0xe2, 0xc5, 0x4, 0x3f, 0xf8,
    0xd0, 0x20, 0xff, 0xe3, 0xa1, 0xec, 0x3f, 0xd8,
    0x68, 0x10, 0x72, 0x1e, 0x43, 0x96, 0x88, 0x3f,
    0xec, 0x40, 0xc4, 0x88, 0x6c, 0x3c, 0x84, 0xc6,
    0x8, 0x84, 0x3f, 0x92, 0x86, 0x12, 0x21, 0x22,
    0x80, 0x99, 0x38, 0x74, 0x81, 0x1e, 0x48, 0x41,
    0x7, 0x98, 0x19, 0x23, 0x8, 0x7f, 0xf0, 0x90,
    0x93, 0x20, 0xff, 0xe1, 0xe0, 0x87, 0xf, 0xfe,
    0x2f, 0x80,

    /* U+9996 "首" */
    0xf, 0xfe, 0x12, 0x1f, 0xfc, 0xf, 0x7, 0xd6,
    0x1f, 0xf2, 0x41, 0xc8, 0x7f, 0xf0, 0x61, 0x41,
    0xa3, 0xf, 0xfe, 0x5, 0x10, 0x91, 0xf, 0xaf,
    0xea, 0x7e, 0x87, 0xfc, 0xf5, 0xf8, 0xd, 0x7e,
    0x5f, 0xf8, 0x12, 0xfe, 0x83, 0xab, 0x81, 0x5e,
    0x43, 0xf2, 0xf0, 0x17, 0xd8, 0x7f, 0x3f, 0xfd,
    0x7, 0xff, 0x55, 0xaf, 0xec, 0x3f, 0xf8, 0xb,
    0xfe, 0xf, 0xf9, 0xff, 0xe8, 0x3f, 0xe4, 0x3f,
    0xf9, 0x5f, 0xfd, 0x7, 0xff, 0x3, 0xff, 0xa0,
    0xff, 0x90, 0xff, 0xe4, 0xb5, 0xfd, 0x87, 0xff,
    0x1, 0x7f, 0xc1, 0xff, 0x3f, 0xfd, 0x7, 0x80,

    /* U+9A8C "验" */
    0xf, 0xfe, 0x12, 0x1f, 0xfc, 0x96, 0xd0, 0xfa,
    0xbe, 0xe, 0xc1, 0x87, 0xcb, 0xf0, 0x72, 0xe0,
    0xfb, 0xf9, 0xe, 0x8a, 0x18, 0x7f, 0xf1, 0x16,
    0x4, 0x41, 0xef, 0x7, 0xd1, 0x1, 0x6c, 0x3c,
    0x81, 0xb, 0x20, 0xd2, 0x70, 0x7f, 0xb1, 0xbf,
    0x98, 0x50, 0x7c, 0x91, 0x2f, 0xed, 0x41, 0xfc,
    0xe5, 0x7c, 0x8, 0x3f, 0xf8, 0x6a, 0x9, 0xf,
    0x3e, 0x1d, 0x34, 0xa0, 0x1a, 0x6, 0x5e, 0x2,
    0xc, 0x42, 0xc8, 0x35, 0x72, 0x19, 0xe, 0x43,
    0xff, 0x86, 0x83, 0x10, 0x21, 0xa9, 0xf2, 0x82,
    0xc5, 0x1, 0x30, 0xca, 0x2, 0x83, 0x26, 0x6e,
    0x21, 0xaf, 0xa0, 0xf5, 0x2, 0x50, 0x72, 0x1e,
    0x42, 0x43, 0xb0, 0xfd, 0x4c, 0x2f, 0xf8, 0xbd,
    0x7, 0x28, 0x18, 0xd7, 0xfb, 0xe, 0xa7, 0x92,
    0x5f, 0xf8,

    /* U+9AD8 "高" */
    0xf, 0xf9, 0xf, 0xfe, 0x3b, 0xc1, 0xff, 0xc7,
    0x40, 0x87, 0xfb, 0xff, 0x81, 0x7f, 0xe8, 0x6b,
    0xff, 0x8f, 0x92, 0xc1, 0xff, 0xc0, 0x5e, 0xc,
    0xd7, 0xff, 0x4, 0x3f, 0xd7, 0xff, 0x7, 0xff,
    0x5a, 0xff, 0xe0, 0xff, 0x35, 0xff, 0xc1, 0xf,
    0x2c, 0x1f, 0xfc, 0x5, 0xc0, 0x6b, 0xff, 0x8e,
    0x1a, 0xff, 0xfe, 0x18, 0x7f, 0x97, 0xf8, 0x24,
    0x3f, 0x35, 0xfc, 0x1f, 0xfc, 0x2b, 0xf9, 0xf,
    0xfe, 0xcd, 0xfc, 0x87, 0xff, 0x5, 0xaf, 0xe0,
    0x90, 0xfe, 0x5f, 0xe2, 0x81, 0xb0, 0xff, 0xe1,
    0xe9, 0x2, 0xd0, 0xff, 0xe0, 0xbe, 0x40,

    /* U+9EA6 "麦" */
    0xf, 0xf7, 0x7, 0xff, 0x61, 0x7f, 0xb, 0xfc,
    0x1a, 0xbf, 0x81, 0x5f, 0xc1, 0x5f, 0xf8, 0x7f,
    0xf4, 0x1f, 0xfc, 0xf7, 0xfe, 0x1f, 0xfa, 0xe,
    0x6b, 0xe0, 0x57, 0xd8, 0x79, 0x7e, 0x17, 0xf8,
    0x25, 0x7, 0xc8, 0x87, 0xe5, 0x14, 0xff, 0xa0,
    0x7f, 0xea, 0x1f, 0xf9, 0x1f, 0xff, 0x83, 0xf2,
    0x8c, 0x3f, 0xf8, 0xcc, 0xb, 0xfc, 0x87, 0xfa,
    0x80, 0xfe, 0x45, 0x7, 0xe7, 0x44, 0x43, 0x24,
    0x1f, 0xb8, 0x78, 0x90, 0x66, 0x1f, 0xdb, 0xc0,
    0xca, 0x64, 0x1f, 0xf4, 0x1c, 0x89, 0x21, 0xff,
    0xc3, 0xb4, 0x4b, 0x43, 0xf2, 0xaf, 0x92, 0xed,
    0x2f, 0xe8, 0xc, 0x8d, 0xe4, 0x2b, 0x90, 0xd0,
    0x57, 0xa4, 0x3f, 0x37, 0xe0, 0x0,

    /* U+9F84 "龄" */
    0xf, 0xfe, 0x85, 0x87, 0xde, 0x43, 0xff, 0x94,
    0x87, 0xce, 0x84, 0xb0, 0x48, 0x30, 0xfe, 0x42,
    0xa8, 0x2c, 0x84, 0x3f, 0xf8, 0x1f, 0x4, 0xba,
    0x43, 0xff, 0x89, 0x11, 0x12, 0x13, 0x8a, 0x2,
    0xc2, 0xc1, 0x64, 0x82, 0x4a, 0x25, 0x44, 0x4e,
    0xc, 0xb3, 0xff, 0xe2, 0xa, 0x6, 0x60, 0x50,
    0x38, 0x29, 0x42, 0x21, 0x61, 0x58, 0x59, 0x6c,
    0x17, 0x83, 0xfc, 0x88, 0x6b, 0xff, 0x21, 0xec,
    0x83, 0x6b, 0xe0, 0x21, 0xe5, 0xc1, 0x35, 0xc0,
    0xc3, 0xc9, 0x10, 0x7f, 0x28, 0x3e, 0x92, 0xe,
    0xb0, 0x64, 0x1f, 0x38, 0xe1, 0xb3, 0x88, 0x3f,
    0x48, 0x7c, 0xc2, 0x21, 0xf3, 0xfc, 0x86, 0x60,
    0xff, 0x2a, 0x9e, 0x43, 0x98, 0xc3, 0xdd, 0x14,
    0x1f, 0xcc, 0x21, 0xff, 0xc0, 0xb0, 0xf3, 0xa1,
    0x80,

    /* U+FF08 "（" */
    0xf, 0xfe, 0xb, 0x87, 0x30, 0x73, 0x38, 0x69,
    0x83, 0x64, 0x19, 0x20, 0xec, 0x43, 0x94, 0x1f,
    0x61, 0xc8, 0x87, 0xff, 0x5, 0x10, 0xfb, 0xf,
    0x90, 0xf4, 0x21, 0xc9, 0x7, 0xa2, 0xe, 0x5a,
    0xe, 0x95, 0x87, 0x51, 0xf, 0x30,

    /* U+FF09 "）" */
    0xf, 0xed, 0xf, 0x34, 0xe, 0x96, 0xe, 0x98,
    0x3d, 0x18, 0x7a, 0x10, 0xe4, 0x83, 0xd0, 0x7c,
    0x88, 0x7f, 0xf2, 0x50, 0xfe, 0x43, 0xa0, 0xf2,
    0x41, 0xd0, 0x86, 0x88, 0x34, 0xb0, 0x52, 0xa0,
    0xe6, 0xe, 0xa0, 0x70,

    /* U+FF0C "，" */
    0x68, 0xea, 0xc3, 0xf5, 0x84, 0x99, 0x28, 0xa0,

    /* U+FF1A "：" */
    0xc, 0xfc, 0x1f, 0x9f, 0x83, 0xf3, 0xf0, 0x7e,

    /* U+FF1B "；" */
    0xd, 0x79, 0xf, 0xd7, 0x90, 0xfd, 0x79, 0xf,
    0xd6, 0x14, 0x33, 0x14, 0x40
};


/*---------------------
 *  GLYPH DESCRIPTION
 *--------------------*/

static const lv_font_fmt_txt_glyph_dsc_t glyph_dsc[] = {
    {.bitmap_index = 0, .adv_w = 0, .box_w = 0, .box_h = 0, .ofs_x = 0, .ofs_y = 0} /* id = 0 reserved */,
    {.bitmap_index = 0, .adv_w = 192, .box_w = 0, .box_h = 0, .ofs_x = 0, .ofs_y = 0},
    {.bitmap_index = 0, .adv_w = 192, .box_w = 4, .box_h = 17, .ofs_x = 4, .ofs_y = 0},
    {.bitmap_index = 14, .adv_w = 192, .box_w = 6, .box_h = 5, .ofs_x = 3, .ofs_y = 11},
    {.bitmap_index = 21, .adv_w = 192, .box_w = 12, .box_h = 16, .ofs_x = 0, .ofs_y = 0},
    {.bitmap_index = 64, .adv_w = 192, .box_w = 10, .box_h = 21, .ofs_x = 1, .ofs_y = -3},
    {.bitmap_index = 112, .adv_w = 192, .box_w = 12, .box_h = 17, .ofs_x = 0, .ofs_y = 0},
    {.bitmap_index = 158, .adv_w = 192, .box_w = 12, .box_h = 16, .ofs_x = 0, .ofs_y = 0},
    {.bitmap_index = 202, .adv_w = 192, .box_w = 3, .box_h = 5, .ofs_x = 4, .ofs_y = 11},
    {.bitmap_index = 206, .adv_w = 192, .box_w = 7, .box_h = 21, .ofs_x = 5, .ofs_y = -2},
    {.bitmap_index = 237, .adv_w = 192, .box_w = 7, .box_h = 21, .ofs_x = 0, .ofs_y = -2},
    {.bitmap_index = 269, .adv_w = 192, .box_w = 12, .box_h = 12, .ofs_x = 0, .ofs_y = 4},
    {.bitmap_index = 301, .adv_w = 192, .box_w = 12, .box_h = 11, .ofs_x = 0, .ofs_y = 3},
    {.bitmap_index = 318, .adv_w = 192, .box_w = 4, .box_h = 6, .ofs_x = 1, .ofs_y = -3},
    {.bitmap_index = 324, .adv_w = 192, .box_w = 12, .box_h = 3, .ofs_x = 0, .ofs_y = 7},
    {.bitmap_index = 331, .adv_w = 192, .box_w = 4, .box_h = 3, .ofs_x = 1, .ofs_y = 0},
    {.bitmap_index = 334, .adv_w = 192, .box_w = 12, .box_h = 19, .ofs_x = 0, .ofs_y = -1},
    {.bitmap_index = 375, .adv_w = 192, .box_w = 11, .box_h = 17, .ofs_x = 0, .ofs_y = -1},
    {.bitmap_index = 415, .adv_w = 192, .box_w = 6, .box_h = 16, .ofs_x = 2, .ofs_y = 0},
    {.bitmap_index = 426, .adv_w = 192, .box_w = 11, .box_h = 17, .ofs_x = 0, .ofs_y = 0},
    {.bitmap_index = 467, .adv_w = 192, .box_w = 11, .box_h = 17, .ofs_x = 0, .ofs_y = 0},
    {.bitmap_index = 510, .adv_w = 192, .box_w = 12, .box_h = 16, .ofs_x = 0, .ofs_y = 0},
    {.bitmap_index = 546, .adv_w = 192, .box_w = 11, .box_h = 16, .ofs_x = 0, .ofs_y = 0},
    {.bitmap_index = 587, .adv_w = 192, .box_w = 12, .box_h = 16, .ofs_x = 0, .ofs_y = 0},
    {.bitmap_index = 630, .adv_w = 192, .box_w = 11, .box_h = 16, .ofs_x = 1, .ofs_y = 0},
    {.bitmap_index = 663, .adv_w = 192, .box_w = 11, .box_h = 16, .ofs_x = 0, .ofs_y = 0},
    {.bitmap_index = 706, .adv_w = 192, .box_w = 11, .box_h = 16, .ofs_x = 0, .ofs_y = 0},
    {.bitmap_index = 748, .adv_w = 192, .box_w = 3, .box_h = 11, .ofs_x = 4, .ofs_y = 0},
    {.bitmap_index = 755, .adv_w = 192, .box_w = 3, .box_h = 14, .ofs_x = 4, .ofs_y = -3},
    {.bitmap_index = 764, .adv_w = 192, .box_w = 12, .box_h = 18, .ofs_x = 0, .ofs_y = -1},
    {.bitmap_index = 806, .adv_w = 192, .box_w = 12, .box_h = 9, .ofs_x = 0, .ofs_y = 4},
    {.bitmap_index = 822, .adv_w = 192, .box_w = 12, .box_h = 18, .ofs_x = 0, .ofs_y = -1},
    {.bitmap_index = 864, .adv_w = 192, .box_w = 10, .box_h = 16, .ofs_x = 1, .ofs_y = 0},
    {.bitmap_index = 896, .adv_w = 192, .box_w = 12, .box_h = 16, .ofs_x = 0, .ofs_y = 0},
    {.bitmap_index = 944, .adv_w = 192, .box_w = 12, .box_h = 16, .ofs_x = 0, .ofs_y = 0},
    {.bitmap_index = 985, .adv_w = 192, .box_w = 11, .box_h = 16, .ofs_x = 1, .ofs_y = 0},
    {.bitmap_index = 1020, .adv_w = 192, .box_w = 12, .box_h = 16, .ofs_x = 0, .ofs_y = 0},
    {.bitmap_index = 1060, .adv_w = 192, .box_w = 10, .box_h = 16, .ofs_x = 1, .ofs_y = 0},
    {.bitmap_index = 1087, .adv_w = 192, .box_w = 10, .box_h = 16, .ofs_x = 1, .ofs_y = 0},
    {.bitmap_index = 1108, .adv_w = 192, .box_w = 10, .box_h = 16, .ofs_x = 1, .ofs_y = 0},
    {.bitmap_index = 1124, .adv_w = 192, .box_w = 11, .box_h = 16, .ofs_x = 0, .ofs_y = 0},
    {.bitmap_index = 1164, .adv_w = 192, .box_w = 10, .box_h = 16, .ofs_x = 1, .ofs_y = 0},
    {.bitmap_index = 1177, .adv_w = 192, .box_w = 3, .box_h = 16, .ofs_x = 4, .ofs_y = 0},
    {.bitmap_index = 1181, .adv_w = 192, .box_w = 10, .box_h = 16, .ofs_x = 1, .ofs_y = 0},
    {.bitmap_index = 1203, .adv_w = 192, .box_w = 11, .box_h = 16, .ofs_x = 1, .ofs_y = 0},
    {.bitmap_index = 1241, .adv_w = 192, .box_w = 10, .box_h = 16, .ofs_x = 1, .ofs_y = 0},
    {.bitmap_index = 1251, .adv_w = 192, .box_w = 11, .box_h = 16, .ofs_x = 0, .ofs_y = 0},
    {.bitmap_index = 1287, .adv_w = 192, .box_w = 11, .box_h = 16, .ofs_x = 0, .ofs_y = 0},
    {.bitmap_index = 1319, .adv_w = 192, .box_w = 12, .box_h = 16, .ofs_x = 0, .ofs_y = 0},
    {.bitmap_index = 1359, .adv_w = 192, .box_w = 11, .box_h = 16, .ofs_x = 1, .ofs_y = 0},
    {.bitmap_index = 1386, .adv_w = 192, .box_w = 12, .box_h = 18, .ofs_x = 0, .ofs_y = -2},
    {.bitmap_index = 1431, .adv_w = 192, .box_w = 11, .box_h = 16, .ofs_x = 1, .ofs_y = 0},
    {.bitmap_index = 1467, .adv_w = 192, .box_w = 11, .box_h = 16, .ofs_x = 0, .ofs_y = 0},
    {.bitmap_index = 1509, .adv_w = 192, .box_w = 10, .box_h = 16, .ofs_x = 1, .ofs_y = 0},
    {.bitmap_index = 1521, .adv_w = 192, .box_w = 10, .box_h = 16, .ofs_x = 1, .ofs_y = 0},
    {.bitmap_index = 1539, .adv_w = 192, .box_w = 12, .box_h = 16, .ofs_x = 0, .ofs_y = 0},
    {.bitmap_index = 1581, .adv_w = 192, .box_w = 12, .box_h = 16, .ofs_x = 0, .ofs_y = 0},
    {.bitmap_index = 1623, .adv_w = 192, .box_w = 12, .box_h = 16, .ofs_x = 0, .ofs_y = 0},
    {.bitmap_index = 1669, .adv_w = 192, .box_w = 12, .box_h = 16, .ofs_x = 0, .ofs_y = 0},
    {.bitmap_index = 1699, .adv_w = 192, .box_w = 11, .box_h = 16, .ofs_x = 0, .ofs_y = 0},
    {.bitmap_index = 1735, .adv_w = 192, .box_w = 7, .box_h = 22, .ofs_x = 4, .ofs_y = -3},
    {.bitmap_index = 1749, .adv_w = 192, .box_w = 10, .box_h = 19, .ofs_x = 1, .ofs_y = -2},
    {.bitmap_index = 1786, .adv_w = 192, .box_w = 7, .box_h = 22, .ofs_x = 1, .ofs_y = -3},
    {.bitmap_index = 1800, .adv_w = 192, .box_w = 10, .box_h = 4, .ofs_x = 1, .ofs_y = 15},
    {.bitmap_index = 1811, .adv_w = 192, .box_w = 12, .box_h = 2, .ofs_x = 0, .ofs_y = -4},
    {.bitmap_index = 1814, .adv_w = 192, .box_w = 6, .box_h = 5, .ofs_x = 3, .ofs_y = 15},
    {.bitmap_index = 1822, .adv_w = 192, .box_w = 10, .box_h = 11, .ofs_x = 1, .ofs_y = 0},
    {.bitmap_index = 1850, .adv_w = 192, .box_w = 10, .box_h = 16, .ofs_x = 1, .ofs_y = 0},
    {.bitmap_index = 1879, .adv_w = 192, .box_w = 11, .box_h = 11, .ofs_x = 0, .ofs_y = 0},
    {.bitmap_index = 1908, .adv_w = 192, .box_w = 11, .box_h = 16, .ofs_x = 0, .ofs_y = 0},
    {.bitmap_index = 1936, .adv_w = 192, .box_w = 11, .box_h = 11, .ofs_x = 0, .ofs_y = 0},
    {.bitmap_index = 1966, .adv_w = 192, .box_w = 10, .box_h = 16, .ofs_x = 1, .ofs_y = 0},
    {.bitmap_index = 1989, .adv_w = 192, .box_w = 12, .box_h = 15, .ofs_x = 0, .ofs_y = -3},
    {.bitmap_index = 2032, .adv_w = 192, .box_w = 10, .box_h = 16, .ofs_x = 1, .ofs_y = 0},
    {.bitmap_index = 2050, .adv_w = 192, .box_w = 3, .box_h = 16, .ofs_x = 4, .ofs_y = 0},
    {.bitmap_index = 2058, .adv_w = 192, .box_w = 7, .box_h = 19, .ofs_x = 2, .ofs_y = -3},
    {.bitmap_index = 2073, .adv_w = 192, .box_w = 10, .box_h = 16, .ofs_x = 1, .ofs_y = 0},
    {.bitmap_index = 2099, .adv_w = 192, .box_w = 3, .box_h = 16, .ofs_x = 4, .ofs_y = 0},
    {.bitmap_index = 2103, .adv_w = 192, .box_w = 12, .box_h = 11, .ofs_x = 0, .ofs_y = 0},
    {.bitmap_index = 2120, .adv_w = 192, .box_w = 10, .box_h = 11, .ofs_x = 1, .ofs_y = 0},
    {.bitmap_index = 2137, .adv_w = 192, .box_w = 11, .box_h = 11, .ofs_x = 0, .ofs_y = 0},
    {.bitmap_index = 2165, .adv_w = 192, .box_w = 10, .box_h = 14, .ofs_x = 1, .ofs_y = -3},
    {.bitmap_index = 2196, .adv_w = 192, .box_w = 11, .box_h = 14, .ofs_x = 0, .ofs_y = -3},
    {.bitmap_index = 2226, .adv_w = 192, .box_w = 8, .box_h = 11, .ofs_x = 2, .ofs_y = 0},
    {.bitmap_index = 2240, .adv_w = 192, .box_w = 10, .box_h = 11, .ofs_x = 1, .ofs_y = 0},
    {.bitmap_index = 2268, .adv_w = 192, .box_w = 11, .box_h = 14, .ofs_x = 0, .ofs_y = 0},
    {.bitmap_index = 2290, .adv_w = 192, .box_w = 10, .box_h = 11, .ofs_x = 1, .ofs_y = 0},
    {.bitmap_index = 2306, .adv_w = 192, .box_w = 11, .box_h = 11, .ofs_x = 0, .ofs_y = 0},
    {.bitmap_index = 2334, .adv_w = 192, .box_w = 12, .box_h = 11, .ofs_x = 0, .ofs_y = 0},
    {.bitmap_index = 2367, .adv_w = 192, .box_w = 11, .box_h = 11, .ofs_x = 0, .ofs_y = 0},
    {.bitmap_index = 2397, .adv_w = 192, .box_w = 11, .box_h = 14, .ofs_x = 0, .ofs_y = -3},
    {.bitmap_index = 2432, .adv_w = 192, .box_w = 10, .box_h = 11, .ofs_x = 1, .ofs_y = 0},
    {.bitmap_index = 2456, .adv_w = 192, .box_w = 6, .box_h = 22, .ofs_x = 5, .ofs_y = -3},
    {.bitmap_index = 2475, .adv_w = 192, .box_w = 3, .box_h = 24, .ofs_x = 4, .ofs_y = -3},
    {.bitmap_index = 2480, .adv_w = 192, .box_w = 6, .box_h = 22, .ofs_x = 1, .ofs_y = -3},
    {.bitmap_index = 2499, .adv_w = 192, .box_w = 10, .box_h = 4, .ofs_x = 1, .ofs_y = 16},
    {.bitmap_index = 2510, .adv_w = 384, .box_w = 6, .box_h = 7, .ofs_x = 3, .ofs_y = 11},
    {.bitmap_index = 2521, .adv_w = 384, .box_w = 9, .box_h = 8, .ofs_x = 13, .ofs_y = 12},
    {.bitmap_index = 2536, .adv_w = 384, .box_w = 10, .box_h = 8, .ofs_x = 1, .ofs_y = 12},
    {.bitmap_index = 2553, .adv_w = 384, .box_w = 20, .box_h = 4, .ofs_x = 2, .ofs_y = 7},
    {.bitmap_index = 2565, .adv_w = 384, .box_w = 21, .box_h = 20, .ofs_x = 1, .ofs_y = -1},
    {.bitmap_index = 2644, .adv_w = 384, .box_w = 24, .box_h = 6, .ofs_x = 0, .ofs_y = -2},
    {.bitmap_index = 2655, .adv_w = 384, .box_w = 24, .box_h = 12, .ofs_x = 0, .ofs_y = -2},
    {.bitmap_index = 2672, .adv_w = 384, .box_w = 24, .box_h = 17, .ofs_x = 0, .ofs_y = -2},
    {.bitmap_index = 2690, .adv_w = 384, .box_w = 22, .box_h = 23, .ofs_x = 1, .ofs_y = -3},
    {.bitmap_index = 2788, .adv_w = 384, .box_w = 22, .box_h = 23, .ofs_x = 1, .ofs_y = -3},
    {.bitmap_index = 2868, .adv_w = 384, .box_w = 6, .box_h = 9, .ofs_x = 3, .ofs_y = -2},
    {.bitmap_index = 2882, .adv_w = 384, .box_w = 6, .box_h = 7, .ofs_x = 3, .ofs_y = -1},
    {.bitmap_index = 2893, .adv_w = 384, .box_w = 22, .box_h = 4, .ofs_x = 1, .ofs_y = 7},
    {.bitmap_index = 2905, .adv_w = 384, .box_w = 22, .box_h = 21, .ofs_x = 1, .ofs_y = -2},
    {.bitmap_index = 2937, .adv_w = 384, .box_w = 22, .box_h = 20, .ofs_x = 1, .ofs_y = -2},
    {.bitmap_index = 2984, .adv_w = 384, .box_w = 22, .box_h = 21, .ofs_x = 1, .ofs_y = -2},
    {.bitmap_index = 3057, .adv_w = 384, .box_w = 21, .box_h = 23, .ofs_x = 1, .ofs_y = -3},
    {.bitmap_index = 3129, .adv_w = 384, .box_w = 22, .box_h = 22, .ofs_x = 1, .ofs_y = -3},
    {.bitmap_index = 3222, .adv_w = 384, .box_w = 22, .box_h = 21, .ofs_x = 1, .ofs_y = -2},
    {.bitmap_index = 3306, .adv_w = 384, .box_w = 23, .box_h = 22, .ofs_x = 0, .ofs_y = -3},
    {.bitmap_index = 3388, .adv_w = 384, .box_w = 24, .box_h = 23, .ofs_x = 0, .ofs_y = -2},
    {.bitmap_index = 3458, .adv_w = 384, .box_w = 20, .box_h = 22, .ofs_x = 2, .ofs_y = -2},
    {.bitmap_index = 3507, .adv_w = 384, .box_w = 21, .box_h = 22, .ofs_x = 1, .ofs_y = -2},
    {.bitmap_index = 3602, .adv_w = 384, .box_w = 22, .box_h = 22, .ofs_x = 1, .ofs_y = -2},
    {.bitmap_index = 3667, .adv_w = 384, .box_w = 22, .box_h = 22, .ofs_x = 1, .ofs_y = -2},
    {.bitmap_index = 3747, .adv_w = 384, .box_w = 23, .box_h = 23, .ofs_x = 1, .ofs_y = -3},
    {.bitmap_index = 3837, .adv_w = 384, .box_w = 22, .box_h = 23, .ofs_x = 1, .ofs_y = -3},
    {.bitmap_index = 3932, .adv_w = 384, .box_w = 22, .box_h = 21, .ofs_x = 1, .ofs_y = -2},
    {.bitmap_index = 3978, .adv_w = 384, .box_w = 22, .box_h = 20, .ofs_x = 1, .ofs_y = -2},
    {.bitmap_index = 4054, .adv_w = 384, .box_w = 22, .box_h = 23, .ofs_x = 1, .ofs_y = -3},
    {.bitmap_index = 4161, .adv_w = 384, .box_w = 23, .box_h = 23, .ofs_x = 0, .ofs_y = -3},
    {.bitmap_index = 4247, .adv_w = 384, .box_w = 22, .box_h = 23, .ofs_x = 1, .ofs_y = -3},
    {.bitmap_index = 4343, .adv_w = 384, .box_w = 22, .box_h = 23, .ofs_x = 1, .ofs_y = -3},
    {.bitmap_index = 4423, .adv_w = 384, .box_w = 23, .box_h = 22, .ofs_x = 0, .ofs_y = -2},
    {.bitmap_index = 4522, .adv_w = 384, .box_w = 22, .box_h = 22, .ofs_x = 1, .ofs_y = -2},
    {.bitmap_index = 4614, .adv_w = 384, .box_w = 23, .box_h = 23, .ofs_x = 0, .ofs_y = -3},
    {.bitmap_index = 4696, .adv_w = 384, .box_w = 21, .box_h = 22, .ofs_x = 2, .ofs_y = -3},
    {.bitmap_index = 4786, .adv_w = 384, .box_w = 24, .box_h = 23, .ofs_x = 0, .ofs_y = -3},
    {.bitmap_index = 4868, .adv_w = 384, .box_w = 23, .box_h = 22, .ofs_x = 0, .ofs_y = -2},
    {.bitmap_index = 4943, .adv_w = 384, .box_w = 24, .box_h = 22, .ofs_x = 0, .ofs_y = -2},
    {.bitmap_index = 5043, .adv_w = 384, .box_w = 23, .box_h = 23, .ofs_x = 0, .ofs_y = -3},
    {.bitmap_index = 5138, .adv_w = 384, .box_w = 23, .box_h = 23, .ofs_x = 0, .ofs_y = -3},
    {.bitmap_index = 5240, .adv_w = 384, .box_w = 23, .box_h = 22, .ofs_x = 0, .ofs_y = -2},
    {.bitmap_index = 5310, .adv_w = 384, .box_w = 23, .box_h = 22, .ofs_x = 0, .ofs_y = -2},
    {.bitmap_index = 5408, .adv_w = 384, .box_w = 24, .box_h = 22, .ofs_x = 0, .ofs_y = -2},
    {.bitmap_index = 5505, .adv_w = 384, .box_w = 23, .box_h = 22, .ofs_x = 0, .ofs_y = -2},
    {.bitmap_index = 5580, .adv_w = 384, .box_w = 24, .box_h = 22, .ofs_x = 0, .ofs_y = -2},
    {.bitmap_index = 5671, .adv_w = 384, .box_w = 23, .box_h = 23, .ofs_x = 0, .ofs_y = -3},
    {.bitmap_index = 5749, .adv_w = 384, .box_w = 23, .box_h = 23, .ofs_x = 1, .ofs_y = -3},
    {.bitmap_index = 5853, .adv_w = 384, .box_w = 23, .box_h = 23, .ofs_x = 0, .ofs_y = -3},
    {.bitmap_index = 5957, .adv_w = 384, .box_w = 23, .box_h = 23, .ofs_x = 0, .ofs_y = -3},
    {.bitmap_index = 6063, .adv_w = 384, .box_w = 23, .box_h = 23, .ofs_x = 0, .ofs_y = -3},
    {.bitmap_index = 6162, .adv_w = 384, .box_w = 24, .box_h = 22, .ofs_x = 0, .ofs_y = -2},
    {.bitmap_index = 6262, .adv_w = 384, .box_w = 23, .box_h = 22, .ofs_x = 0, .ofs_y = -2},
    {.bitmap_index = 6350, .adv_w = 384, .box_w = 24, .box_h = 22, .ofs_x = 0, .ofs_y = -2},
    {.bitmap_index = 6464, .adv_w = 384, .box_w = 23, .box_h = 22, .ofs_x = 0, .ofs_y = -2},
    {.bitmap_index = 6558, .adv_w = 384, .box_w = 24, .box_h = 23, .ofs_x = 0, .ofs_y = -3},
    {.bitmap_index = 6655, .adv_w = 384, .box_w = 23, .box_h = 23, .ofs_x = 0, .ofs_y = -3},
    {.bitmap_index = 6773, .adv_w = 384, .box_w = 24, .box_h = 21, .ofs_x = 0, .ofs_y = -2},
    {.bitmap_index = 6838, .adv_w = 384, .box_w = 22, .box_h = 23, .ofs_x = 1, .ofs_y = -3},
    {.bitmap_index = 6929, .adv_w = 384, .box_w = 22, .box_h = 23, .ofs_x = 1, .ofs_y = -3},
    {.bitmap_index = 7010, .adv_w = 384, .box_w = 23, .box_h = 22, .ofs_x = 0, .ofs_y = -2},
    {.bitmap_index = 7102, .adv_w = 384, .box_w = 22, .box_h = 23, .ofs_x = 1, .ofs_y = -3},
    {.bitmap_index = 7186, .adv_w = 384, .box_w = 22, .box_h = 21, .ofs_x = 1, .ofs_y = -2},
    {.bitmap_index = 7259, .adv_w = 384, .box_w = 22, .box_h = 23, .ofs_x = 1, .ofs_y = -3},
    {.bitmap_index = 7352, .adv_w = 384, .box_w = 21, .box_h = 23, .ofs_x = 2, .ofs_y = -3},
    {.bitmap_index = 7427, .adv_w = 384, .box_w = 22, .box_h = 22, .ofs_x = 1, .ofs_y = -3},
    {.bitmap_index = 7505, .adv_w = 384, .box_w = 23, .box_h = 22, .ofs_x = 0, .ofs_y = -3},
    {.bitmap_index = 7578, .adv_w = 384, .box_w = 21, .box_h = 21, .ofs_x = 2, .ofs_y = -3},
    {.bitmap_index = 7654, .adv_w = 384, .box_w = 22, .box_h = 22, .ofs_x = 0, .ofs_y = -2},
    {.bitmap_index = 7735, .adv_w = 384, .box_w = 23, .box_h = 23, .ofs_x = 1, .ofs_y = -3},
    {.bitmap_index = 7836, .adv_w = 384, .box_w = 22, .box_h = 22, .ofs_x = 1, .ofs_y = -2},
    {.bitmap_index = 7930, .adv_w = 384, .box_w = 23, .box_h = 23, .ofs_x = 0, .ofs_y = -3},
    {.bitmap_index = 8029, .adv_w = 384, .box_w = 20, .box_h = 22, .ofs_x = 2, .ofs_y = -2},
    {.bitmap_index = 8081, .adv_w = 384, .box_w = 24, .box_h = 21, .ofs_x = 0, .ofs_y = -2},
    {.bitmap_index = 8142, .adv_w = 384, .box_w = 23, .box_h = 23, .ofs_x = 1, .ofs_y = -3},
    {.bitmap_index = 8248, .adv_w = 384, .box_w = 22, .box_h = 22, .ofs_x = 1, .ofs_y = -3},
    {.bitmap_index = 8343, .adv_w = 384, .box_w = 22, .box_h = 22, .ofs_x = 1, .ofs_y = -2},
    {.bitmap_index = 8427, .adv_w = 384, .box_w = 22, .box_h = 23, .ofs_x = 0, .ofs_y = -3},
    {.bitmap_index = 8513, .adv_w = 384, .box_w = 23, .box_h = 23, .ofs_x = 0, .ofs_y = -3},
    {.bitmap_index = 8593, .adv_w = 384, .box_w = 22, .box_h = 23, .ofs_x = 0, .ofs_y = -3},
    {.bitmap_index = 8676, .adv_w = 384, .box_w = 22, .box_h = 23, .ofs_x = 1, .ofs_y = -3},
    {.bitmap_index = 8777, .adv_w = 384, .box_w = 23, .box_h = 22, .ofs_x = 0, .ofs_y = -2},
    {.bitmap_index = 8863, .adv_w = 384, .box_w = 24, .box_h = 22, .ofs_x = 0, .ofs_y = -2},
    {.bitmap_index = 8946, .adv_w = 384, .box_w = 23, .box_h = 23, .ofs_x = 0, .ofs_y = -3},
    {.bitmap_index = 9057, .adv_w = 384, .box_w = 22, .box_h = 23, .ofs_x = 1, .ofs_y = -3},
    {.bitmap_index = 9150, .adv_w = 384, .box_w = 22, .box_h = 23, .ofs_x = 0, .ofs_y = -3},
    {.bitmap_index = 9223, .adv_w = 384, .box_w = 23, .box_h = 23, .ofs_x = 1, .ofs_y = -3},
    {.bitmap_index = 9337, .adv_w = 384, .box_w = 22, .box_h = 23, .ofs_x = 1, .ofs_y = -3},
    {.bitmap_index = 9438, .adv_w = 384, .box_w = 24, .box_h = 23, .ofs_x = 0, .ofs_y = -3},
    {.bitmap_index = 9531, .adv_w = 384, .box_w = 22, .box_h = 22, .ofs_x = 1, .ofs_y = -2},
    {.bitmap_index = 9612, .adv_w = 384, .box_w = 20, .box_h = 22, .ofs_x = 3, .ofs_y = -2},
    {.bitmap_index = 9660, .adv_w = 384, .box_w = 21, .box_h = 21, .ofs_x = 1, .ofs_y = -2},
    {.bitmap_index = 9732, .adv_w = 384, .box_w = 23, .box_h = 22, .ofs_x = 1, .ofs_y = -3},
    {.bitmap_index = 9836, .adv_w = 384, .box_w = 22, .box_h = 23, .ofs_x = 1, .ofs_y = -3},
    {.bitmap_index = 9942, .adv_w = 384, .box_w = 23, .box_h = 21, .ofs_x = 1, .ofs_y = -2},
    {.bitmap_index = 10038, .adv_w = 384, .box_w = 18, .box_h = 19, .ofs_x = 3, .ofs_y = -2},
    {.bitmap_index = 10073, .adv_w = 384, .box_w = 22, .box_h = 21, .ofs_x = 1, .ofs_y = -3},
    {.bitmap_index = 10143, .adv_w = 384, .box_w = 20, .box_h = 22, .ofs_x = 2, .ofs_y = -2},
    {.bitmap_index = 10199, .adv_w = 384, .box_w = 22, .box_h = 21, .ofs_x = 1, .ofs_y = -3},
    {.bitmap_index = 10252, .adv_w = 384, .box_w = 21, .box_h = 23, .ofs_x = 2, .ofs_y = -3},
    {.bitmap_index = 10335, .adv_w = 384, .box_w = 22, .box_h = 22, .ofs_x = 1, .ofs_y = -3},
    {.bitmap_index = 10409, .adv_w = 384, .box_w = 22, .box_h = 23, .ofs_x = 1, .ofs_y = -3},
    {.bitmap_index = 10501, .adv_w = 384, .box_w = 21, .box_h = 22, .ofs_x = 1, .ofs_y = -3},
    {.bitmap_index = 10568, .adv_w = 384, .box_w = 23, .box_h = 23, .ofs_x = 0, .ofs_y = -3},
    {.bitmap_index = 10652, .adv_w = 384, .box_w = 21, .box_h = 22, .ofs_x = 2, .ofs_y = -2},
    {.bitmap_index = 10712, .adv_w = 384, .box_w = 22, .box_h = 23, .ofs_x = 1, .ofs_y = -3},
    {.bitmap_index = 10787, .adv_w = 384, .box_w = 21, .box_h = 22, .ofs_x = 0, .ofs_y = -2},
    {.bitmap_index = 10859, .adv_w = 384, .box_w = 22, .box_h = 21, .ofs_x = 1, .ofs_y = -2},
    {.bitmap_index = 10939, .adv_w = 384, .box_w = 22, .box_h = 22, .ofs_x = 1, .ofs_y = -3},
    {.bitmap_index = 11027, .adv_w = 384, .box_w = 22, .box_h = 22, .ofs_x = 1, .ofs_y = -3},
    {.bitmap_index = 11116, .adv_w = 384, .box_w = 23, .box_h = 22, .ofs_x = 1, .ofs_y = -2},
    {.bitmap_index = 11208, .adv_w = 384, .box_w = 23, .box_h = 23, .ofs_x = 1, .ofs_y = -3},
    {.bitmap_index = 11292, .adv_w = 384, .box_w = 22, .box_h = 21, .ofs_x = 1, .ofs_y = -2},
    {.bitmap_index = 11383, .adv_w = 384, .box_w = 20, .box_h = 21, .ofs_x = 2, .ofs_y = -2},
    {.bitmap_index = 11440, .adv_w = 384, .box_w = 22, .box_h = 22, .ofs_x = 1, .ofs_y = -2},
    {.bitmap_index = 11512, .adv_w = 384, .box_w = 22, .box_h = 22, .ofs_x = 1, .ofs_y = -3},
    {.bitmap_index = 11603, .adv_w = 384, .box_w = 23, .box_h = 23, .ofs_x = 1, .ofs_y = -3},
    {.bitmap_index = 11708, .adv_w = 384, .box_w = 23, .box_h = 23, .ofs_x = 1, .ofs_y = -3},
    {.bitmap_index = 11805, .adv_w = 384, .box_w = 22, .box_h = 22, .ofs_x = 1, .ofs_y = -3},
    {.bitmap_index = 11900, .adv_w = 384, .box_w = 20, .box_h = 21, .ofs_x = 2, .ofs_y = -2},
    {.bitmap_index = 11955, .adv_w = 384, .box_w = 20, .box_h = 21, .ofs_x = 2, .ofs_y = -2},
    {.bitmap_index = 12031, .adv_w = 384, .box_w = 20, .box_h = 22, .ofs_x = 2, .ofs_y = -3},
    {.bitmap_index = 12099, .adv_w = 384, .box_w = 20, .box_h = 22, .ofs_x = 2, .ofs_y = -3},
    {.bitmap_index = 12190, .adv_w = 384, .box_w = 23, .box_h = 22, .ofs_x = 0, .ofs_y = -2},
    {.bitmap_index = 12271, .adv_w = 384, .box_w = 22, .box_h = 22, .ofs_x = 1, .ofs_y = -2},
    {.bitmap_index = 12356, .adv_w = 384, .box_w = 22, .box_h = 22, .ofs_x = 1, .ofs_y = -2},
    {.bitmap_index = 12452, .adv_w = 384, .box_w = 23, .box_h = 23, .ofs_x = 0, .ofs_y = -3},
    {.bitmap_index = 12551, .adv_w = 384, .box_w = 23, .box_h = 22, .ofs_x = 0, .ofs_y = -2},
    {.bitmap_index = 12658, .adv_w = 384, .box_w = 22, .box_h = 23, .ofs_x = 0, .ofs_y = -3},
    {.bitmap_index = 12746, .adv_w = 384, .box_w = 23, .box_h = 22, .ofs_x = 0, .ofs_y = -2},
    {.bitmap_index = 12847, .adv_w = 384, .box_w = 23, .box_h = 23, .ofs_x = 1, .ofs_y = -3},
    {.bitmap_index = 12957, .adv_w = 384, .box_w = 21, .box_h = 23, .ofs_x = 2, .ofs_y = -3},
    {.bitmap_index = 13060, .adv_w = 384, .box_w = 23, .box_h = 23, .ofs_x = 0, .ofs_y = -3},
    {.bitmap_index = 13142, .adv_w = 384, .box_w = 24, .box_h = 21, .ofs_x = 0, .ofs_y = -2},
    {.bitmap_index = 13229, .adv_w = 384, .box_w = 22, .box_h = 23, .ofs_x = 1, .ofs_y = -3},
    {.bitmap_index = 13321, .adv_w = 384, .box_w = 22, .box_h = 23, .ofs_x = 1, .ofs_y = -3},
    {.bitmap_index = 13422, .adv_w = 384, .box_w = 22, .box_h = 23, .ofs_x = 1, .ofs_y = -3},
    {.bitmap_index = 13520, .adv_w = 384, .box_w = 23, .box_h = 23, .ofs_x = 0, .ofs_y = -3},
    {.bitmap_index = 13626, .adv_w = 384, .box_w = 23, .box_h = 23, .ofs_x = 0, .ofs_y = -3},
    {.bitmap_index = 13738, .adv_w = 384, .box_w = 23, .box_h = 22, .ofs_x = 1, .ofs_y = -2},
    {.bitmap_index = 13852, .adv_w = 384, .box_w = 22, .box_h = 23, .ofs_x = 1, .ofs_y = -3},
    {.bitmap_index = 13932, .adv_w = 384, .box_w = 22, .box_h = 22, .ofs_x = 1, .ofs_y = -2},
    {.bitmap_index = 14015, .adv_w = 384, .box_w = 22, .box_h = 23, .ofs_x = 1, .ofs_y = -3},
    {.bitmap_index = 14119, .adv_w = 384, .box_w = 22, .box_h = 23, .ofs_x = 1, .ofs_y = -3},
    {.bitmap_index = 14208, .adv_w = 384, .box_w = 24, .box_h = 23, .ofs_x = 0, .ofs_y = -3},
    {.bitmap_index = 14307, .adv_w = 384, .box_w = 20, .box_h = 22, .ofs_x = 2, .ofs_y = -2},
    {.bitmap_index = 14390, .adv_w = 384, .box_w = 23, .box_h = 23, .ofs_x = 1, .ofs_y = -3},
    {.bitmap_index = 14505, .adv_w = 384, .box_w = 23, .box_h = 22, .ofs_x = 0, .ofs_y = -2},
    {.bitmap_index = 14601, .adv_w = 384, .box_w = 24, .box_h = 23, .ofs_x = 0, .ofs_y = -3},
    {.bitmap_index = 14703, .adv_w = 384, .box_w = 23, .box_h = 23, .ofs_x = 1, .ofs_y = -3},
    {.bitmap_index = 14795, .adv_w = 384, .box_w = 23, .box_h = 24, .ofs_x = 0, .ofs_y = -3},
    {.bitmap_index = 14905, .adv_w = 384, .box_w = 22, .box_h = 23, .ofs_x = 1, .ofs_y = -3},
    {.bitmap_index = 14977, .adv_w = 384, .box_w = 20, .box_h = 22, .ofs_x = 2, .ofs_y = -3},
    {.bitmap_index = 15057, .adv_w = 384, .box_w = 24, .box_h = 23, .ofs_x = 0, .ofs_y = -3},
    {.bitmap_index = 15169, .adv_w = 384, .box_w = 23, .box_h = 21, .ofs_x = 0, .ofs_y = -2},
    {.bitmap_index = 15252, .adv_w = 384, .box_w = 22, .box_h = 22, .ofs_x = 1, .ofs_y = -3},
    {.bitmap_index = 15339, .adv_w = 384, .box_w = 22, .box_h = 22, .ofs_x = 1, .ofs_y = -3},
    {.bitmap_index = 15434, .adv_w = 384, .box_w = 21, .box_h = 20, .ofs_x = 2, .ofs_y = -2},
    {.bitmap_index = 15493, .adv_w = 384, .box_w = 23, .box_h = 23, .ofs_x = 1, .ofs_y = -3},
    {.bitmap_index = 15580, .adv_w = 384, .box_w = 22, .box_h = 22, .ofs_x = 1, .ofs_y = -2},
    {.bitmap_index = 15666, .adv_w = 384, .box_w = 24, .box_h = 22, .ofs_x = 0, .ofs_y = -2},
    {.bitmap_index = 15767, .adv_w = 384, .box_w = 22, .box_h = 21, .ofs_x = 1, .ofs_y = -2},
    {.bitmap_index = 15832, .adv_w = 384, .box_w = 22, .box_h = 23, .ofs_x = 1, .ofs_y = -3},
    {.bitmap_index = 15922, .adv_w = 384, .box_w = 23, .box_h = 22, .ofs_x = 0, .ofs_y = -2},
    {.bitmap_index = 16012, .adv_w = 384, .box_w = 22, .box_h = 23, .ofs_x = 1, .ofs_y = -3},
    {.bitmap_index = 16110, .adv_w = 384, .box_w = 23, .box_h = 23, .ofs_x = 0, .ofs_y = -3},
    {.bitmap_index = 16213, .adv_w = 384, .box_w = 23, .box_h = 23, .ofs_x = 1, .ofs_y = -3},
    {.bitmap_index = 16325, .adv_w = 384, .box_w = 23, .box_h = 23, .ofs_x = 1, .ofs_y = -3},
    {.bitmap_index = 16441, .adv_w = 384, .box_w = 22, .box_h = 21, .ofs_x = 1, .ofs_y = -2},
    {.bitmap_index = 16509, .adv_w = 384, .box_w = 22, .box_h = 23, .ofs_x = 1, .ofs_y = -3},
    {.bitmap_index = 16607, .adv_w = 384, .box_w = 19, .box_h = 23, .ofs_x = 2, .ofs_y = -3},
    {.bitmap_index = 16664, .adv_w = 384, .box_w = 23, .box_h = 22, .ofs_x = 1, .ofs_y = -2},
    {.bitmap_index = 16767, .adv_w = 384, .box_w = 20, .box_h = 22, .ofs_x = 2, .ofs_y = -2},
    {.bitmap_index = 16838, .adv_w = 384, .box_w = 22, .box_h = 22, .ofs_x = 1, .ofs_y = -3},
    {.bitmap_index = 16934, .adv_w = 384, .box_w = 22, .box_h = 22, .ofs_x = 1, .ofs_y = -2},
    {.bitmap_index = 17031, .adv_w = 384, .box_w = 23, .box_h = 23, .ofs_x = 0, .ofs_y = -3},
    {.bitmap_index = 17143, .adv_w = 384, .box_w = 23, .box_h = 23, .ofs_x = 1, .ofs_y = -3},
    {.bitmap_index = 17237, .adv_w = 384, .box_w = 23, .box_h = 22, .ofs_x = 0, .ofs_y = -2},
    {.bitmap_index = 17344, .adv_w = 384, .box_w = 22, .box_h = 22, .ofs_x = 1, .ofs_y = -2},
    {.bitmap_index = 17414, .adv_w = 384, .box_w = 22, .box_h = 22, .ofs_x = 1, .ofs_y = -2},
    {.bitmap_index = 17515, .adv_w = 384, .box_w = 23, .box_h = 21, .ofs_x = 0, .ofs_y = -2},
    {.bitmap_index = 17603, .adv_w = 384, .box_w = 23, .box_h = 22, .ofs_x = 0, .ofs_y = -2},
    {.bitmap_index = 17687, .adv_w = 384, .box_w = 23, .box_h = 22, .ofs_x = 0, .ofs_y = -2},
    {.bitmap_index = 17784, .adv_w = 384, .box_w = 23, .box_h = 23, .ofs_x = 0, .ofs_y = -3},
    {.bitmap_index = 17894, .adv_w = 384, .box_w = 22, .box_h = 22, .ofs_x = 1, .ofs_y = -2},
    {.bitmap_index = 17990, .adv_w = 384, .box_w = 24, .box_h = 22, .ofs_x = 0, .ofs_y = -2},
    {.bitmap_index = 18075, .adv_w = 384, .box_w = 23, .box_h = 24, .ofs_x = 0, .ofs_y = -3},
    {.bitmap_index = 18178, .adv_w = 384, .box_w = 22, .box_h = 22, .ofs_x = 1, .ofs_y = -2},
    {.bitmap_index = 18287, .adv_w = 384, .box_w = 23, .box_h = 23, .ofs_x = 0, .ofs_y = -3},
    {.bitmap_index = 18389, .adv_w = 384, .box_w = 24, .box_h = 23, .ofs_x = 0, .ofs_y = -3},
    {.bitmap_index = 18499, .adv_w = 384, .box_w = 22, .box_h = 23, .ofs_x = 1, .ofs_y = -3},
    {.bitmap_index = 18608, .adv_w = 384, .box_w = 23, .box_h = 23, .ofs_x = 1, .ofs_y = -3},
    {.bitmap_index = 18715, .adv_w = 384, .box_w = 21, .box_h = 23, .ofs_x = 1, .ofs_y = -3},
    {.bitmap_index = 18788, .adv_w = 384, .box_w = 22, .box_h = 23, .ofs_x = 1, .ofs_y = -3},
    {.bitmap_index = 18885, .adv_w = 384, .box_w = 22, .box_h = 22, .ofs_x = 1, .ofs_y = -3},
    {.bitmap_index = 18977, .adv_w = 384, .box_w = 22, .box_h = 22, .ofs_x = 1, .ofs_y = -3},
    {.bitmap_index = 19044, .adv_w = 384, .box_w = 23, .box_h = 23, .ofs_x = 0, .ofs_y = -3},
    {.bitmap_index = 19119, .adv_w = 384, .box_w = 23, .box_h = 23, .ofs_x = 0, .ofs_y = -3},
    {.bitmap_index = 19216, .adv_w = 384, .box_w = 23, .box_h = 23, .ofs_x = 0, .ofs_y = -3},
    {.bitmap_index = 19294, .adv_w = 384, .box_w = 23, .box_h = 23, .ofs_x = 1, .ofs_y = -3},
    {.bitmap_index = 19408, .adv_w = 384, .box_w = 24, .box_h = 23, .ofs_x = 0, .ofs_y = -3},
    {.bitmap_index = 19519, .adv_w = 384, .box_w = 23, .box_h = 23, .ofs_x = 0, .ofs_y = -3},
    {.bitmap_index = 19623, .adv_w = 384, .box_w = 24, .box_h = 23, .ofs_x = 0, .ofs_y = -3},
    {.bitmap_index = 19729, .adv_w = 384, .box_w = 24, .box_h = 23, .ofs_x = 0, .ofs_y = -3},
    {.bitmap_index = 19835, .adv_w = 384, .box_w = 22, .box_h = 23, .ofs_x = 1, .ofs_y = -3},
    {.bitmap_index = 19924, .adv_w = 384, .box_w = 24, .box_h = 23, .ofs_x = 0, .ofs_y = -3},
    {.bitmap_index = 20051, .adv_w = 384, .box_w = 24, .box_h = 22, .ofs_x = 0, .ofs_y = -2},
    {.bitmap_index = 20159, .adv_w = 384, .box_w = 23, .box_h = 21, .ofs_x = 0, .ofs_y = -2},
    {.bitmap_index = 20258, .adv_w = 384, .box_w = 24, .box_h = 23, .ofs_x = 0, .ofs_y = -3},
    {.bitmap_index = 20353, .adv_w = 384, .box_w = 23, .box_h = 22, .ofs_x = 0, .ofs_y = -2},
    {.bitmap_index = 20449, .adv_w = 384, .box_w = 23, .box_h = 23, .ofs_x = 0, .ofs_y = -3},
    {.bitmap_index = 20562, .adv_w = 384, .box_w = 23, .box_h = 23, .ofs_x = 0, .ofs_y = -3},
    {.bitmap_index = 20675, .adv_w = 384, .box_w = 23, .box_h = 23, .ofs_x = 1, .ofs_y = -3},
    {.bitmap_index = 20775, .adv_w = 384, .box_w = 23, .box_h = 23, .ofs_x = 0, .ofs_y = -3},
    {.bitmap_index = 20893, .adv_w = 384, .box_w = 24, .box_h = 23, .ofs_x = 0, .ofs_y = -3},
    {.bitmap_index = 21014, .adv_w = 384, .box_w = 24, .box_h = 23, .ofs_x = 0, .ofs_y = -3},
    {.bitmap_index = 21112, .adv_w = 384, .box_w = 24, .box_h = 23, .ofs_x = 0, .ofs_y = -3},
    {.bitmap_index = 21219, .adv_w = 384, .box_w = 23, .box_h = 22, .ofs_x = 0, .ofs_y = -2},
    {.bitmap_index = 21315, .adv_w = 384, .box_w = 24, .box_h = 23, .ofs_x = 0, .ofs_y = -3},
    {.bitmap_index = 21440, .adv_w = 384, .box_w = 24, .box_h = 23, .ofs_x = 0, .ofs_y = -3},
    {.bitmap_index = 21558, .adv_w = 384, .box_w = 24, .box_h = 22, .ofs_x = 0, .ofs_y = -2},
    {.bitmap_index = 21673, .adv_w = 384, .box_w = 24, .box_h = 23, .ofs_x = 0, .ofs_y = -3},
    {.bitmap_index = 21790, .adv_w = 384, .box_w = 24, .box_h = 23, .ofs_x = 0, .ofs_y = -3},
    {.bitmap_index = 21914, .adv_w = 384, .box_w = 23, .box_h = 23, .ofs_x = 0, .ofs_y = -3},
    {.bitmap_index = 22038, .adv_w = 384, .box_w = 22, .box_h = 23, .ofs_x = 1, .ofs_y = -3},
    {.bitmap_index = 22135, .adv_w = 384, .box_w = 22, .box_h = 23, .ofs_x = 1, .ofs_y = -3},
    {.bitmap_index = 22241, .adv_w = 384, .box_w = 24, .box_h = 23, .ofs_x = 0, .ofs_y = -3},
    {.bitmap_index = 22360, .adv_w = 384, .box_w = 22, .box_h = 23, .ofs_x = 1, .ofs_y = -3},
    {.bitmap_index = 22442, .adv_w = 384, .box_w = 22, .box_h = 21, .ofs_x = 1, .ofs_y = -3},
    {.bitmap_index = 22518, .adv_w = 384, .box_w = 23, .box_h = 23, .ofs_x = 1, .ofs_y = -3},
    {.bitmap_index = 22604, .adv_w = 384, .box_w = 20, .box_h = 22, .ofs_x = 2, .ofs_y = -3},
    {.bitmap_index = 22674, .adv_w = 384, .box_w = 23, .box_h = 22, .ofs_x = 1, .ofs_y = -3},
    {.bitmap_index = 22764, .adv_w = 384, .box_w = 22, .box_h = 21, .ofs_x = 1, .ofs_y = -2},
    {.bitmap_index = 22852, .adv_w = 384, .box_w = 23, .box_h = 22, .ofs_x = 0, .ofs_y = -2},
    {.bitmap_index = 22945, .adv_w = 384, .box_w = 21, .box_h = 22, .ofs_x = 1, .ofs_y = -2},
    {.bitmap_index = 23036, .adv_w = 384, .box_w = 21, .box_h = 22, .ofs_x = 1, .ofs_y = -2},
    {.bitmap_index = 23130, .adv_w = 384, .box_w = 22, .box_h = 22, .ofs_x = 1, .ofs_y = -3},
    {.bitmap_index = 23223, .adv_w = 384, .box_w = 22, .box_h = 22, .ofs_x = 1, .ofs_y = -3},
    {.bitmap_index = 23318, .adv_w = 384, .box_w = 23, .box_h = 23, .ofs_x = 0, .ofs_y = -3},
    {.bitmap_index = 23402, .adv_w = 384, .box_w = 23, .box_h = 22, .ofs_x = 0, .ofs_y = -3},
    {.bitmap_index = 23503, .adv_w = 384, .box_w = 23, .box_h = 23, .ofs_x = 0, .ofs_y = -3},
    {.bitmap_index = 23609, .adv_w = 384, .box_w = 24, .box_h = 22, .ofs_x = 0, .ofs_y = -2},
    {.bitmap_index = 23695, .adv_w = 384, .box_w = 22, .box_h = 22, .ofs_x = 1, .ofs_y = -2},
    {.bitmap_index = 23778, .adv_w = 384, .box_w = 24, .box_h = 23, .ofs_x = 0, .ofs_y = -3},
    {.bitmap_index = 23877, .adv_w = 384, .box_w = 24, .box_h = 22, .ofs_x = 0, .ofs_y = -2},
    {.bitmap_index = 23980, .adv_w = 384, .box_w = 23, .box_h = 22, .ofs_x = 1, .ofs_y = -2},
    {.bitmap_index = 24071, .adv_w = 384, .box_w = 23, .box_h = 23, .ofs_x = 1, .ofs_y = -3},
    {.bitmap_index = 24182, .adv_w = 384, .box_w = 22, .box_h = 22, .ofs_x = 1, .ofs_y = -2},
    {.bitmap_index = 24271, .adv_w = 384, .box_w = 24, .box_h = 22, .ofs_x = 0, .ofs_y = -2},
    {.bitmap_index = 24385, .adv_w = 384, .box_w = 22, .box_h = 21, .ofs_x = 1, .ofs_y = -2},
    {.bitmap_index = 24473, .adv_w = 384, .box_w = 22, .box_h = 22, .ofs_x = 1, .ofs_y = -2},
    {.bitmap_index = 24563, .adv_w = 384, .box_w = 24, .box_h = 23, .ofs_x = 0, .ofs_y = -3},
    {.bitmap_index = 24682, .adv_w = 384, .box_w = 24, .box_h = 23, .ofs_x = 0, .ofs_y = -3},
    {.bitmap_index = 24799, .adv_w = 384, .box_w = 23, .box_h = 22, .ofs_x = 0, .ofs_y = -2},
    {.bitmap_index = 24891, .adv_w = 384, .box_w = 24, .box_h = 23, .ofs_x = 0, .ofs_y = -3},
    {.bitmap_index = 24995, .adv_w = 384, .box_w = 23, .box_h = 22, .ofs_x = 0, .ofs_y = -2},
    {.bitmap_index = 25087, .adv_w = 384, .box_w = 24, .box_h = 22, .ofs_x = 0, .ofs_y = -2},
    {.bitmap_index = 25199, .adv_w = 384, .box_w = 23, .box_h = 23, .ofs_x = 0, .ofs_y = -3},
    {.bitmap_index = 25316, .adv_w = 384, .box_w = 24, .box_h = 23, .ofs_x = 0, .ofs_y = -3},
    {.bitmap_index = 25433, .adv_w = 384, .box_w = 22, .box_h = 20, .ofs_x = 1, .ofs_y = -1},
    {.bitmap_index = 25470, .adv_w = 384, .box_w = 21, .box_h = 20, .ofs_x = 1, .ofs_y = -2},
    {.bitmap_index = 25518, .adv_w = 384, .box_w = 22, .box_h = 22, .ofs_x = 1, .ofs_y = -3},
    {.bitmap_index = 25586, .adv_w = 384, .box_w = 22, .box_h = 23, .ofs_x = 1, .ofs_y = -3},
    {.bitmap_index = 25676, .adv_w = 384, .box_w = 23, .box_h = 23, .ofs_x = 0, .ofs_y = -3},
    {.bitmap_index = 25780, .adv_w = 384, .box_w = 23, .box_h = 23, .ofs_x = 1, .ofs_y = -3},
    {.bitmap_index = 25865, .adv_w = 384, .box_w = 23, .box_h = 23, .ofs_x = 1, .ofs_y = -3},
    {.bitmap_index = 25970, .adv_w = 384, .box_w = 22, .box_h = 22, .ofs_x = 1, .ofs_y = -2},
    {.bitmap_index = 26067, .adv_w = 384, .box_w = 22, .box_h = 23, .ofs_x = 1, .ofs_y = -3},
    {.bitmap_index = 26175, .adv_w = 384, .box_w = 23, .box_h = 23, .ofs_x = 1, .ofs_y = -3},
    {.bitmap_index = 26282, .adv_w = 384, .box_w = 22, .box_h = 23, .ofs_x = 1, .ofs_y = -3},
    {.bitmap_index = 26377, .adv_w = 384, .box_w = 22, .box_h = 23, .ofs_x = 1, .ofs_y = -3},
    {.bitmap_index = 26473, .adv_w = 384, .box_w = 23, .box_h = 23, .ofs_x = 0, .ofs_y = -3},
    {.bitmap_index = 26571, .adv_w = 384, .box_w = 23, .box_h = 23, .ofs_x = 0, .ofs_y = -3},
    {.bitmap_index = 26678, .adv_w = 384, .box_w = 24, .box_h = 23, .ofs_x = 0, .ofs_y = -3},
    {.bitmap_index = 26786, .adv_w = 384, .box_w = 21, .box_h = 22, .ofs_x = 1, .ofs_y = -2},
    {.bitmap_index = 26887, .adv_w = 384, .box_w = 24, .box_h = 23, .ofs_x = 0, .ofs_y = -3},
    {.bitmap_index = 27009, .adv_w = 384, .box_w = 22, .box_h = 23, .ofs_x = 1, .ofs_y = -3},
    {.bitmap_index = 27117, .adv_w = 384, .box_w = 23, .box_h = 23, .ofs_x = 1, .ofs_y = -3},
    {.bitmap_index = 27228, .adv_w = 384, .box_w = 23, .box_h = 23, .ofs_x = 1, .ofs_y = -3},
    {.bitmap_index = 27334, .adv_w = 384, .box_w = 22, .box_h = 23, .ofs_x = 1, .ofs_y = -3},
    {.bitmap_index = 27414, .adv_w = 384, .box_w = 23, .box_h = 23, .ofs_x = 1, .ofs_y = -3},
    {.bitmap_index = 27524, .adv_w = 384, .box_w = 22, .box_h = 23, .ofs_x = 1, .ofs_y = -3},
    {.bitmap_index = 27632, .adv_w = 384, .box_w = 24, .box_h = 22, .ofs_x = 0, .ofs_y = -2},
    {.bitmap_index = 27733, .adv_w = 384, .box_w = 22, .box_h = 22, .ofs_x = 1, .ofs_y = -3},
    {.bitmap_index = 27831, .adv_w = 384, .box_w = 23, .box_h = 22, .ofs_x = 0, .ofs_y = -2},
    {.bitmap_index = 27931, .adv_w = 384, .box_w = 23, .box_h = 22, .ofs_x = 0, .ofs_y = -3},
    {.bitmap_index = 28022, .adv_w = 384, .box_w = 24, .box_h = 22, .ofs_x = 0, .ofs_y = -3},
    {.bitmap_index = 28118, .adv_w = 384, .box_w = 23, .box_h = 22, .ofs_x = 0, .ofs_y = -2},
    {.bitmap_index = 28192, .adv_w = 384, .box_w = 20, .box_h = 22, .ofs_x = 1, .ofs_y = -3},
    {.bitmap_index = 28258, .adv_w = 384, .box_w = 20, .box_h = 23, .ofs_x = 2, .ofs_y = -3},
    {.bitmap_index = 28312, .adv_w = 384, .box_w = 22, .box_h = 22, .ofs_x = 2, .ofs_y = -2},
    {.bitmap_index = 28378, .adv_w = 384, .box_w = 21, .box_h = 22, .ofs_x = 1, .ofs_y = -3},
    {.bitmap_index = 28466, .adv_w = 384, .box_w = 23, .box_h = 23, .ofs_x = 1, .ofs_y = -3},
    {.bitmap_index = 28560, .adv_w = 384, .box_w = 22, .box_h = 22, .ofs_x = 1, .ofs_y = -2},
    {.bitmap_index = 28656, .adv_w = 384, .box_w = 24, .box_h = 22, .ofs_x = 0, .ofs_y = -2},
    {.bitmap_index = 28760, .adv_w = 384, .box_w = 20, .box_h = 23, .ofs_x = 2, .ofs_y = -3},
    {.bitmap_index = 28850, .adv_w = 384, .box_w = 24, .box_h = 23, .ofs_x = 0, .ofs_y = -3},
    {.bitmap_index = 28943, .adv_w = 384, .box_w = 24, .box_h = 23, .ofs_x = 0, .ofs_y = -2},
    {.bitmap_index = 29034, .adv_w = 384, .box_w = 22, .box_h = 22, .ofs_x = 1, .ofs_y = -2},
    {.bitmap_index = 29122, .adv_w = 384, .box_w = 23, .box_h = 22, .ofs_x = 0, .ofs_y = -2},
    {.bitmap_index = 29222, .adv_w = 384, .box_w = 23, .box_h = 23, .ofs_x = 1, .ofs_y = -4},
    {.bitmap_index = 29315, .adv_w = 384, .box_w = 22, .box_h = 22, .ofs_x = 1, .ofs_y = -2},
    {.bitmap_index = 29412, .adv_w = 384, .box_w = 22, .box_h = 22, .ofs_x = 1, .ofs_y = -3},
    {.bitmap_index = 29509, .adv_w = 384, .box_w = 22, .box_h = 23, .ofs_x = 1, .ofs_y = -3},
    {.bitmap_index = 29601, .adv_w = 384, .box_w = 23, .box_h = 22, .ofs_x = 0, .ofs_y = -3},
    {.bitmap_index = 29704, .adv_w = 384, .box_w = 23, .box_h = 22, .ofs_x = 0, .ofs_y = -3},
    {.bitmap_index = 29816, .adv_w = 384, .box_w = 23, .box_h = 23, .ofs_x = 0, .ofs_y = -3},
    {.bitmap_index = 29926, .adv_w = 384, .box_w = 22, .box_h = 22, .ofs_x = 1, .ofs_y = -3},
    {.bitmap_index = 30004, .adv_w = 384, .box_w = 22, .box_h = 23, .ofs_x = 1, .ofs_y = -3},
    {.bitmap_index = 30107, .adv_w = 384, .box_w = 22, .box_h = 22, .ofs_x = 1, .ofs_y = -2},
    {.bitmap_index = 30210, .adv_w = 384, .box_w = 23, .box_h = 22, .ofs_x = 0, .ofs_y = -2},
    {.bitmap_index = 30302, .adv_w = 384, .box_w = 23, .box_h = 24, .ofs_x = 1, .ofs_y = -3},
    {.bitmap_index = 30391, .adv_w = 384, .box_w = 22, .box_h = 22, .ofs_x = 1, .ofs_y = -2},
    {.bitmap_index = 30478, .adv_w = 384, .box_w = 24, .box_h = 23, .ofs_x = 0, .ofs_y = -3},
    {.bitmap_index = 30581, .adv_w = 384, .box_w = 23, .box_h = 23, .ofs_x = 0, .ofs_y = -3},
    {.bitmap_index = 30692, .adv_w = 384, .box_w = 21, .box_h = 23, .ofs_x = 1, .ofs_y = -3},
    {.bitmap_index = 30801, .adv_w = 384, .box_w = 24, .box_h = 24, .ofs_x = 0, .ofs_y = -3},
    {.bitmap_index = 30910, .adv_w = 384, .box_w = 23, .box_h = 22, .ofs_x = 0, .ofs_y = -2},
    {.bitmap_index = 31015, .adv_w = 384, .box_w = 22, .box_h = 23, .ofs_x = 1, .ofs_y = -3},
    {.bitmap_index = 31125, .adv_w = 384, .box_w = 21, .box_h = 22, .ofs_x = 2, .ofs_y = -3},
    {.bitmap_index = 31228, .adv_w = 384, .box_w = 22, .box_h = 23, .ofs_x = 1, .ofs_y = -3},
    {.bitmap_index = 31347, .adv_w = 384, .box_w = 23, .box_h = 23, .ofs_x = 1, .ofs_y = -3},
    {.bitmap_index = 31467, .adv_w = 384, .box_w = 24, .box_h = 23, .ofs_x = 0, .ofs_y = -3},
    {.bitmap_index = 31592, .adv_w = 384, .box_w = 22, .box_h = 21, .ofs_x = 1, .ofs_y = -2},
    {.bitmap_index = 31694, .adv_w = 384, .box_w = 22, .box_h = 23, .ofs_x = 1, .ofs_y = -3},
    {.bitmap_index = 31812, .adv_w = 384, .box_w = 23, .box_h = 23, .ofs_x = 0, .ofs_y = -3},
    {.bitmap_index = 31920, .adv_w = 384, .box_w = 23, .box_h = 22, .ofs_x = 1, .ofs_y = -2},
    {.bitmap_index = 32024, .adv_w = 384, .box_w = 24, .box_h = 23, .ofs_x = 0, .ofs_y = -3},
    {.bitmap_index = 32140, .adv_w = 384, .box_w = 23, .box_h = 22, .ofs_x = 0, .ofs_y = -2},
    {.bitmap_index = 32252, .adv_w = 384, .box_w = 23, .box_h = 23, .ofs_x = 0, .ofs_y = -3},
    {.bitmap_index = 32371, .adv_w = 384, .box_w = 23, .box_h = 21, .ofs_x = 0, .ofs_y = -2},
    {.bitmap_index = 32481, .adv_w = 384, .box_w = 24, .box_h = 22, .ofs_x = 0, .ofs_y = -2},
    {.bitmap_index = 32603, .adv_w = 384, .box_w = 24, .box_h = 23, .ofs_x = 0, .ofs_y = -3},
    {.bitmap_index = 32728, .adv_w = 384, .box_w = 23, .box_h = 23, .ofs_x = 0, .ofs_y = -3},
    {.bitmap_index = 32850, .adv_w = 384, .box_w = 20, .box_h = 21, .ofs_x = 2, .ofs_y = -2},
    {.bitmap_index = 32933, .adv_w = 384, .box_w = 22, .box_h = 21, .ofs_x = 1, .ofs_y = -2},
    {.bitmap_index = 33018, .adv_w = 384, .box_w = 22, .box_h = 23, .ofs_x = 1, .ofs_y = -3},
    {.bitmap_index = 33119, .adv_w = 384, .box_w = 22, .box_h = 22, .ofs_x = 1, .ofs_y = -2},
    {.bitmap_index = 33221, .adv_w = 384, .box_w = 23, .box_h = 23, .ofs_x = 0, .ofs_y = -3},
    {.bitmap_index = 33319, .adv_w = 384, .box_w = 24, .box_h = 22, .ofs_x = 0, .ofs_y = -2},
    {.bitmap_index = 33424, .adv_w = 384, .box_w = 23, .box_h = 22, .ofs_x = 0, .ofs_y = -2},
    {.bitmap_index = 33514, .adv_w = 384, .box_w = 23, .box_h = 22, .ofs_x = 1, .ofs_y = -2},
    {.bitmap_index = 33618, .adv_w = 384, .box_w = 22, .box_h = 23, .ofs_x = 1, .ofs_y = -3},
    {.bitmap_index = 33723, .adv_w = 384, .box_w = 18, .box_h = 22, .ofs_x = 3, .ofs_y = -2},
    {.bitmap_index = 33789, .adv_w = 384, .box_w = 22, .box_h = 20, .ofs_x = 1, .ofs_y = -2},
    {.bitmap_index = 33866, .adv_w = 384, .box_w = 24, .box_h = 23, .ofs_x = 0, .ofs_y = -3},
    {.bitmap_index = 33974, .adv_w = 384, .box_w = 22, .box_h = 22, .ofs_x = 1, .ofs_y = -2},
    {.bitmap_index = 34052, .adv_w = 384, .box_w = 23, .box_h = 22, .ofs_x = 1, .ofs_y = -2},
    {.bitmap_index = 34158, .adv_w = 384, .box_w = 24, .box_h = 22, .ofs_x = 0, .ofs_y = -2},
    {.bitmap_index = 34237, .adv_w = 384, .box_w = 23, .box_h = 23, .ofs_x = 1, .ofs_y = -3},
    {.bitmap_index = 34340, .adv_w = 384, .box_w = 23, .box_h = 22, .ofs_x = 0, .ofs_y = -2},
    {.bitmap_index = 34452, .adv_w = 384, .box_w = 24, .box_h = 22, .ofs_x = 0, .ofs_y = -3},
    {.bitmap_index = 34558, .adv_w = 384, .box_w = 23, .box_h = 23, .ofs_x = 0, .ofs_y = -3},
    {.bitmap_index = 34671, .adv_w = 384, .box_w = 24, .box_h = 23, .ofs_x = 0, .ofs_y = -3},
    {.bitmap_index = 34775, .adv_w = 384, .box_w = 22, .box_h = 23, .ofs_x = 1, .ofs_y = -3},
    {.bitmap_index = 34876, .adv_w = 384, .box_w = 21, .box_h = 23, .ofs_x = 1, .ofs_y = -3},
    {.bitmap_index = 34968, .adv_w = 384, .box_w = 23, .box_h = 22, .ofs_x = 0, .ofs_y = -2},
    {.bitmap_index = 35085, .adv_w = 384, .box_w = 24, .box_h = 23, .ofs_x = 0, .ofs_y = -3},
    {.bitmap_index = 35201, .adv_w = 384, .box_w = 22, .box_h = 22, .ofs_x = 1, .ofs_y = -2},
    {.bitmap_index = 35270, .adv_w = 384, .box_w = 22, .box_h = 21, .ofs_x = 1, .ofs_y = -2},
    {.bitmap_index = 35334, .adv_w = 384, .box_w = 23, .box_h = 23, .ofs_x = 1, .ofs_y = -3},
    {.bitmap_index = 35418, .adv_w = 384, .box_w = 23, .box_h = 23, .ofs_x = 1, .ofs_y = -3},
    {.bitmap_index = 35515, .adv_w = 384, .box_w = 24, .box_h = 23, .ofs_x = 0, .ofs_y = -3},
    {.bitmap_index = 35626, .adv_w = 384, .box_w = 23, .box_h = 22, .ofs_x = 1, .ofs_y = -2},
    {.bitmap_index = 35731, .adv_w = 384, .box_w = 22, .box_h = 23, .ofs_x = 1, .ofs_y = -3},
    {.bitmap_index = 35832, .adv_w = 384, .box_w = 22, .box_h = 23, .ofs_x = 1, .ofs_y = -3},
    {.bitmap_index = 35926, .adv_w = 384, .box_w = 24, .box_h = 22, .ofs_x = 0, .ofs_y = -2},
    {.bitmap_index = 36003, .adv_w = 384, .box_w = 24, .box_h = 23, .ofs_x = 0, .ofs_y = -3},
    {.bitmap_index = 36092, .adv_w = 384, .box_w = 23, .box_h = 23, .ofs_x = 0, .ofs_y = -3},
    {.bitmap_index = 36213, .adv_w = 384, .box_w = 22, .box_h = 23, .ofs_x = 1, .ofs_y = -3},
    {.bitmap_index = 36299, .adv_w = 384, .box_w = 23, .box_h = 23, .ofs_x = 1, .ofs_y = -3},
    {.bitmap_index = 36404, .adv_w = 384, .box_w = 22, .box_h = 22, .ofs_x = 1, .ofs_y = -2},
    {.bitmap_index = 36484, .adv_w = 384, .box_w = 23, .box_h = 22, .ofs_x = 0, .ofs_y = -2},
    {.bitmap_index = 36576, .adv_w = 384, .box_w = 24, .box_h = 23, .ofs_x = 0, .ofs_y = -3},
    {.bitmap_index = 36679, .adv_w = 384, .box_w = 23, .box_h = 23, .ofs_x = 1, .ofs_y = -3},
    {.bitmap_index = 36779, .adv_w = 384, .box_w = 23, .box_h = 23, .ofs_x = 1, .ofs_y = -3},
    {.bitmap_index = 36882, .adv_w = 384, .box_w = 22, .box_h = 23, .ofs_x = 1, .ofs_y = -3},
    {.bitmap_index = 36982, .adv_w = 384, .box_w = 22, .box_h = 22, .ofs_x = 1, .ofs_y = -3},
    {.bitmap_index = 37081, .adv_w = 384, .box_w = 22, .box_h = 23, .ofs_x = 1, .ofs_y = -3},
    {.bitmap_index = 37193, .adv_w = 384, .box_w = 24, .box_h = 23, .ofs_x = 0, .ofs_y = -3},
    {.bitmap_index = 37300, .adv_w = 384, .box_w = 23, .box_h = 23, .ofs_x = 0, .ofs_y = -3},
    {.bitmap_index = 37403, .adv_w = 384, .box_w = 22, .box_h = 23, .ofs_x = 1, .ofs_y = -3},
    {.bitmap_index = 37517, .adv_w = 384, .box_w = 24, .box_h = 23, .ofs_x = 0, .ofs_y = -3},
    {.bitmap_index = 37615, .adv_w = 384, .box_w = 24, .box_h = 22, .ofs_x = 0, .ofs_y = -2},
    {.bitmap_index = 37722, .adv_w = 384, .box_w = 24, .box_h = 23, .ofs_x = 0, .ofs_y = -3},
    {.bitmap_index = 37844, .adv_w = 384, .box_w = 22, .box_h = 22, .ofs_x = 1, .ofs_y = -3},
    {.bitmap_index = 37921, .adv_w = 384, .box_w = 23, .box_h = 23, .ofs_x = 0, .ofs_y = -3},
    {.bitmap_index = 38029, .adv_w = 384, .box_w = 23, .box_h = 23, .ofs_x = 0, .ofs_y = -3},
    {.bitmap_index = 38144, .adv_w = 384, .box_w = 23, .box_h = 22, .ofs_x = 1, .ofs_y = -2},
    {.bitmap_index = 38248, .adv_w = 384, .box_w = 24, .box_h = 23, .ofs_x = 0, .ofs_y = -3},
    {.bitmap_index = 38370, .adv_w = 384, .box_w = 23, .box_h = 23, .ofs_x = 1, .ofs_y = -3},
    {.bitmap_index = 38462, .adv_w = 384, .box_w = 22, .box_h = 22, .ofs_x = 1, .ofs_y = -3},
    {.bitmap_index = 38558, .adv_w = 384, .box_w = 23, .box_h = 22, .ofs_x = 0, .ofs_y = -3},
    {.bitmap_index = 38647, .adv_w = 384, .box_w = 23, .box_h = 23, .ofs_x = 1, .ofs_y = -3},
    {.bitmap_index = 38756, .adv_w = 384, .box_w = 22, .box_h = 22, .ofs_x = 1, .ofs_y = -2},
    {.bitmap_index = 38858, .adv_w = 384, .box_w = 23, .box_h = 23, .ofs_x = 0, .ofs_y = -3},
    {.bitmap_index = 38959, .adv_w = 384, .box_w = 24, .box_h = 22, .ofs_x = 0, .ofs_y = -3},
    {.bitmap_index = 39052, .adv_w = 384, .box_w = 23, .box_h = 22, .ofs_x = 1, .ofs_y = -2},
    {.bitmap_index = 39153, .adv_w = 384, .box_w = 23, .box_h = 23, .ofs_x = 0, .ofs_y = -3},
    {.bitmap_index = 39256, .adv_w = 384, .box_w = 22, .box_h = 23, .ofs_x = 1, .ofs_y = -3},
    {.bitmap_index = 39361, .adv_w = 384, .box_w = 23, .box_h = 23, .ofs_x = 1, .ofs_y = -3},
    {.bitmap_index = 39471, .adv_w = 384, .box_w = 24, .box_h = 23, .ofs_x = 0, .ofs_y = -3},
    {.bitmap_index = 39586, .adv_w = 384, .box_w = 24, .box_h = 22, .ofs_x = 0, .ofs_y = -3},
    {.bitmap_index = 39693, .adv_w = 384, .box_w = 23, .box_h = 23, .ofs_x = 0, .ofs_y = -3},
    {.bitmap_index = 39799, .adv_w = 384, .box_w = 23, .box_h = 23, .ofs_x = 1, .ofs_y = -3},
    {.bitmap_index = 39917, .adv_w = 384, .box_w = 24, .box_h = 23, .ofs_x = 0, .ofs_y = -3},
    {.bitmap_index = 40026, .adv_w = 384, .box_w = 23, .box_h = 22, .ofs_x = 0, .ofs_y = -3},
    {.bitmap_index = 40116, .adv_w = 384, .box_w = 22, .box_h = 22, .ofs_x = 1, .ofs_y = -2},
    {.bitmap_index = 40216, .adv_w = 384, .box_w = 23, .box_h = 23, .ofs_x = 1, .ofs_y = -3},
    {.bitmap_index = 40324, .adv_w = 384, .box_w = 24, .box_h = 22, .ofs_x = 0, .ofs_y = -2},
    {.bitmap_index = 40435, .adv_w = 384, .box_w = 22, .box_h = 21, .ofs_x = 1, .ofs_y = -2},
    {.bitmap_index = 40503, .adv_w = 384, .box_w = 22, .box_h = 22, .ofs_x = 1, .ofs_y = -2},
    {.bitmap_index = 40594, .adv_w = 384, .box_w = 22, .box_h = 21, .ofs_x = 1, .ofs_y = -2},
    {.bitmap_index = 40680, .adv_w = 384, .box_w = 24, .box_h = 22, .ofs_x = 0, .ofs_y = -2},
    {.bitmap_index = 40791, .adv_w = 384, .box_w = 23, .box_h = 22, .ofs_x = 0, .ofs_y = -2},
    {.bitmap_index = 40883, .adv_w = 384, .box_w = 22, .box_h = 23, .ofs_x = 0, .ofs_y = -3},
    {.bitmap_index = 40984, .adv_w = 384, .box_w = 24, .box_h = 23, .ofs_x = 0, .ofs_y = -3},
    {.bitmap_index = 41101, .adv_w = 384, .box_w = 23, .box_h = 22, .ofs_x = 0, .ofs_y = -2},
    {.bitmap_index = 41202, .adv_w = 384, .box_w = 20, .box_h = 23, .ofs_x = 2, .ofs_y = -3},
    {.bitmap_index = 41295, .adv_w = 384, .box_w = 20, .box_h = 23, .ofs_x = 2, .ofs_y = -3},
    {.bitmap_index = 41356, .adv_w = 384, .box_w = 20, .box_h = 23, .ofs_x = 2, .ofs_y = -3},
    {.bitmap_index = 41434, .adv_w = 384, .box_w = 20, .box_h = 23, .ofs_x = 2, .ofs_y = -3},
    {.bitmap_index = 41511, .adv_w = 384, .box_w = 21, .box_h = 23, .ofs_x = 2, .ofs_y = -3},
    {.bitmap_index = 41613, .adv_w = 384, .box_w = 21, .box_h = 23, .ofs_x = 2, .ofs_y = -3},
    {.bitmap_index = 41713, .adv_w = 384, .box_w = 23, .box_h = 23, .ofs_x = 1, .ofs_y = -3},
    {.bitmap_index = 41813, .adv_w = 384, .box_w = 23, .box_h = 21, .ofs_x = 1, .ofs_y = -2},
    {.bitmap_index = 41904, .adv_w = 384, .box_w = 22, .box_h = 23, .ofs_x = 2, .ofs_y = -3},
    {.bitmap_index = 42013, .adv_w = 384, .box_w = 23, .box_h = 23, .ofs_x = 1, .ofs_y = -3},
    {.bitmap_index = 42122, .adv_w = 384, .box_w = 22, .box_h = 22, .ofs_x = 1, .ofs_y = -2},
    {.bitmap_index = 42225, .adv_w = 384, .box_w = 22, .box_h = 22, .ofs_x = 1, .ofs_y = -2},
    {.bitmap_index = 42331, .adv_w = 384, .box_w = 22, .box_h = 23, .ofs_x = 1, .ofs_y = -3},
    {.bitmap_index = 42423, .adv_w = 384, .box_w = 22, .box_h = 23, .ofs_x = 1, .ofs_y = -3},
    {.bitmap_index = 42528, .adv_w = 384, .box_w = 24, .box_h = 23, .ofs_x = 0, .ofs_y = -3},
    {.bitmap_index = 42648, .adv_w = 384, .box_w = 22, .box_h = 21, .ofs_x = 1, .ofs_y = -2},
    {.bitmap_index = 42719, .adv_w = 384, .box_w = 22, .box_h = 23, .ofs_x = 1, .ofs_y = -3},
    {.bitmap_index = 42811, .adv_w = 384, .box_w = 22, .box_h = 22, .ofs_x = 1, .ofs_y = -3},
    {.bitmap_index = 42898, .adv_w = 384, .box_w = 23, .box_h = 23, .ofs_x = 0, .ofs_y = -3},
    {.bitmap_index = 43007, .adv_w = 384, .box_w = 22, .box_h = 22, .ofs_x = 1, .ofs_y = -3},
    {.bitmap_index = 43109, .adv_w = 384, .box_w = 24, .box_h = 23, .ofs_x = 0, .ofs_y = -3},
    {.bitmap_index = 43225, .adv_w = 384, .box_w = 23, .box_h = 22, .ofs_x = 1, .ofs_y = -3},
    {.bitmap_index = 43323, .adv_w = 384, .box_w = 22, .box_h = 22, .ofs_x = 1, .ofs_y = -2},
    {.bitmap_index = 43411, .adv_w = 384, .box_w = 23, .box_h = 23, .ofs_x = 0, .ofs_y = -3},
    {.bitmap_index = 43525, .adv_w = 384, .box_w = 22, .box_h = 23, .ofs_x = 1, .ofs_y = -3},
    {.bitmap_index = 43612, .adv_w = 384, .box_w = 23, .box_h = 23, .ofs_x = 1, .ofs_y = -3},
    {.bitmap_index = 43714, .adv_w = 384, .box_w = 23, .box_h = 23, .ofs_x = 1, .ofs_y = -3},
    {.bitmap_index = 43827, .adv_w = 384, .box_w = 8, .box_h = 22, .ofs_x = 14, .ofs_y = -2},
    {.bitmap_index = 43865, .adv_w = 384, .box_w = 8, .box_h = 22, .ofs_x = 2, .ofs_y = -2},
    {.bitmap_index = 43901, .adv_w = 384, .box_w = 4, .box_h = 8, .ofs_x = 3, .ofs_y = -4},
    {.bitmap_index = 43909, .adv_w = 384, .box_w = 4, .box_h = 10, .ofs_x = 4, .ofs_y = 0},
    {.bitmap_index = 43917, .adv_w = 384, .box_w = 4, .box_h = 14, .ofs_x = 4, .ofs_y = -4}
};

/*---------------------
 *  CHARACTER MAPPING
 *--------------------*/

static const uint16_t unicode_list_1[] = {
    0x0, 0x1f6c, 0x1f6d, 0x1f76, 0x2053, 0x24d2, 0x24d4, 0x24d6,
    0x251b, 0x251f, 0x2f51, 0x2f52, 0x4d50, 0x4d5a, 0x4d5b, 0x4d5d,
    0x4d5e, 0x4d72, 0x4d74, 0x4d75, 0x4d7a, 0x4d7d, 0x4d8a, 0x4d8b,
    0x4daf, 0x4dd9, 0x4ddb, 0x4dde, 0x4de2, 0x4df4, 0x4df7, 0x4e02,
    0x4e0a, 0x4e15, 0x4e1d, 0x4e1e, 0x4e35, 0x4e46, 0x4e4b, 0x4e61,
    0x4e68, 0x4e6a, 0x4e96, 0x4e9d, 0x4e9e, 0x4e9f, 0x4ea3, 0x4ea5,
    0x4ea9, 0x4eb0, 0x4ecf, 0x4eeb, 0x4f2d, 0x4f31, 0x4f76, 0x4f8c,
    0x4fac, 0x501f, 0x508f, 0x5098, 0x509b, 0x50b5, 0x50b8, 0x50c1,
    0x50c3, 0x50d5, 0x50dc, 0x50dd, 0x50e9, 0x5102, 0x5103, 0x5116,
    0x513d, 0x514a, 0x514b, 0x5156, 0x5157, 0x516a, 0x516b, 0x5170,
    0x517b, 0x5180, 0x5187, 0x519d, 0x51b9, 0x51ef, 0x51f0, 0x51f1,
    0x51f8, 0x5255, 0x52a5, 0x52b0, 0x52c3, 0x531a, 0x5321, 0x5326,
    0x5333, 0x533a, 0x533b, 0x533f, 0x5340, 0x5347, 0x5354, 0x535c,
    0x535e, 0x5361, 0x537c, 0x537f, 0x5396, 0x53a8, 0x53b2, 0x53c3,
    0x53cc, 0x53dc, 0x5411, 0x541d, 0x543d, 0x5474, 0x54ec, 0x55b8,
    0x562e, 0x5640, 0x564a, 0x564e, 0x5678, 0x5680, 0x5697, 0x56a7,
    0x57ee, 0x5840, 0x5857, 0x585d, 0x586a, 0x5877, 0x5879, 0x5881,
    0x5884, 0x58c3, 0x58cd, 0x591b, 0x59e2, 0x5aa7, 0x5aa8, 0x5ad9,
    0x5adc, 0x5aea, 0x5b03, 0x5b06, 0x5b16, 0x5b49, 0x5b4c, 0x5b56,
    0x5b5f, 0x5b6a, 0x5b81, 0x5b90, 0x5b92, 0x5b9f, 0x5d42, 0x5d77,
    0x5d88, 0x5da5, 0x5dc3, 0x5dc6, 0x5ddf, 0x5de4, 0x5de5, 0x5dfd,
    0x5e4a, 0x5e50, 0x5e53, 0x5e65, 0x5e89, 0x5ea3, 0x5ea5, 0x5ed5,
    0x5efe, 0x5f13, 0x5f15, 0x5f29, 0x5f51, 0x5f6d, 0x5f77, 0x5f7a,
    0x5fb2, 0x5fbf, 0x6015, 0x601a, 0x6021, 0x605f, 0x6160, 0x6161,
    0x6166, 0x6187, 0x618f, 0x6190, 0x619b, 0x61a3, 0x61b7, 0x61bb,
    0x61bc, 0x61e5, 0x61f2, 0x61f5, 0x6219, 0x6222, 0x6238, 0x6239,
    0x6251, 0x6252, 0x6257, 0x6259, 0x62b2, 0x62be, 0x62d8, 0x62f5,
    0x62f7, 0x6320, 0x636e, 0x6394, 0x63c8, 0x63fd, 0x648e, 0x6498,
    0x64c0, 0x64d7, 0x64fd, 0x6500, 0x6509, 0x6530, 0x6546, 0x655e,
    0x657f, 0x658e, 0x65be, 0x65ca, 0x65d2, 0x6644, 0x6650, 0x6659,
    0x665d, 0x666f, 0x667a, 0x667c, 0x668a, 0x6693, 0x66af, 0x66b1,
    0x66b5, 0x66ce, 0x66ec, 0x6735, 0x6758, 0x6771, 0x6787, 0x678c,
    0x67b3, 0x6810, 0x697a, 0x6a71, 0x6ab2, 0x6ab3, 0x6ab4, 0x6ab5,
    0x6b05, 0x6b64, 0x6b88, 0x6b92, 0x6c25, 0x6c33, 0x6c38, 0x6c8b,
    0x6c9b, 0x6c9f, 0x6cd8, 0x6d05, 0x6d4b, 0x6d55, 0x6de0, 0x6fc5,
    0x7009, 0x703d, 0x7181, 0x7188, 0x7198, 0x7206, 0x7300, 0x7356,
    0x746f, 0x7478, 0x7481, 0x7485, 0x7487, 0x749c, 0x74a9, 0x75cb,
    0x75d4, 0x7621, 0x7626, 0x7644, 0x765b, 0x7670, 0x7678, 0x768c,
    0x7735, 0x7751, 0x77bc, 0x77be, 0x788a, 0x790b, 0x7911, 0x795b,
    0x79ca, 0x7a1b, 0x7a2e, 0x7a3f, 0x7a61, 0x7a99, 0x7af1, 0x7c4b,
    0x7c7f, 0x7d91, 0x7df7, 0x7e0f, 0x7e1f, 0x7e21, 0x7e23, 0x7e29,
    0x7e2c, 0x7e2d, 0x7e2f, 0x7e37, 0x7e3a, 0x7e3d, 0x7e63, 0x7ea1,
    0x7ebe, 0x7ede, 0x7eee, 0x7f53, 0x7f96, 0x7f9a, 0x7fa4, 0x804d,
    0x813a, 0x8143, 0x817a, 0x81c2, 0x832c, 0x879c, 0x87b8, 0x87fb,
    0x88d1, 0x88d6, 0x8916, 0x8918, 0x8922, 0x8933, 0x8936, 0x8af1,
    0x8af9, 0x8aff, 0x8b02, 0x8b06, 0x8b0a, 0x8b0e, 0x8b0f, 0x8b11,
    0x8b16, 0x8b1a, 0x8b1d, 0x8b25, 0x8b2d, 0x8b36, 0x8b3d, 0x8b3f,
    0x8b44, 0x8b47, 0x8b53, 0x8bb1, 0x8c75, 0x8c76, 0x8c94, 0x8cc7,
    0x8cd5, 0x8cf3, 0x8d03, 0x8d43, 0x8ebc, 0x8ecb, 0x8ee3, 0x8f17,
    0x8f20, 0x8f21, 0x8f24, 0x8f29, 0x8f2b, 0x8f2c, 0x8f2e, 0x8f50,
    0x8f51, 0x8f59, 0x8f62, 0x8f67, 0x8f6a, 0x8fa7, 0x904d, 0x909d,
    0x90c7, 0x90e2, 0x9117, 0x911c, 0x911d, 0x911f, 0x93eb, 0x93ef,
    0x93f5, 0x9413, 0x9469, 0x953d, 0x953e, 0x9542, 0x9544, 0x9558,
    0x9582, 0x9586, 0x9595, 0x95b4, 0x95e0, 0x960e, 0x9616, 0x9650,
    0x9657, 0x96a9, 0x96b2, 0x9743, 0x97c5, 0x97cb, 0x97d4, 0x97e1,
    0x981e, 0x98e6, 0x99dc, 0x9a28, 0x9df6, 0x9ed4, 0xfe58, 0xfe59,
    0xfe5c, 0xfe6a, 0xfe6b
};

/*Collect the unicode lists and glyph_id offsets*/
static const lv_font_fmt_txt_cmap_t cmaps[] =
{
    {
        .range_start = 32, .range_length = 95, .glyph_id_start = 1,
        .unicode_list = NULL, .glyph_id_ofs_list = NULL, .list_length = 0, .type = LV_FONT_FMT_TXT_CMAP_FORMAT0_TINY
    },
    {
        .range_start = 176, .range_length = 65132, .glyph_id_start = 96,
        .unicode_list = unicode_list_1, .glyph_id_ofs_list = NULL, .list_length = 451, .type = LV_FONT_FMT_TXT_CMAP_SPARSE_TINY
    }
};



/*--------------------
 *  ALL CUSTOM DATA
 *--------------------*/

#if LVGL_VERSION_MAJOR == 8
/*Store all the custom data of the font*/
static  lv_font_fmt_txt_glyph_cache_t cache;
#endif

#if LVGL_VERSION_MAJOR >= 8
static const lv_font_fmt_txt_dsc_t font_dsc = {
#else
static lv_font_fmt_txt_dsc_t font_dsc = {
#endif
    .glyph_bitmap = glyph_bitmap,
    .glyph_dsc = glyph_dsc,
    .cmaps = cmaps,
    .kern_dsc = NULL,
    .kern_scale = 0,
    .cmap_num = 2,
    .bpp = 2,
    .kern_classes = 0,
    .bitmap_format = 1,
#if LVGL_VERSION_MAJOR == 8
    .cache = &cache
#endif
};

extern const lv_font_t ui_font_cn_16;


/*-----------------
 *  PUBLIC FONT
 *----------------*/

/*Initialize a public general font descriptor*/
#if LVGL_VERSION_MAJOR >= 8
const lv_font_t ui_font_cn_24 = {
#else
lv_font_t ui_font_cn_24 = {
#endif
    .get_glyph_dsc = lv_font_get_glyph_dsc_fmt_txt,    /*Function pointer to get glyph's data*/
    .get_glyph_bitmap = lv_font_get_bitmap_fmt_txt,    /*Function pointer to get glyph's bitmap*/
    .line_height = 25,          /*The maximum line height required by the font*/
    .base_line = 4,             /*Baseline measured from the bottom of the line*/
#if !(LVGL_VERSION_MAJOR == 6 && LVGL_VERSION_MINOR == 0)
    .subpx = LV_FONT_SUBPX_NONE,
#endif
#if LV_VERSION_CHECK(7, 4, 0) || LVGL_VERSION_MAJOR >= 8
    .underline_position = -2,
    .underline_thickness = 1,
#endif
    .dsc = &font_dsc,          /*The custom font data. Will be accessed by `get_glyph_bitmap/dsc` */
#if LV_VERSION_CHECK(8, 2, 0) || LVGL_VERSION_MAJOR >= 9
    .fallback = &ui_font_cn_16,
#endif
    .user_data = NULL,
};



#endif /*#if UI_FONT_CN_24*/
